Generating request from task 0, time: 1787689199.5665212
Generating request from task 1, time: 1787689199.567371
Generating request from task 2, time: 1787689199.5677218
Generating request from task 3, time: 1787689199.568007
Generating request from task 4, time: 1787689199.568355
Generating request from task 5, time: 1787689199.5686727
Generating request from task 6, time: 1787689199.569024
Generating request from task 7, time: 1787689199.569313
Generating request from task 8, time: 1787689199.5695853
Generating request from task 9, time: 1787689199.5698555
Generating request from task 10, time: 1787689199.5701375
Generating request from task 11, time: 1787689199.5703998
Generating request from task 12, time: 1787689199.5710216
Generating request from task 13, time: 1787689202.6265967
Generating request from task 14, time: 1787689202.6271882
Generating request from task 15, time: 1787689202.6279032
Generating request from task 16, time: 1787689202.6288493
Generating request from task 17, time: 1787689202.6298654
Generating request from task 18, time: 1787689202.630865
Generating request from task 19, time: 1787689202.6318774
Generating request from task 20, time: 1787689202.6328957
Generating request from task 21, time: 1787689202.6338508
Generating request from task 22, time: 1787689202.6348362
Generating request from task 23, time: 1787689202.6358137
Generating request from task 24, time: 1787689202.637092
Generating request from task 25, time: 1787689202.6378875
Generating request from task 26, time: 1787689202.6388788
Added task 23, time: 1787689202.9770663
Added task 14, time: 1787689203.0631006
Added task 17, time: 1787689203.0944593
Output for task 23: tc(30);, time: 1787689203.098853
Start executing task 23 for agent 22 on time 1787689203.1027045 with plan tc(30);
Added task 18, time: 1787689203.1291099
Output for task 14: mu(40);, time: 1787689203.1333613
Start executing task 14 for agent 13 on time 1787689203.134844 with plan mu(40);
Output for task 17: md(40);, time: 1787689203.145942
Start executing task 17 for agent 16 on time 1787689203.148081 with plan md(40);
Added task 19, time: 1787689203.1712008
Output for task 18: ?iv('keys'), time: 1787689203.1743906
Start executing task 18 for agent 17 on time 1787689203.176544 with plan ?iv('keys')
Finish executing task 18 for agent 17 on time 1787689203.1778076 with plan ?iv('keys')
Added task 18, time: 1787689203.1971335
Added task 20, time: 1787689203.2210732
Added task 21, time: 1787689203.2382803
Added task 24, time: 1787689203.25397
Added task 25, time: 1787689203.2687287
Added task 26, time: 1787689203.2838662
Output for task 19: ?s('scissors')==True{, time: 1787689203.2846184
Start executing task 19 for agent 18 on time 1787689203.2865946 with plan ?s('scissors')==True{
Output for task 18: &iv('wallet'), time: 1787689203.287955
Start executing task 18 for agent 17 on time 1787689203.2890697 with plan &iv('wallet')
Finish executing task 18 for agent 17 on time 1787689203.290433 with plan &iv('wallet')
Added task 18, time: 1787689203.2950492
Added task 23, time: 1787689203.3021054
Added task 19, time: 1787689203.3066015
Output for task 20: mu(40);, time: 1787689203.3066936
Start executing task 20 for agent 19 on time 1787689203.3085706 with plan mu(40);
Added task 14, time: 1787689203.311915
Added task 17, time: 1787689203.3248723
Added task 20, time: 1787689203.346605
Output for task 21: ?iv('keys'), time: 1787689203.3467371
Start executing task 21 for agent 20 on time 1787689203.3489702 with plan ?iv('keys')
Finish executing task 21 for agent 20 on time 1787689203.3503942 with plan ?iv('keys')
Added task 21, time: 1787689203.3589165
Output for task 23: , time: 1787689203.3590572
Output for task 24: ?iv('keys'), time: 1787689203.3736243
Output for task 26: md(40);, time: 1787689203.375317
Start executing task 24 for agent 23 on time 1787689203.3755221 with plan ?iv('keys')
Finish executing task 24 for agent 23 on time 1787689203.3769786 with plan ?iv('keys')
Start executing task 26 for agent 25 on time 1787689203.3781886 with plan md(40);
Output for task 25: ?s('cat')==True{, time: 1787689203.3818648
Output for task 18: ->{l('Yes');, time: 1787689203.3831472
Start executing task 18 for agent 17 on time 1787689203.3839269 with plan ->{l('Yes');
Output for task 19: g('scissors'), time: 1787689203.3842015
Start executing task 25 for agent 24 on time 1787689203.3842554 with plan ?s('cat')==True{
Finish executing task 18 for agent 17 on time 1787689203.3852673 with plan ->{l('Yes');
Added task 18, time: 1787689203.3928168
Added task 24, time: 1787689203.4033124
Output for task 14: ?iv('book')==True{, time: 1787689203.4034512
Output for task 17: ?iv('toy')==True{, time: 1787689203.4054308
Output for task 20: ?iv('book')==True{, time: 1787689203.4136133
Output for task 21: &iv('wallet'), time: 1787689203.4170957
Start executing task 21 for agent 20 on time 1787689203.418456 with plan &iv('wallet')
Finish executing task 21 for agent 20 on time 1787689203.4197803 with plan &iv('wallet')
Added task 21, time: 1787689203.439665
Output for task 18: ->True}l('No');, time: 1787689203.4504507
Output for task 24: &iv('wallet'), time: 1787689203.4515753
Start executing task 18 for agent 17 on time 1787689203.451959 with plan ->True}l('No');
Start executing task 24 for agent 23 on time 1787689203.4532633 with plan &iv('wallet')
Finish executing task 18 for agent 17 on time 1787689203.4534035 with plan ->True}l('No');
Finish executing task 24 for agent 23 on time 1787689203.4547157 with plan &iv('wallet')
Added task 24, time: 1787689203.4713943
Output for task 21: ->{l('Yes');, time: 1787689203.4846187
Start executing task 21 for agent 20 on time 1787689203.4856591 with plan ->{l('Yes');
Finish executing task 21 for agent 20 on time 1787689203.4870174 with plan ->{l('Yes');
Added task 21, time: 1787689203.509512
Added task 18, time: 1787689203.5242255
Added task 25, time: 1787689203.5372553
Added task 14, time: 1787689203.548866
Added task 17, time: 1787689203.559565
Output for task 24: ->{l('Yes');, time: 1787689203.5597672
Start executing task 24 for agent 23 on time 1787689203.5606806 with plan ->{l('Yes');
Finish executing task 24 for agent 23 on time 1787689203.562231 with plan ->{l('Yes');
Added task 24, time: 1787689203.569688
Added task 20, time: 1787689203.5815241
Added task 26, time: 1787689203.5874205
Added task 19, time: 1787689203.5945506
Output for task 18: ->False, time: 1787689203.601606
Output for task 14: tp()}, time: 1787689203.6068423
Start executing task 18 for agent 17 on time 1787689203.610349 with plan ->False
Finish executing task 18 for agent 17 on time 1787689203.610642 with plan ->False
Output for task 21: ->True}l('No');, time: 1787689203.611667
Output for task 25: g('cat'), time: 1787689203.6126025
Start executing task 21 for agent 20 on time 1787689203.6130724 with plan ->True}l('No');
Finish executing task 21 for agent 20 on time 1787689203.614423 with plan ->True}l('No');
Output for task 17: g('toy')}, time: 1787689203.6345868
Output for task 20: tp()}, time: 1787689203.6358051
Output for task 19: }->False, time: 1787689203.6384442
Output for task 24: ->True}l('No');, time: 1787689203.6515284
Start executing task 24 for agent 23 on time 1787689203.6531847 with plan ->True}l('No');
Finish executing task 24 for agent 23 on time 1787689203.6545856 with plan ->True}l('No');
Added task 24, time: 1787689203.6695318
Added task 21, time: 1787689203.6807024
Output for task 26: ?iv('toy')==True{, time: 1787689203.6808913
Added task 14, time: 1787689203.6904502
Added task 20, time: 1787689203.6981509
Added task 26, time: 1787689203.7042892
Added task 25, time: 1787689203.7195942
Added task 17, time: 1787689203.7321253
Output for task 24: ->False, time: 1787689203.7582111
Output for task 21: ->False, time: 1787689203.762474
Start executing task 24 for agent 23 on time 1787689203.767493 with plan ->False
Output for task 14: ->False, time: 1787689203.767631
Output for task 20: ->False, time: 1787689203.7678087
Finish executing task 24 for agent 23 on time 1787689203.7678368 with plan ->False
Output for task 25: };, time: 1787689203.7680292
Output for task 26: g('toy')}, time: 1787689203.7694821
Start executing task 21 for agent 20 on time 1787689203.772096 with plan ->False
Finish executing task 21 for agent 20 on time 1787689203.7724614 with plan ->False
Added task 26, time: 1787689203.7745395
Output for task 17: ->False, time: 1787689203.7747123
Output for task 26: ->False, time: 1787689203.8017192
Finish executing task 19 for agent 18 on time 1787689204.8433766 with plan ?s('scissors')==True{
Start executing task 19 for agent 18 on time 1787689204.8437352 with plan g('scissors')
Finish executing task 14 for agent 13 on time 1787689205.6348603 with plan mu(40);
Start executing task 14 for agent 13 on time 1787689205.6352737 with plan ?iv('book')==True{
Finish executing task 14 for agent 13 on time 1787689205.636642 with plan ?iv('book')==True{
Start executing task 14 for agent 13 on time 1787689205.636818 with plan tp()}
Finish executing task 14 for agent 13 on time 1787689205.6381032 with plan tp()}
Start executing task 14 for agent 13 on time 1787689205.6382244 with plan ->False
Finish executing task 14 for agent 13 on time 1787689205.6384366 with plan ->False
Finish executing task 23 for agent 22 on time 1787689205.6932163 with plan tc(30);
Start executing task 23 for agent 22 on time 1787689205.6936026 with plan 
Finish executing task 23 for agent 22 on time 1787689205.6938434 with plan 
Finish executing task 17 for agent 16 on time 1787689205.7429097 with plan md(40);
Start executing task 17 for agent 16 on time 1787689205.74314 with plan ?iv('toy')==True{
Finish executing task 17 for agent 16 on time 1787689205.7443776 with plan ?iv('toy')==True{
Start executing task 17 for agent 16 on time 1787689205.7445002 with plan g('toy')}
Finish executing task 20 for agent 19 on time 1787689205.8085103 with plan mu(40);
Start executing task 20 for agent 19 on time 1787689205.8088658 with plan ?iv('book')==True{
Finish executing task 20 for agent 19 on time 1787689205.8101928 with plan ?iv('book')==True{
Start executing task 20 for agent 19 on time 1787689205.8103368 with plan tp()}
Finish executing task 20 for agent 19 on time 1787689205.811576 with plan tp()}
Start executing task 20 for agent 19 on time 1787689205.8117108 with plan ->False
Finish executing task 20 for agent 19 on time 1787689205.811929 with plan ->False
Finish executing task 26 for agent 25 on time 1787689205.9730375 with plan md(40);
Start executing task 26 for agent 25 on time 1787689205.973395 with plan ?iv('toy')==True{
Finish executing task 26 for agent 25 on time 1787689205.9747925 with plan ?iv('toy')==True{
Start executing task 26 for agent 25 on time 1787689205.9749887 with plan g('toy')}
Finish executing task 25 for agent 24 on time 1787689207.0978951 with plan ?s('cat')==True{
Start executing task 25 for agent 24 on time 1787689207.0982492 with plan g('cat')
Finish executing task 19 for agent 18 on time 1787689207.305377 with plan g('scissors')
Start executing task 19 for agent 18 on time 1787689207.3056872 with plan }->False
Finish executing task 19 for agent 18 on time 1787689207.306001 with plan }->False
Finish executing task 17 for agent 16 on time 1787689208.4513342 with plan g('toy')}
Start executing task 17 for agent 16 on time 1787689208.4516861 with plan ->False
Finish executing task 17 for agent 16 on time 1787689208.452051 with plan ->False
Finish executing task 26 for agent 25 on time 1787689208.6819525 with plan g('toy')}
Start executing task 26 for agent 25 on time 1787689208.6823814 with plan ->False
Finish executing task 26 for agent 25 on time 1787689208.6827693 with plan ->False
Finish executing task 25 for agent 24 on time 1787689209.559894 with plan g('cat')
Start executing task 25 for agent 24 on time 1787689209.5602705 with plan };
Finish executing task 25 for agent 24 on time 1787689209.5605621 with plan };
Generating request from task 27, time: 1787689210.5369813
Generating request from task 28, time: 1787689210.5377953
Generating request from task 29, time: 1787689210.538317
Generating request from task 30, time: 1787689210.5390828
Generating request from task 31, time: 1787689210.5400465
Generating request from task 32, time: 1787689210.5410807
Generating request from task 33, time: 1787689210.5421922
Generating request from task 34, time: 1787689210.5431156
Generating request from task 35, time: 1787689210.5440772
Generating request from task 36, time: 1787689210.5450413
Generating request from task 37, time: 1787689210.5460126
Added task 27, time: 1787689210.567126
Added task 30, time: 1787689210.5872135
Added task 31, time: 1787689210.6059997
Added task 35, time: 1787689210.6706877
Output for task 27: tc(45);, time: 1787689210.6780133
Start executing task 27 for agent 9 on time 1787689210.6810052 with plan tc(45);
Added task 33, time: 1787689210.6974368
Output for task 31: tc(30);, time: 1787689210.697582
Start executing task 31 for agent 0 on time 1787689210.6999202 with plan tc(30);
Output for task 30: ?iv('boy')==True{, time: 1787689210.7026522
Start executing task 30 for agent 23 on time 1787689210.704294 with plan ?iv('boy')==True{
Added task 30, time: 1787689210.7117598
Added task 31, time: 1787689210.7190464
Added task 27, time: 1787689210.7258823
Added task 28, time: 1787689210.7461255
Added task 29, time: 1787689210.7625942
Output for task 35: ?iv('boy')==True{, time: 1787689210.7633681
Output for task 31: , time: 1787689210.7646494
Start executing task 35 for agent 7 on time 1787689210.7649062 with plan ?iv('boy')==True{
Output for task 33: tc(30);, time: 1787689210.7654216
Output for task 27: , time: 1787689210.7665315
Output for task 30: tc(45)}, time: 1787689210.7671866
Start executing task 33 for agent 3 on time 1787689210.7673712 with plan tc(30);
Added task 35, time: 1787689210.7761693
Added task 33, time: 1787689210.7816377
Added task 32, time: 1787689210.7972178
Added task 34, time: 1787689210.8099098
Added task 36, time: 1787689210.8233817
Output for task 28: ?iv('keys'), time: 1787689210.8234801
Start executing task 28 for agent 17 on time 1787689210.8247385 with plan ?iv('keys')
Output for task 29: mu(40);, time: 1787689210.825522
Finish executing task 28 for agent 17 on time 1787689210.826303 with plan ?iv('keys')
Output for task 33: , time: 1787689210.8266597
Start executing task 29 for agent 20 on time 1787689210.827536 with plan mu(40);
Output for task 35: tc(45)}, time: 1787689210.8383222
Added task 28, time: 1787689210.848727
Added task 37, time: 1787689210.862893
Added task 30, time: 1787689210.8679788
Output for task 32: ?iv('keys'), time: 1787689210.8680768
Output for task 34: mu(40);, time: 1787689210.8692093
Start executing task 32 for agent 4 on time 1787689210.8699367 with plan ?iv('keys')
Start executing task 34 for agent 5 on time 1787689210.8711507 with plan mu(40);
Finish executing task 32 for agent 4 on time 1787689210.8715148 with plan ?iv('keys')
Added task 32, time: 1787689210.875669
Output for task 36: mu(40);, time: 1787689210.8757627
Start executing task 36 for agent 1 on time 1787689210.8776164 with plan mu(40);
Added task 35, time: 1787689210.8857834
Output for task 28: &iv('wallet'), time: 1787689210.90644
Start executing task 28 for agent 17 on time 1787689210.9078438 with plan &iv('wallet')
Finish executing task 28 for agent 17 on time 1787689210.9092443 with plan &iv('wallet')
Output for task 37: md(40);, time: 1787689210.9118454
Output for task 30: ->False;, time: 1787689210.9131997
Start executing task 37 for agent 8 on time 1787689210.9139028 with plan md(40);
Output for task 35: ->False;, time: 1787689210.9179645
Output for task 32: &iv('wallet'), time: 1787689210.9243627
Start executing task 32 for agent 4 on time 1787689210.9254599 with plan &iv('wallet')
Finish executing task 32 for agent 4 on time 1787689210.9267747 with plan &iv('wallet')
Added task 32, time: 1787689210.9345398
Added task 28, time: 1787689210.9423537
Added task 29, time: 1787689210.9477532
Added task 34, time: 1787689210.9564853
Added task 36, time: 1787689210.9799683
Added task 37, time: 1787689210.9939172
Output for task 32: ->{l('Yes');, time: 1787689211.0026128
Start executing task 32 for agent 4 on time 1787689211.0040991 with plan ->{l('Yes');
Finish executing task 32 for agent 4 on time 1787689211.0053852 with plan ->{l('Yes');
Output for task 28: ->{l('Yes');, time: 1787689211.0155313
Start executing task 28 for agent 17 on time 1787689211.0169888 with plan ->{l('Yes');
Finish executing task 28 for agent 17 on time 1787689211.0183613 with plan ->{l('Yes');
Added task 28, time: 1787689211.0255518
Added task 32, time: 1787689211.030245
Output for task 29: ?iv('book')==True{, time: 1787689211.0304134
Added task 29, time: 1787689211.0357654
Output for task 34: ?iv('book')==True{, time: 1787689211.0359259
Added task 34, time: 1787689211.0458941
Output for task 36: ?iv('book')==True{, time: 1787689211.046061
Added task 36, time: 1787689211.0652378
Output for task 37: ?iv('toy')==True{, time: 1787689211.0777588
Output for task 29: tp()}, time: 1787689211.0787642
Output for task 34: tp()}, time: 1787689211.079567
Output for task 36: tp()}, time: 1787689211.0869863
Output for task 28: ->True}l('No');, time: 1787689211.0933685
Start executing task 28 for agent 17 on time 1787689211.0941284 with plan ->True}l('No');
Finish executing task 28 for agent 17 on time 1787689211.0955372 with plan ->True}l('No');
Output for task 32: ->True}l('No');, time: 1787689211.0997715
Start executing task 32 for agent 4 on time 1787689211.1004188 with plan ->True}l('No');
Finish executing task 32 for agent 4 on time 1787689211.1017182 with plan ->True}l('No');
Added task 32, time: 1787689211.1061785
Added task 28, time: 1787689211.1116846
Added task 29, time: 1787689211.1188169
Added task 34, time: 1787689211.132603
Added task 36, time: 1787689211.1501863
Output for task 32: ->False, time: 1787689211.1581628
Output for task 28: ->False, time: 1787689211.1584003
Start executing task 32 for agent 4 on time 1787689211.1602395 with plan ->False
Start executing task 28 for agent 17 on time 1787689211.160505 with plan ->False
Finish executing task 32 for agent 4 on time 1787689211.160754 with plan ->False
Finish executing task 28 for agent 17 on time 1787689211.1608438 with plan ->False
Added task 37, time: 1787689211.162678
Output for task 29: ->False, time: 1787689211.1628482
Output for task 34: ->False, time: 1787689211.166596
Output for task 36: ->False, time: 1787689211.1825824
Output for task 37: g('toy')}, time: 1787689211.1948786
Added task 37, time: 1787689211.199357
Output for task 37: ->False, time: 1787689211.226528
Generating request from task 38, time: 1787689211.3073964
Added task 38, time: 1787689211.3239625
Output for task 38: tc(30);, time: 1787689211.363534
Start executing task 38 for agent 11 on time 1787689211.3662722 with plan tc(30);
Added task 38, time: 1787689211.368601
Output for task 38: , time: 1787689211.399398
Finish executing task 27 for agent 9 on time 1787689212.7900634 with plan tc(45);
Start executing task 27 for agent 9 on time 1787689212.79042 with plan 
Finish executing task 27 for agent 9 on time 1787689212.7906792 with plan 
Finish executing task 31 for agent 0 on time 1787689213.2868123 with plan tc(30);
Start executing task 31 for agent 0 on time 1787689213.2871926 with plan 
Finish executing task 31 for agent 0 on time 1787689213.2874703 with plan 
Finish executing task 29 for agent 20 on time 1787689213.3274722 with plan mu(40);
Start executing task 29 for agent 20 on time 1787689213.3277786 with plan ?iv('book')==True{
Finish executing task 29 for agent 20 on time 1787689213.3291252 with plan ?iv('book')==True{
Start executing task 29 for agent 20 on time 1787689213.3292706 with plan tp()}
Finish executing task 29 for agent 20 on time 1787689213.33052 with plan tp()}
Start executing task 29 for agent 20 on time 1787689213.330643 with plan ->False
Finish executing task 29 for agent 20 on time 1787689213.3308368 with plan ->False
Finish executing task 33 for agent 3 on time 1787689213.3543875 with plan tc(30);
Start executing task 33 for agent 3 on time 1787689213.3546908 with plan 
Finish executing task 33 for agent 3 on time 1787689213.354948 with plan 
Finish executing task 34 for agent 5 on time 1787689213.371076 with plan mu(40);
Start executing task 34 for agent 5 on time 1787689213.3713894 with plan ?iv('book')==True{
Finish executing task 34 for agent 5 on time 1787689213.3727496 with plan ?iv('book')==True{
Start executing task 34 for agent 5 on time 1787689213.372906 with plan tp()}
Finish executing task 34 for agent 5 on time 1787689213.374149 with plan tp()}
Start executing task 34 for agent 5 on time 1787689213.3742657 with plan ->False
Finish executing task 34 for agent 5 on time 1787689213.3744776 with plan ->False
Finish executing task 36 for agent 1 on time 1787689213.377539 with plan mu(40);
Start executing task 36 for agent 1 on time 1787689213.3778555 with plan ?iv('book')==True{
Finish executing task 36 for agent 1 on time 1787689213.3791854 with plan ?iv('book')==True{
Start executing task 36 for agent 1 on time 1787689213.3793366 with plan tp()}
Finish executing task 36 for agent 1 on time 1787689213.3805718 with plan tp()}
Start executing task 36 for agent 1 on time 1787689213.3806896 with plan ->False
Finish executing task 36 for agent 1 on time 1787689213.3809211 with plan ->False
Finish executing task 37 for agent 8 on time 1787689213.5085998 with plan md(40);
Start executing task 37 for agent 8 on time 1787689213.5090125 with plan ?iv('toy')==True{
Finish executing task 37 for agent 8 on time 1787689213.510467 with plan ?iv('toy')==True{
Start executing task 37 for agent 8 on time 1787689213.5106757 with plan g('toy')}
Finish executing task 30 for agent 23 on time 1787689213.7047138 with plan ?iv('boy')==True{
Start executing task 30 for agent 23 on time 1787689213.70507 with plan tc(45)}
Finish executing task 35 for agent 7 on time 1787689213.7653725 with plan ?iv('boy')==True{
Start executing task 35 for agent 7 on time 1787689213.765693 with plan tc(45)}
Finish executing task 38 for agent 11 on time 1787689213.9530654 with plan tc(30);
Start executing task 38 for agent 11 on time 1787689213.953397 with plan 
Finish executing task 38 for agent 11 on time 1787689213.9536555 with plan 
Finish executing task 30 for agent 23 on time 1787689215.6830971 with plan tc(45)}
Start executing task 30 for agent 23 on time 1787689215.6834695 with plan ->False;
Finish executing task 30 for agent 23 on time 1787689215.6837714 with plan ->False;
Finish executing task 35 for agent 7 on time 1787689215.743743 with plan tc(45)}
Start executing task 35 for agent 7 on time 1787689215.74411 with plan ->False;
Finish executing task 35 for agent 7 on time 1787689215.7444358 with plan ->False;
Finish executing task 37 for agent 8 on time 1787689216.2176719 with plan g('toy')}
Start executing task 37 for agent 8 on time 1787689216.2180305 with plan ->False
Finish executing task 37 for agent 8 on time 1787689216.2183194 with plan ->False
Generating request from task 39, time: 1787689230.5221856
Generating request from task 40, time: 1787689230.522908
Generating request from task 41, time: 1787689230.5234098
Generating request from task 42, time: 1787689230.5240822
Generating request from task 43, time: 1787689230.524998
Generating request from task 44, time: 1787689230.5260105
Generating request from task 45, time: 1787689230.5269856
Generating request from task 46, time: 1787689230.5280168
Generating request from task 47, time: 1787689230.5289786
Added task 39, time: 1787689230.5421977
Added task 40, time: 1787689230.5535827
Added task 42, time: 1787689230.564609
Added task 47, time: 1787689230.6238897
Output for task 42: tc(45);, time: 1787689230.6300466
Start executing task 42 for agent 2 on time 1787689230.6327767 with plan tc(45);
Output for task 39: ?iv('boy')==True{, time: 1787689230.6520684
Start executing task 39 for agent 12 on time 1787689230.6544948 with plan ?iv('boy')==True{
Added task 39, time: 1787689230.661848
Output for task 40: ?iv('boy')==True{, time: 1787689230.6619918
Start executing task 40 for agent 13 on time 1787689230.6636848 with plan ?iv('boy')==True{
Added task 40, time: 1787689230.6694894
Added task 42, time: 1787689230.6752276
Output for task 47: tc(45);, time: 1787689230.6753643
Start executing task 47 for agent 14 on time 1787689230.6775618 with plan tc(45);
Added task 47, time: 1787689230.6816707
Added task 41, time: 1787689230.7058032
Output for task 42: , time: 1787689230.7091906
Output for task 47: , time: 1787689230.709328
Output for task 39: tc(45)}, time: 1787689230.7100089
Output for task 40: tc(45)}, time: 1787689230.7112825
Added task 43, time: 1787689230.7439215
Added task 44, time: 1787689230.7642083
Added task 45, time: 1787689230.7797322
Added task 46, time: 1787689230.7939909
Added task 39, time: 1787689230.7980494
Added task 40, time: 1787689230.80095
Output for task 41: ?s('cat')==True{, time: 1787689230.804225
Start executing task 41 for agent 19 on time 1787689230.8057656 with plan ?s('cat')==True{
Added task 41, time: 1787689230.807889
Output for task 43: md(40);, time: 1787689230.8114417
Start executing task 43 for agent 6 on time 1787689230.8135867 with plan md(40);
Output for task 45: md(40);, time: 1787689230.8485785
Start executing task 45 for agent 10 on time 1787689230.8510597 with plan md(40);
Added task 43, time: 1787689230.8584547
Output for task 44: ?s('cat')==True{, time: 1787689230.858598
Output for task 39: ->False;, time: 1787689230.8594859
Output for task 40: ->False;, time: 1787689230.8597221
Start executing task 44 for agent 18 on time 1787689230.860126 with plan ?s('cat')==True{
Added task 44, time: 1787689230.8665643
Output for task 41: g('cat'), time: 1787689230.8667011
Added task 45, time: 1787689230.8871102
Added task 41, time: 1787689230.901704
Output for task 46: ?s('scissors')==True{, time: 1787689230.9018888
Start executing task 46 for agent 22 on time 1787689230.9035606 with plan ?s('scissors')==True{
Added task 46, time: 1787689230.9199727
Output for task 44: g('cat'), time: 1787689230.9460318
Output for task 41: };, time: 1787689230.9471223
Added task 44, time: 1787689230.9513383
Output for task 43: ?iv('toy')==True{, time: 1787689230.952939
Added task 43, time: 1787689230.9620612
Output for task 45: ?iv('toy')==True{, time: 1787689230.9706495
Output for task 46: g('scissors'), time: 1787689230.9716566
Added task 45, time: 1787689230.9863431
Added task 46, time: 1787689230.993763
Output for task 44: };, time: 1787689230.9939475
Output for task 43: g('toy')}, time: 1787689231.0028403
Added task 43, time: 1787689231.01715
Output for task 45: g('toy')}, time: 1787689231.0254197
Output for task 46: }->False, time: 1787689231.0264633
Added task 45, time: 1787689231.0359232
Output for task 43: ->False, time: 1787689231.053822
Output for task 45: ->False, time: 1787689231.063087
Finish executing task 46 for agent 22 on time 1787689232.460313 with plan ?s('scissors')==True{
Start executing task 46 for agent 22 on time 1787689232.460666 with plan g('scissors')
Finish executing task 42 for agent 2 on time 1787689232.741882 with plan tc(45);
Start executing task 42 for agent 2 on time 1787689232.7421992 with plan 
Finish executing task 42 for agent 2 on time 1787689232.7424488 with plan 
Finish executing task 47 for agent 14 on time 1787689232.786577 with plan tc(45);
Start executing task 47 for agent 14 on time 1787689232.7869391 with plan 
Finish executing task 47 for agent 14 on time 1787689232.787198 with plan 
Finish executing task 43 for agent 6 on time 1787689233.4084349 with plan md(40);
Start executing task 43 for agent 6 on time 1787689233.4087825 with plan ?iv('toy')==True{
Finish executing task 43 for agent 6 on time 1787689233.4101634 with plan ?iv('toy')==True{
Start executing task 43 for agent 6 on time 1787689233.410304 with plan g('toy')}
Finish executing task 45 for agent 10 on time 1787689233.4458888 with plan md(40);
Start executing task 45 for agent 10 on time 1787689233.4462254 with plan ?iv('toy')==True{
Finish executing task 45 for agent 10 on time 1787689233.447562 with plan ?iv('toy')==True{
Start executing task 45 for agent 10 on time 1787689233.4477062 with plan g('toy')}
Finish executing task 39 for agent 12 on time 1787689233.6549602 with plan ?iv('boy')==True{
Start executing task 39 for agent 12 on time 1787689233.6552703 with plan tc(45)}
Finish executing task 40 for agent 13 on time 1787689233.6641326 with plan ?iv('boy')==True{
Start executing task 40 for agent 13 on time 1787689233.6644812 with plan tc(45)}
Finish executing task 41 for agent 19 on time 1787689234.5194511 with plan ?s('cat')==True{
Start executing task 41 for agent 19 on time 1787689234.5197845 with plan g('cat')
Finish executing task 44 for agent 18 on time 1787689234.5737572 with plan ?s('cat')==True{
Start executing task 44 for agent 18 on time 1787689234.5740924 with plan g('cat')
Finish executing task 46 for agent 22 on time 1787689234.9223592 with plan g('scissors')
Start executing task 46 for agent 22 on time 1787689234.9227312 with plan }->False
Finish executing task 46 for agent 22 on time 1787689234.923172 with plan }->False
Finish executing task 39 for agent 12 on time 1787689235.633297 with plan tc(45)}
Start executing task 39 for agent 12 on time 1787689235.6336153 with plan ->False;
Finish executing task 39 for agent 12 on time 1787689235.633936 with plan ->False;
Finish executing task 40 for agent 13 on time 1787689235.6425033 with plan tc(45)}
Start executing task 40 for agent 13 on time 1787689235.6428425 with plan ->False;
Finish executing task 40 for agent 13 on time 1787689235.643135 with plan ->False;
Generating request from task 48, time: 1787689236.0047784
Generating request from task 49, time: 1787689236.0054138
Added task 48, time: 1787689236.0330217
Added task 49, time: 1787689236.047917
Output for task 48: tc(45);, time: 1787689236.0696342
Start executing task 48 for agent 15 on time 1787689236.0727887 with plan tc(45);
Output for task 49: tc(45);, time: 1787689236.0822241
Start executing task 49 for agent 21 on time 1787689236.0846071 with plan tc(45);
Added task 48, time: 1787689236.0886326
Added task 49, time: 1787689236.0917044
Output for task 48: , time: 1787689236.10769
Output for task 49: , time: 1787689236.1078937
Finish executing task 43 for agent 6 on time 1787689236.1171508 with plan g('toy')}
Start executing task 43 for agent 6 on time 1787689236.117293 with plan ->False
Finish executing task 43 for agent 6 on time 1787689236.1174304 with plan ->False
Finish executing task 45 for agent 10 on time 1787689236.1545718 with plan g('toy')}
Start executing task 45 for agent 10 on time 1787689236.1546884 with plan ->False
Finish executing task 45 for agent 10 on time 1787689236.1548147 with plan ->False
Finish executing task 41 for agent 19 on time 1787689236.9814553 with plan g('cat')
Start executing task 41 for agent 19 on time 1787689236.981868 with plan };
Finish executing task 41 for agent 19 on time 1787689236.9821894 with plan };
Finish executing task 44 for agent 18 on time 1787689237.0357192 with plan g('cat')
Start executing task 44 for agent 18 on time 1787689237.0361068 with plan };
Finish executing task 44 for agent 18 on time 1787689237.0363934 with plan };
Generating request from task 50, time: 1787689238.1074657
Generating request from task 51, time: 1787689238.108056
Generating request from task 52, time: 1787689238.1089375
Generating request from task 53, time: 1787689238.1099038
Generating request from task 54, time: 1787689238.1108747
Generating request from task 55, time: 1787689238.111865
Added task 50, time: 1787689238.1343522
Added task 52, time: 1787689238.1507728
Added task 54, time: 1787689238.1659496
Finish executing task 48 for agent 15 on time 1787689238.181899 with plan tc(45);
Start executing task 48 for agent 15 on time 1787689238.1822186 with plan 
Finish executing task 48 for agent 15 on time 1787689238.1824877 with plan 
Finish executing task 49 for agent 21 on time 1787689238.1937146 with plan tc(45);
Start executing task 49 for agent 21 on time 1787689238.19406 with plan 
Finish executing task 49 for agent 21 on time 1787689238.194318 with plan 
Added task 51, time: 1787689238.1977253
Output for task 52: tc(30);, time: 1787689238.2238665
Start executing task 52 for agent 24 on time 1787689238.2256606 with plan tc(30);
Output for task 54: tc(45);, time: 1787689238.2267907
Start executing task 54 for agent 4 on time 1787689238.2282329 with plan tc(45);
Output for task 50: ?iv('boy')==True{, time: 1787689238.2335715
Start executing task 50 for agent 16 on time 1787689238.2353337 with plan ?iv('boy')==True{
Added task 50, time: 1787689238.2470536
Added task 52, time: 1787689238.2538106
Output for task 51: ?iv('keys'), time: 1787689238.2539885
Start executing task 51 for agent 25 on time 1787689238.2558172 with plan ?iv('keys')
Finish executing task 51 for agent 25 on time 1787689238.2571902 with plan ?iv('keys')
Added task 51, time: 1787689238.2609959
Added task 54, time: 1787689238.2657735
Added task 53, time: 1787689238.3110967
Output for task 52: , time: 1787689238.3119206
Output for task 54: , time: 1787689238.3159802
Output for task 50: tc(45)}, time: 1787689238.317184
Output for task 51: &iv('wallet'), time: 1787689238.3334563
Start executing task 51 for agent 25 on time 1787689238.3351164 with plan &iv('wallet')
Finish executing task 51 for agent 25 on time 1787689238.336417 with plan &iv('wallet')
Added task 51, time: 1787689238.340574
Added task 55, time: 1787689238.3639116
Added task 50, time: 1787689238.367768
Output for task 53: ?s('scissors')==True{, time: 1787689238.3734539
Start executing task 53 for agent 17 on time 1787689238.3754456 with plan ?s('scissors')==True{
Output for task 51: ->{l('Yes');, time: 1787689238.4014149
Start executing task 51 for agent 25 on time 1787689238.4031987 with plan ->{l('Yes');
Finish executing task 51 for agent 25 on time 1787689238.4045248 with plan ->{l('Yes');
Added task 51, time: 1787689238.4077468
Added task 53, time: 1787689238.411768
Output for task 50: ->False;, time: 1787689238.4157124
Output for task 55: ?s('scissors')==True{, time: 1787689238.4452345
Start executing task 55 for agent 20 on time 1787689238.4472916 with plan ?s('scissors')==True{
Output for task 53: g('scissors'), time: 1787689238.4644136
Output for task 51: ->True}l('No');, time: 1787689238.4709651
Start executing task 51 for agent 25 on time 1787689238.4724212 with plan ->True}l('No');
Finish executing task 51 for agent 25 on time 1787689238.4737327 with plan ->True}l('No');
Added task 51, time: 1787689238.4781363
Added task 55, time: 1787689238.4830282
Added task 53, time: 1787689238.486727
Output for task 51: ->False, time: 1787689238.5260696
Start executing task 51 for agent 25 on time 1787689238.5266466 with plan ->False
Finish executing task 51 for agent 25 on time 1787689238.5269506 with plan ->False
Output for task 53: }->False, time: 1787689238.5294986
Output for task 55: g('scissors'), time: 1787689238.5423956
Added task 55, time: 1787689238.5469108
Output for task 55: }->False, time: 1787689238.5786211
Generating request from task 56, time: 1787689238.8838975
Generating request from task 57, time: 1787689238.8845692
Generating request from task 58, time: 1787689238.8854449
Generating request from task 59, time: 1787689238.8864157
Added task 56, time: 1787689238.9014313
Added task 57, time: 1787689238.9178221
Added task 58, time: 1787689238.9322712
Added task 59, time: 1787689238.9535298
Output for task 56: tc(30);, time: 1787689238.972714
Start executing task 56 for agent 5 on time 1787689238.9743235 with plan tc(30);
Output for task 57: tc(45);, time: 1787689238.979007
Start executing task 57 for agent 1 on time 1787689238.9807456 with plan tc(45);
Output for task 58: tc(45);, time: 1787689238.9817076
Start executing task 58 for agent 9 on time 1787689238.9830818 with plan tc(45);
Added task 56, time: 1787689238.9938512
Added task 57, time: 1787689238.999049
Added task 58, time: 1787689239.0065663
Output for task 59: ?s('scissors')==True{, time: 1787689239.0347528
Output for task 56: , time: 1787689239.0358982
Output for task 57: , time: 1787689239.0360615
Start executing task 59 for agent 0 on time 1787689239.0364547 with plan ?s('scissors')==True{
Added task 59, time: 1787689239.0428884
Output for task 58: , time: 1787689239.0431254
Output for task 59: g('scissors'), time: 1787689239.0837946
Added task 59, time: 1787689239.0882246
Output for task 59: }->False, time: 1787689239.1194084
Finish executing task 53 for agent 17 on time 1787689239.932398 with plan ?s('scissors')==True{
Start executing task 53 for agent 17 on time 1787689239.9327219 with plan g('scissors')
Finish executing task 55 for agent 20 on time 1787689240.0040646 with plan ?s('scissors')==True{
Start executing task 55 for agent 20 on time 1787689240.004378 with plan g('scissors')
Finish executing task 54 for agent 4 on time 1787689240.3372898 with plan tc(45);
Start executing task 54 for agent 4 on time 1787689240.337599 with plan 
Finish executing task 54 for agent 4 on time 1787689240.3378394 with plan 
Finish executing task 59 for agent 0 on time 1787689240.5930092 with plan ?s('scissors')==True{
Start executing task 59 for agent 0 on time 1787689240.5933232 with plan g('scissors')
Finish executing task 52 for agent 24 on time 1787689240.8127122 with plan tc(30);
Start executing task 52 for agent 24 on time 1787689240.8130555 with plan 
Finish executing task 52 for agent 24 on time 1787689240.8133101 with plan 
Finish executing task 57 for agent 1 on time 1787689241.0898962 with plan tc(45);
Start executing task 57 for agent 1 on time 1787689241.0902193 with plan 
Finish executing task 57 for agent 1 on time 1787689241.090474 with plan 
Finish executing task 58 for agent 9 on time 1787689241.092118 with plan tc(45);
Start executing task 58 for agent 9 on time 1787689241.0924435 with plan 
Finish executing task 58 for agent 9 on time 1787689241.0927002 with plan 
Finish executing task 50 for agent 16 on time 1787689241.235756 with plan ?iv('boy')==True{
Start executing task 50 for agent 16 on time 1787689241.2360933 with plan tc(45)}
Finish executing task 56 for agent 5 on time 1787689241.5613708 with plan tc(30);
Start executing task 56 for agent 5 on time 1787689241.5616667 with plan 
Finish executing task 56 for agent 5 on time 1787689241.5619442 with plan 
Finish executing task 53 for agent 17 on time 1787689242.394376 with plan g('scissors')
Start executing task 53 for agent 17 on time 1787689242.394678 with plan }->False
Finish executing task 53 for agent 17 on time 1787689242.3950057 with plan }->False
Finish executing task 55 for agent 20 on time 1787689242.4660146 with plan g('scissors')
Start executing task 55 for agent 20 on time 1787689242.4663308 with plan }->False
Finish executing task 55 for agent 20 on time 1787689242.466616 with plan }->False
Finish executing task 59 for agent 0 on time 1787689243.0549555 with plan g('scissors')
Start executing task 59 for agent 0 on time 1787689243.055261 with plan }->False
Finish executing task 59 for agent 0 on time 1787689243.0555604 with plan }->False
Finish executing task 50 for agent 16 on time 1787689243.2141137 with plan tc(45)}
Start executing task 50 for agent 16 on time 1787689243.2144537 with plan ->False;
Finish executing task 50 for agent 16 on time 1787689243.2147467 with plan ->False;
Generating request from task 60, time: 1787689248.135913
Generating request from task 61, time: 1787689248.1365514
Generating request from task 62, time: 1787689248.137271
Generating request from task 63, time: 1787689248.1381958
Generating request from task 64, time: 1787689248.1391747
Generating request from task 65, time: 1787689248.140153
Generating request from task 66, time: 1787689248.1411521
Generating request from task 67, time: 1787689248.1426537
Added task 60, time: 1787689248.152267
Added task 61, time: 1787689248.169648
Added task 62, time: 1787689248.1849613
Added task 64, time: 1787689248.2202168
Output for task 62: tc(45);, time: 1787689248.2496953
Start executing task 62 for agent 7 on time 1787689248.251512 with plan tc(45);
Output for task 60: ?iv('boy')==True{, time: 1787689248.2564468
Start executing task 60 for agent 3 on time 1787689248.2581508 with plan ?iv('boy')==True{
Added task 67, time: 1787689248.2845066
Output for task 61: ?iv('boy')==True{, time: 1787689248.2846773
Start executing task 61 for agent 23 on time 1787689248.2865658 with plan ?iv('boy')==True{
Added task 66, time: 1787689248.3077693
Added task 61, time: 1787689248.3147266
Added task 60, time: 1787689248.3208387
Output for task 64: ?iv('boy')==True{, time: 1787689248.3209887
Start executing task 64 for agent 11 on time 1787689248.3227744 with plan ?iv('boy')==True{
Added task 64, time: 1787689248.3275018
Added task 62, time: 1787689248.3321137
Added task 63, time: 1787689248.3505294
Added task 65, time: 1787689248.3630016
Output for task 62: , time: 1787689248.372955
Output for task 67: ?iv('boy')==True{, time: 1787689248.3785646
Start executing task 67 for agent 14 on time 1787689248.3798428 with plan ?iv('boy')==True{
Output for task 61: tc(45)}, time: 1787689248.3993762
Output for task 60: tc(45)}, time: 1787689248.4002445
Output for task 64: tc(45)}, time: 1787689248.4009523
Added task 67, time: 1787689248.4117742
Output for task 66: ?iv('boy')==True{, time: 1787689248.4126775
Start executing task 66 for agent 2 on time 1787689248.4143147 with plan ?iv('boy')==True{
Added task 66, time: 1787689248.4210484
Added task 61, time: 1787689248.4271805
Output for task 63: ?iv('keys'), time: 1787689248.427322
Start executing task 63 for agent 8 on time 1787689248.428907 with plan ?iv('keys')
Finish executing task 63 for agent 8 on time 1787689248.4303248 with plan ?iv('keys')
Added task 63, time: 1787689248.433727
Added task 64, time: 1787689248.4410057
Output for task 65: ?s('scissors')==True{, time: 1787689248.4504893
Start executing task 65 for agent 22 on time 1787689248.4520607 with plan ?s('scissors')==True{
Output for task 67: tc(45)}, time: 1787689248.4682295
Output for task 66: tc(45)}, time: 1787689248.4700584
Output for task 61: ->False;, time: 1787689248.4735758
Output for task 64: ->False;, time: 1787689248.4798176
Output for task 63: &iv('wallet'), time: 1787689248.4861517
Start executing task 63 for agent 8 on time 1787689248.4875052 with plan &iv('wallet')
Finish executing task 63 for agent 8 on time 1787689248.4886785 with plan &iv('wallet')
Added task 63, time: 1787689248.4957166
Added task 60, time: 1787689248.5033653
Added task 67, time: 1787689248.5095804
Added task 66, time: 1787689248.521081
Added task 65, time: 1787689248.5392554
Output for task 63: ->{l('Yes');, time: 1787689248.5660982
Output for task 60: ->False;, time: 1787689248.5672894
Output for task 67: ->False;, time: 1787689248.567454
Start executing task 63 for agent 8 on time 1787689248.567797 with plan ->{l('Yes');
Finish executing task 63 for agent 8 on time 1787689248.5691218 with plan ->{l('Yes');
Added task 63, time: 1787689248.5756607
Output for task 66: ->False;, time: 1787689248.5758138
Output for task 65: g('scissors'), time: 1787689248.5905132
Added task 65, time: 1787689248.599278
Output for task 63: ->True}l('No');, time: 1787689248.630123
Output for task 65: }->False, time: 1787689248.6313055
Start executing task 63 for agent 8 on time 1787689248.6317954 with plan ->True}l('No');
Finish executing task 63 for agent 8 on time 1787689248.633115 with plan ->True}l('No');
Added task 63, time: 1787689248.6349142
Output for task 63: ->False, time: 1787689248.663808
Start executing task 63 for agent 8 on time 1787689248.6644776 with plan ->False
Finish executing task 63 for agent 8 on time 1787689248.6647332 with plan ->False
Finish executing task 65 for agent 22 on time 1787689250.0087078 with plan ?s('scissors')==True{
Start executing task 65 for agent 22 on time 1787689250.009087 with plan g('scissors')
Finish executing task 62 for agent 7 on time 1787689250.3606205 with plan tc(45);
Start executing task 62 for agent 7 on time 1787689250.3610022 with plan 
Finish executing task 62 for agent 7 on time 1787689250.3612628 with plan 
Finish executing task 60 for agent 3 on time 1787689251.2586365 with plan ?iv('boy')==True{
Start executing task 60 for agent 3 on time 1787689251.2590363 with plan tc(45)}
Finish executing task 61 for agent 23 on time 1787689251.2870204 with plan ?iv('boy')==True{
Start executing task 61 for agent 23 on time 1787689251.2873547 with plan tc(45)}
Finish executing task 64 for agent 11 on time 1787689251.323263 with plan ?iv('boy')==True{
Start executing task 64 for agent 11 on time 1787689251.3235862 with plan tc(45)}
Finish executing task 67 for agent 14 on time 1787689251.3802722 with plan ?iv('boy')==True{
Start executing task 67 for agent 14 on time 1787689251.3806152 with plan tc(45)}
Finish executing task 66 for agent 2 on time 1787689251.4147418 with plan ?iv('boy')==True{
Start executing task 66 for agent 2 on time 1787689251.4150481 with plan tc(45)}
Finish executing task 65 for agent 22 on time 1787689252.470772 with plan g('scissors')
Start executing task 65 for agent 22 on time 1787689252.4711416 with plan }->False
Finish executing task 65 for agent 22 on time 1787689252.47144 with plan }->False
Generating request from task 68, time: 1787689252.6615777
Generating request from task 69, time: 1787689252.662192
Generating request from task 70, time: 1787689252.6630714
Generating request from task 71, time: 1787689252.6639922
Generating request from task 72, time: 1787689252.6649528
Generating request from task 73, time: 1787689252.6659594
Added task 68, time: 1787689252.6803858
Added task 72, time: 1787689252.6968665
Added task 69, time: 1787689252.7117286
Added task 70, time: 1787689252.733249
Added task 71, time: 1787689252.7470531
Output for task 72: tc(30);, time: 1787689252.75344
Start executing task 72 for agent 19 on time 1787689252.7548382 with plan tc(30);
Added task 72, time: 1787689252.771327
Added task 73, time: 1787689252.786659
Output for task 68: ?s('scissors')==True{, time: 1787689252.7867756
Start executing task 68 for agent 12 on time 1787689252.7880514 with plan ?s('scissors')==True{
Added task 68, time: 1787689252.790854
Output for task 69: ?s('cat')==True{, time: 1787689252.790978
Start executing task 69 for agent 13 on time 1787689252.792401 with plan ?s('cat')==True{
Added task 69, time: 1787689252.8026614
Output for task 70: ?iv('keys'), time: 1787689252.814144
Output for task 71: md(40);, time: 1787689252.8151543
Start executing task 70 for agent 6 on time 1787689252.8158526 with plan ?iv('keys')
Output for task 72: , time: 1787689252.8161223
Finish executing task 70 for agent 6 on time 1787689252.8171995 with plan ?iv('keys')
Start executing task 71 for agent 10 on time 1787689252.8173501 with plan md(40);
Added task 70, time: 1787689252.8344886
Added task 71, time: 1787689252.8421874
Output for task 68: g('scissors'), time: 1787689252.8501928
Output for task 69: g('cat'), time: 1787689252.8512502
Added task 68, time: 1787689252.874222
Output for task 73: ?s('cat')==True{, time: 1787689252.8743973
Start executing task 73 for agent 18 on time 1787689252.8762202 with plan ?s('cat')==True{
Output for task 70: &iv('wallet'), time: 1787689252.8872545
Start executing task 70 for agent 6 on time 1787689252.8889964 with plan &iv('wallet')
Finish executing task 70 for agent 6 on time 1787689252.8903024 with plan &iv('wallet')
Added task 70, time: 1787689252.9017746
Added task 73, time: 1787689252.9071667
Added task 69, time: 1787689252.9116006
Output for task 71: ?iv('toy')==True{, time: 1787689252.9117715
Output for task 68: }->False, time: 1787689252.912802
Added task 71, time: 1787689252.9205475
Output for task 69: };, time: 1787689252.951408
Output for task 70: ->{l('Yes');, time: 1787689252.9556885
Output for task 73: g('cat'), time: 1787689252.9568112
Start executing task 70 for agent 6 on time 1787689252.95732 with plan ->{l('Yes');
Finish executing task 70 for agent 6 on time 1787689252.9585977 with plan ->{l('Yes');
Added task 70, time: 1787689252.966966
Output for task 71: g('toy')}, time: 1787689252.9671288
Added task 73, time: 1787689252.9745805
Added task 71, time: 1787689252.984434
Output for task 73: };, time: 1787689253.0087988
Output for task 71: ->False, time: 1787689253.015275
Output for task 70: ->True}l('No');, time: 1787689253.028223
Start executing task 70 for agent 6 on time 1787689253.0299351 with plan ->True}l('No');
Finish executing task 70 for agent 6 on time 1787689253.0313137 with plan ->True}l('No');
Added task 70, time: 1787689253.0338836
Output for task 70: ->False, time: 1787689253.0658875
Start executing task 70 for agent 6 on time 1787689253.0665712 with plan ->False
Finish executing task 70 for agent 6 on time 1787689253.0668466 with plan ->False
Finish executing task 60 for agent 3 on time 1787689253.2371123 with plan tc(45)}
Start executing task 60 for agent 3 on time 1787689253.2374341 with plan ->False;
Finish executing task 60 for agent 3 on time 1787689253.2377203 with plan ->False;
Finish executing task 61 for agent 23 on time 1787689253.2653797 with plan tc(45)}
Start executing task 61 for agent 23 on time 1787689253.2656639 with plan ->False;
Finish executing task 61 for agent 23 on time 1787689253.26596 with plan ->False;
Finish executing task 64 for agent 11 on time 1787689253.3016455 with plan tc(45)}
Start executing task 64 for agent 11 on time 1787689253.3019693 with plan ->False;
Finish executing task 64 for agent 11 on time 1787689253.302256 with plan ->False;
Finish executing task 67 for agent 14 on time 1787689253.358645 with plan tc(45)}
Start executing task 67 for agent 14 on time 1787689253.3589683 with plan ->False;
Finish executing task 67 for agent 14 on time 1787689253.3592565 with plan ->False;
Finish executing task 66 for agent 2 on time 1787689253.3930616 with plan tc(45)}
Start executing task 66 for agent 2 on time 1787689253.393364 with plan ->False;
Finish executing task 66 for agent 2 on time 1787689253.393643 with plan ->False;
Finish executing task 68 for agent 12 on time 1787689254.3448646 with plan ?s('scissors')==True{
Start executing task 68 for agent 12 on time 1787689254.3452294 with plan g('scissors')
Generating request from task 74, time: 1787689254.7434707
Generating request from task 75, time: 1787689254.7442186
Generating request from task 76, time: 1787689254.744881
Generating request from task 77, time: 1787689254.7458413
Generating request from task 78, time: 1787689254.7468212
Generating request from task 79, time: 1787689254.7477388
Generating request from task 80, time: 1787689254.748803
Generating request from task 81, time: 1787689254.749786
Generating request from task 82, time: 1787689254.7508018
Generating request from task 83, time: 1787689254.7518148
Generating request from task 84, time: 1787689254.7527878
Generating request from task 85, time: 1787689254.753772
Generating request from task 86, time: 1787689254.7548473
Generating request from task 87, time: 1787689254.7557874
Generating request from task 88, time: 1787689254.7570617
Added task 74, time: 1787689254.7613847
Added task 75, time: 1787689254.7831147
Added task 77, time: 1787689254.8023458
Added task 80, time: 1787689254.821462
Output for task 74: tc(45);, time: 1787689254.8247626
Start executing task 74 for agent 25 on time 1787689254.8263743 with plan tc(45);
Output for task 77: tc(45);, time: 1787689254.8445203
Start executing task 77 for agent 17 on time 1787689254.8461423 with plan tc(45);
Added task 83, time: 1787689254.8674533
Output for task 75: ?iv('boy')==True{, time: 1787689254.8675826
Start executing task 75 for agent 15 on time 1787689254.8688545 with plan ?iv('boy')==True{
Added task 88, time: 1787689254.888501
Added task 87, time: 1787689254.9075935
Output for task 80: tc(30);, time: 1787689254.9077132
Start executing task 80 for agent 24 on time 1787689254.9091177 with plan tc(30);
Added task 86, time: 1787689254.9270349
Added task 84, time: 1787689254.9447544
Added task 75, time: 1787689254.9542243
Added task 80, time: 1787689254.9642856
Added task 74, time: 1787689254.9707904
Added task 77, time: 1787689254.976139
Added task 76, time: 1787689254.9915705
Added task 78, time: 1787689255.0033498
Added task 79, time: 1787689255.0158596
Added task 81, time: 1787689255.0261822
Output for task 83: ?iv('boy')==True{, time: 1787689255.0262754
Start executing task 83 for agent 1 on time 1787689255.0274906 with plan ?iv('boy')==True{
Added task 83, time: 1787689255.030476
Added task 82, time: 1787689255.0417697
Output for task 87: tc(45);, time: 1787689255.0418658
Start executing task 87 for agent 22 on time 1787689255.0429783 with plan tc(45);
Added task 85, time: 1787689255.052243
Output for task 88: ?iv('boy')==True{, time: 1787689255.0523317
Start executing task 88 for agent 7 on time 1787689255.053427 with plan ?iv('boy')==True{
Added task 88, time: 1787689255.0563285
Added task 87, time: 1787689255.0603595
Output for task 80: , time: 1787689255.062739
Output for task 86: ?iv('boy')==True{, time: 1787689255.0635505
Output for task 84: tc(30);, time: 1787689255.0641847
Start executing task 86 for agent 8 on time 1787689255.0645604 with plan ?iv('boy')==True{
Output for task 74: , time: 1787689255.0647418
Output for task 77: , time: 1787689255.064802
Start executing task 84 for agent 9 on time 1787689255.0656755 with plan tc(30);
Output for task 75: tc(45)}, time: 1787689255.06694
Added task 86, time: 1787689255.0717144
Added task 84, time: 1787689255.0766778
Added task 75, time: 1787689255.0790617
Output for task 76: ?s('cat')==True{, time: 1787689255.0833848
Start executing task 76 for agent 21 on time 1787689255.0845108 with plan ?s('cat')==True{
Added task 76, time: 1787689255.0878718
Output for task 78: ?s('scissors')==True{, time: 1787689255.0901744
Start executing task 78 for agent 20 on time 1787689255.091323 with plan ?s('scissors')==True{
Output for task 83: tc(45)}, time: 1787689255.0943048
Output for task 79: ?s('scissors')==True{, time: 1787689255.0953777
Output for task 81: ?s('scissors')==True{, time: 1787689255.096507
Start executing task 79 for agent 4 on time 1787689255.0964742 with plan ?s('scissors')==True{
Output for task 82: mu(40);, time: 1787689255.0970802
Start executing task 81 for agent 16 on time 1787689255.0975978 with plan ?s('scissors')==True{
Output for task 88: tc(45)}, time: 1787689255.097936
Start executing task 82 for agent 0 on time 1787689255.0979862 with plan mu(40);
Added task 83, time: 1787689255.106006
Output for task 87: , time: 1787689255.1060917
Added task 88, time: 1787689255.1288536
Output for task 85: ?s('cat')==True{, time: 1787689255.1289995
Start executing task 85 for agent 5 on time 1787689255.1303227 with plan ?s('cat')==True{
Output for task 84: , time: 1787689255.1339061
Output for task 86: tc(45)}, time: 1787689255.1400785
Added task 86, time: 1787689255.153086
Output for task 75: ->False;, time: 1787689255.1531985
Output for task 76: g('cat'), time: 1787689255.1532843
Added task 78, time: 1787689255.16188
Output for task 83: ->False;, time: 1787689255.1619964
Added task 79, time: 1787689255.1691697
Added task 81, time: 1787689255.1752088
Output for task 88: ->False;, time: 1787689255.175327
Added task 85, time: 1787689255.1826596
Added task 82, time: 1787689255.191957
Added task 76, time: 1787689255.2008462
Output for task 86: ->False;, time: 1787689255.210198
Output for task 78: g('scissors'), time: 1787689255.222691
Added task 78, time: 1787689255.2278163
Output for task 79: g('scissors'), time: 1787689255.2279825
Output for task 85: g('cat'), time: 1787689255.2288525
Output for task 76: };, time: 1787689255.2295349
Added task 79, time: 1787689255.2360172
Output for task 81: g('scissors'), time: 1787689255.236208
Added task 81, time: 1787689255.2446897
Added task 85, time: 1787689255.2546456
Output for task 82: ?iv('book')==True{, time: 1787689255.2590508
Added task 82, time: 1787689255.2661505
Output for task 78: }->False, time: 1787689255.26629
Output for task 79: }->False, time: 1787689255.2720082
Output for task 81: }->False, time: 1787689255.280659
Output for task 85: };, time: 1787689255.2845266
Output for task 82: tp()}, time: 1787689255.286471
Added task 82, time: 1787689255.2905955
Output for task 82: ->False, time: 1787689255.317855
Finish executing task 72 for agent 19 on time 1787689255.341894 with plan tc(30);
Start executing task 72 for agent 19 on time 1787689255.342223 with plan 
Finish executing task 72 for agent 19 on time 1787689255.3424745 with plan 
Finish executing task 71 for agent 10 on time 1787689255.4121637 with plan md(40);
Start executing task 71 for agent 10 on time 1787689255.4124496 with plan ?iv('toy')==True{
Finish executing task 71 for agent 10 on time 1787689255.413756 with plan ?iv('toy')==True{
Start executing task 71 for agent 10 on time 1787689255.4139295 with plan g('toy')}
Finish executing task 69 for agent 13 on time 1787689256.5062597 with plan ?s('cat')==True{
Start executing task 69 for agent 13 on time 1787689256.5066378 with plan g('cat')
Finish executing task 73 for agent 18 on time 1787689256.589865 with plan ?s('cat')==True{
Start executing task 73 for agent 18 on time 1787689256.5902085 with plan g('cat')
Finish executing task 78 for agent 20 on time 1787689256.647888 with plan ?s('scissors')==True{
Start executing task 78 for agent 20 on time 1787689256.6481924 with plan g('scissors')
Finish executing task 79 for agent 4 on time 1787689256.6531875 with plan ?s('scissors')==True{
Start executing task 79 for agent 4 on time 1787689256.653516 with plan g('scissors')
Finish executing task 81 for agent 16 on time 1787689256.6543522 with plan ?s('scissors')==True{
Start executing task 81 for agent 16 on time 1787689256.6546717 with plan g('scissors')
Finish executing task 68 for agent 12 on time 1787689256.8068545 with plan g('scissors')
Start executing task 68 for agent 12 on time 1787689256.8071632 with plan }->False
Finish executing task 68 for agent 12 on time 1787689256.8074389 with plan }->False
Finish executing task 74 for agent 25 on time 1787689256.9354475 with plan tc(45);
Start executing task 74 for agent 25 on time 1787689256.9357722 with plan 
Finish executing task 74 for agent 25 on time 1787689256.9360535 with plan 
Finish executing task 77 for agent 17 on time 1787689256.9552035 with plan tc(45);
Start executing task 77 for agent 17 on time 1787689256.9555767 with plan 
Finish executing task 77 for agent 17 on time 1787689256.9559305 with plan 
Finish executing task 87 for agent 22 on time 1787689257.1520066 with plan tc(45);
Start executing task 87 for agent 22 on time 1787689257.1522715 with plan 
Finish executing task 87 for agent 22 on time 1787689257.1525013 with plan 
Finish executing task 80 for agent 24 on time 1787689257.496156 with plan tc(30);
Start executing task 80 for agent 24 on time 1787689257.4964714 with plan 
Finish executing task 80 for agent 24 on time 1787689257.4967194 with plan 
Finish executing task 82 for agent 0 on time 1787689257.5978746 with plan mu(40);
Start executing task 82 for agent 0 on time 1787689257.598194 with plan ?iv('book')==True{
Finish executing task 82 for agent 0 on time 1787689257.599528 with plan ?iv('book')==True{
Start executing task 82 for agent 0 on time 1787689257.5996938 with plan tp()}
Finish executing task 82 for agent 0 on time 1787689257.6009746 with plan tp()}
Start executing task 82 for agent 0 on time 1787689257.6010978 with plan ->False
Finish executing task 82 for agent 0 on time 1787689257.6013124 with plan ->False
Finish executing task 84 for agent 9 on time 1787689257.6527004 with plan tc(30);
Start executing task 84 for agent 9 on time 1787689257.6530306 with plan 
Finish executing task 84 for agent 9 on time 1787689257.6532812 with plan 
Finish executing task 75 for agent 15 on time 1787689257.869241 with plan ?iv('boy')==True{
Start executing task 75 for agent 15 on time 1787689257.8695326 with plan tc(45)}
Finish executing task 83 for agent 1 on time 1787689258.0279505 with plan ?iv('boy')==True{
Start executing task 83 for agent 1 on time 1787689258.028242 with plan tc(45)}
Finish executing task 88 for agent 7 on time 1787689258.053855 with plan ?iv('boy')==True{
Start executing task 88 for agent 7 on time 1787689258.0541606 with plan tc(45)}
Finish executing task 86 for agent 8 on time 1787689258.0648575 with plan ?iv('boy')==True{
Start executing task 86 for agent 8 on time 1787689258.065136 with plan tc(45)}
Finish executing task 71 for agent 10 on time 1787689258.1207852 with plan g('toy')}
Start executing task 71 for agent 10 on time 1787689258.1210184 with plan ->False
Finish executing task 71 for agent 10 on time 1787689258.1212697 with plan ->False
Finish executing task 76 for agent 21 on time 1787689258.7981663 with plan ?s('cat')==True{
Start executing task 76 for agent 21 on time 1787689258.7984872 with plan g('cat')
Finish executing task 85 for agent 5 on time 1787689258.8441772 with plan ?s('cat')==True{
Start executing task 85 for agent 5 on time 1787689258.844496 with plan g('cat')
Finish executing task 69 for agent 13 on time 1787689258.9683247 with plan g('cat')
Start executing task 69 for agent 13 on time 1787689258.9686491 with plan };
Finish executing task 69 for agent 13 on time 1787689258.9689593 with plan };
Finish executing task 73 for agent 18 on time 1787689259.0518441 with plan g('cat')
Start executing task 73 for agent 18 on time 1787689259.0521483 with plan };
Finish executing task 73 for agent 18 on time 1787689259.0524154 with plan };
Finish executing task 78 for agent 20 on time 1787689259.10985 with plan g('scissors')
Start executing task 78 for agent 20 on time 1787689259.110282 with plan }->False
Finish executing task 78 for agent 20 on time 1787689259.110645 with plan }->False
Finish executing task 79 for agent 4 on time 1787689259.115154 with plan g('scissors')
Start executing task 79 for agent 4 on time 1787689259.1154728 with plan }->False
Finish executing task 79 for agent 4 on time 1787689259.115755 with plan }->False
Finish executing task 81 for agent 16 on time 1787689259.1163373 with plan g('scissors')
Start executing task 81 for agent 16 on time 1787689259.1166515 with plan }->False
Finish executing task 81 for agent 16 on time 1787689259.1170347 with plan }->False
Finish executing task 75 for agent 15 on time 1787689259.8475342 with plan tc(45)}
Start executing task 75 for agent 15 on time 1787689259.847727 with plan ->False;
Finish executing task 75 for agent 15 on time 1787689259.847832 with plan ->False;
Finish executing task 83 for agent 1 on time 1787689260.0062578 with plan tc(45)}
Start executing task 83 for agent 1 on time 1787689260.0066273 with plan ->False;
Finish executing task 83 for agent 1 on time 1787689260.0069535 with plan ->False;
Finish executing task 88 for agent 7 on time 1787689260.032177 with plan tc(45)}
Start executing task 88 for agent 7 on time 1787689260.03251 with plan ->False;
Finish executing task 88 for agent 7 on time 1787689260.0327957 with plan ->False;
Finish executing task 86 for agent 8 on time 1787689260.0431416 with plan tc(45)}
Start executing task 86 for agent 8 on time 1787689260.043454 with plan ->False;
Finish executing task 86 for agent 8 on time 1787689260.0437312 with plan ->False;
Finish executing task 76 for agent 21 on time 1787689261.2601068 with plan g('cat')
Start executing task 76 for agent 21 on time 1787689261.2604802 with plan };
Finish executing task 76 for agent 21 on time 1787689261.2607596 with plan };
Finish executing task 85 for agent 5 on time 1787689261.3061452 with plan g('cat')
Start executing task 85 for agent 5 on time 1787689261.306522 with plan };
Finish executing task 85 for agent 5 on time 1787689261.3069203 with plan };
Generating request from task 89, time: 1787689273.4816527
Generating request from task 90, time: 1787689273.4823902
Generating request from task 91, time: 1787689273.482914
Generating request from task 92, time: 1787689273.483902
Generating request from task 93, time: 1787689273.4849288
Generating request from task 94, time: 1787689273.4858837
Generating request from task 95, time: 1787689273.4868538
Generating request from task 96, time: 1787689273.4878418
Generating request from task 97, time: 1787689273.4888241
Generating request from task 98, time: 1787689273.4898427
Generating request from task 99, time: 1787689273.4908025
Generating request from task 100, time: 1787689273.4918442
Generating request from task 101, time: 1787689273.4928107
Generating request from task 102, time: 1787689273.493842
Generating request from task 103, time: 1787689273.4948456
Added task 89, time: 1787689273.5114515
Added task 94, time: 1787689273.5321681
Added task 97, time: 1787689273.550629
Added task 103, time: 1787689273.5703666
Output for task 89: ?iv('boy')==True{, time: 1787689273.5760903
Output for task 94: tc(30);, time: 1787689273.5771208
Start executing task 89 for agent 6 on time 1787689273.5777147 with plan ?iv('boy')==True{
Start executing task 94 for agent 14 on time 1787689273.5792317 with plan tc(30);
Added task 89, time: 1787689273.5860372
Added task 94, time: 1787689273.593237
Added task 90, time: 1787689273.611029
Output for task 97: tc(30);, time: 1787689273.6111395
Start executing task 97 for agent 0 on time 1787689273.612395 with plan tc(30);
Added task 97, time: 1787689273.6184397
Added task 91, time: 1787689273.6355956
Output for task 103: tc(30);, time: 1787689273.6361825
Output for task 94: , time: 1787689273.6369524
Start executing task 103 for agent 17 on time 1787689273.6374567 with plan tc(30);
Output for task 89: tc(45)}, time: 1787689273.6566007
Output for task 97: , time: 1787689273.6573932
Added task 103, time: 1787689273.668671
Added task 92, time: 1787689273.685777
Added task 93, time: 1787689273.701251
Added task 95, time: 1787689273.715206
Output for task 91: md(40);, time: 1787689273.7153184
Start executing task 91 for agent 23 on time 1787689273.7167027 with plan md(40);
Added task 96, time: 1787689273.7311132
Output for task 90: ?s('scissors')==True{, time: 1787689273.7312388
Output for task 103: , time: 1787689273.731994
Start executing task 90 for agent 3 on time 1787689273.7325854 with plan ?s('scissors')==True{
Added task 98, time: 1787689273.7464998
Added task 99, time: 1787689273.7620802
Output for task 92: ?s('cat')==True{, time: 1787689273.7662146
Start executing task 92 for agent 11 on time 1787689273.7674606 with plan ?s('cat')==True{
Added task 100, time: 1787689273.7800226
Added task 101, time: 1787689273.7967355
Output for task 93: ?s('cat')==True{, time: 1787689273.7968736
Start executing task 93 for agent 2 on time 1787689273.7982898 with plan ?s('cat')==True{
Added task 102, time: 1787689273.810858
Added task 89, time: 1787689273.8181791
Added task 90, time: 1787689273.8235624
Output for task 95: ?s('cat')==True{, time: 1787689273.823649
Start executing task 95 for agent 12 on time 1787689273.8249433 with plan ?s('cat')==True{
Added task 92, time: 1787689273.8292356
Added task 93, time: 1787689273.8353953
Output for task 96: ?s('cat')==True{, time: 1787689273.8354864
Start executing task 96 for agent 19 on time 1787689273.836911 with plan ?s('cat')==True{
Output for task 98: ?s('scissors')==True{, time: 1787689273.8387997
Start executing task 98 for agent 10 on time 1787689273.8400486 with plan ?s('scissors')==True{
Added task 95, time: 1787689273.8444932
Added task 96, time: 1787689273.850563
Output for task 99: ?s('cat')==True{, time: 1787689273.85065
Start executing task 99 for agent 20 on time 1787689273.8518376 with plan ?s('cat')==True{
Added task 98, time: 1787689273.8555064
Added task 99, time: 1787689273.8607342
Added task 91, time: 1787689273.865047
Output for task 100: ?s('scissors')==True{, time: 1787689273.882495
Start executing task 100 for agent 4 on time 1787689273.8837876 with plan ?s('scissors')==True{
Added task 100, time: 1787689273.890069
Output for task 101: ?s('cat')==True{, time: 1787689273.8901656
Start executing task 101 for agent 16 on time 1787689273.8913226 with plan ?s('cat')==True{
Added task 101, time: 1787689273.893594
Output for task 89: ->False;, time: 1787689273.8936968
Output for task 92: g('cat'), time: 1787689273.9043238
Added task 92, time: 1787689273.9242039
Output for task 102: ?s('scissors')==True{, time: 1787689273.9243321
Output for task 90: g('scissors'), time: 1787689273.9252186
Start executing task 102 for agent 25 on time 1787689273.925839 with plan ?s('scissors')==True{
Output for task 93: g('cat'), time: 1787689273.9259489
Output for task 95: g('cat'), time: 1787689273.9266186
Added task 102, time: 1787689273.9395924
Added task 90, time: 1787689273.952627
Added task 93, time: 1787689273.9654264
Output for task 96: g('cat'), time: 1787689273.9655678
Added task 95, time: 1787689273.9744172
Output for task 98: g('scissors'), time: 1787689273.974558
Output for task 99: g('cat'), time: 1787689273.9754002
Output for task 92: };, time: 1787689273.9761224
Added task 96, time: 1787689273.9820805
Added task 98, time: 1787689273.9868665
Output for task 101: g('cat'), time: 1787689273.987006
Added task 99, time: 1787689273.9950955
Output for task 100: g('scissors'), time: 1787689273.9952278
Added task 100, time: 1787689274.006761
Output for task 91: ?iv('toy')==True{, time: 1787689274.0069103
Output for task 102: g('scissors'), time: 1787689274.0077484
Added task 91, time: 1787689274.0212643
Output for task 90: }->False, time: 1787689274.0214036
Output for task 93: };, time: 1787689274.021504
Added task 101, time: 1787689274.0341148
Output for task 95: };, time: 1787689274.0342407
Added task 102, time: 1787689274.0402045
Output for task 96: };, time: 1787689274.0403295
Output for task 99: };, time: 1787689274.040705
Output for task 98: }->False, time: 1787689274.0415962
Output for task 100: }->False, time: 1787689274.0422668
Output for task 91: g('toy')}, time: 1787689274.0632284
Output for task 101: };, time: 1787689274.064166
Added task 91, time: 1787689274.0696743
Output for task 102: }->False, time: 1787689274.0738332
Output for task 91: ->False, time: 1787689274.098962
Finish executing task 90 for agent 3 on time 1787689275.2893405 with plan ?s('scissors')==True{
Start executing task 90 for agent 3 on time 1787689275.2897067 with plan g('scissors')
Finish executing task 98 for agent 10 on time 1787689275.3968065 with plan ?s('scissors')==True{
Start executing task 98 for agent 10 on time 1787689275.3971899 with plan g('scissors')
Finish executing task 100 for agent 4 on time 1787689275.4405901 with plan ?s('scissors')==True{
Start executing task 100 for agent 4 on time 1787689275.4409237 with plan g('scissors')
Finish executing task 102 for agent 25 on time 1787689275.4825997 with plan ?s('scissors')==True{
Start executing task 102 for agent 25 on time 1787689275.4829307 with plan g('scissors')
Finish executing task 94 for agent 14 on time 1787689276.1662986 with plan tc(30);
Start executing task 94 for agent 14 on time 1787689276.1666534 with plan 
Finish executing task 94 for agent 14 on time 1787689276.1669269 with plan 
Finish executing task 97 for agent 0 on time 1787689276.1992505 with plan tc(30);
Start executing task 97 for agent 0 on time 1787689276.1995904 with plan 
Finish executing task 97 for agent 0 on time 1787689276.1998417 with plan 
Finish executing task 103 for agent 17 on time 1787689276.2244728 with plan tc(30);
Start executing task 103 for agent 17 on time 1787689276.2248015 with plan 
Finish executing task 103 for agent 17 on time 1787689276.225067 with plan 
Finish executing task 91 for agent 23 on time 1787689276.3115842 with plan md(40);
Start executing task 91 for agent 23 on time 1787689276.3119383 with plan ?iv('toy')==True{
Finish executing task 91 for agent 23 on time 1787689276.313271 with plan ?iv('toy')==True{
Start executing task 91 for agent 23 on time 1787689276.3134146 with plan g('toy')}
Finish executing task 89 for agent 6 on time 1787689276.5782158 with plan ?iv('boy')==True{
Start executing task 89 for agent 6 on time 1787689276.5785458 with plan tc(45)}
Finish executing task 92 for agent 11 on time 1787689277.4811213 with plan ?s('cat')==True{
Start executing task 92 for agent 11 on time 1787689277.4814916 with plan g('cat')
Finish executing task 93 for agent 2 on time 1787689277.5119228 with plan ?s('cat')==True{
Start executing task 93 for agent 2 on time 1787689277.5122647 with plan g('cat')
Finish executing task 95 for agent 12 on time 1787689277.538508 with plan ?s('cat')==True{
Start executing task 95 for agent 12 on time 1787689277.5387611 with plan g('cat')
Finish executing task 96 for agent 19 on time 1787689277.5504465 with plan ?s('cat')==True{
Start executing task 96 for agent 19 on time 1787689277.5507557 with plan g('cat')
Finish executing task 99 for agent 20 on time 1787689277.5654852 with plan ?s('cat')==True{
Start executing task 99 for agent 20 on time 1787689277.5658045 with plan g('cat')
Finish executing task 101 for agent 16 on time 1787689277.6049297 with plan ?s('cat')==True{
Start executing task 101 for agent 16 on time 1787689277.605377 with plan g('cat')
Generating request from task 104, time: 1787689277.708435
Generating request from task 105, time: 1787689277.7090676
Generating request from task 106, time: 1787689277.7098844
Generating request from task 107, time: 1787689277.7108145
Generating request from task 108, time: 1787689277.7117867
Generating request from task 109, time: 1787689277.712851
Generating request from task 110, time: 1787689277.713814
Generating request from task 111, time: 1787689277.7147858
Generating request from task 112, time: 1787689277.7157907
Generating request from task 113, time: 1787689277.7167797
Generating request from task 114, time: 1787689277.7177756
Generating request from task 115, time: 1787689277.7187734
Generating request from task 116, time: 1787689277.71977
Generating request from task 117, time: 1787689277.7207692
Added task 105, time: 1787689277.7227046
Added task 110, time: 1787689277.740277
Finish executing task 90 for agent 3 on time 1787689277.7513976 with plan g('scissors')
Start executing task 90 for agent 3 on time 1787689277.7517042 with plan }->False
Finish executing task 90 for agent 3 on time 1787689277.752014 with plan }->False
Added task 111, time: 1787689277.7572622
Added task 113, time: 1787689277.7744842
Output for task 110: tc(45);, time: 1787689277.7804363
Start executing task 110 for agent 7 on time 1787689277.7818415 with plan tc(45);
Added task 115, time: 1787689277.8084626
Output for task 105: ?iv('boy')==True{, time: 1787689277.8085816
Start executing task 105 for agent 24 on time 1787689277.810029 with plan ?iv('boy')==True{
Added task 105, time: 1787689277.8195708
Output for task 111: tc(45);, time: 1787689277.8196936
Start executing task 111 for agent 13 on time 1787689277.8211992 with plan tc(45);
Added task 110, time: 1787689277.828403
Added task 111, time: 1787689277.8355103
Added task 104, time: 1787689277.8515756
Finish executing task 98 for agent 10 on time 1787689277.85885 with plan g('scissors')
Start executing task 98 for agent 10 on time 1787689277.8591769 with plan }->False
Finish executing task 98 for agent 10 on time 1787689277.859464 with plan }->False
Added task 106, time: 1787689277.8654656
Added task 107, time: 1787689277.880695
Added task 108, time: 1787689277.893756
Output for task 113: ?iv('boy')==True{, time: 1787689277.8938613
Output for task 110: , time: 1787689277.8951867
Start executing task 113 for agent 21 on time 1787689277.8951406 with plan ?iv('boy')==True{
Output for task 111: , time: 1787689277.8955402
Output for task 105: tc(45)}, time: 1787689277.8960075
Finish executing task 100 for agent 4 on time 1787689277.9025536 with plan g('scissors')
Start executing task 100 for agent 4 on time 1787689277.902891 with plan }->False
Added task 113, time: 1787689277.9030738
Finish executing task 100 for agent 4 on time 1787689277.9031732 with plan }->False
Added task 109, time: 1787689277.918151
Output for task 115: ?iv('boy')==True{, time: 1787689277.9182522
Start executing task 115 for agent 26 on time 1787689277.9206522 with plan ?iv('boy')==True{
Added task 115, time: 1787689277.9269388
Added task 112, time: 1787689277.9402795
Finish executing task 102 for agent 25 on time 1787689277.9445627 with plan g('scissors')
Start executing task 102 for agent 25 on time 1787689277.944896 with plan }->False
Finish executing task 102 for agent 25 on time 1787689277.9451883 with plan }->False
Added task 114, time: 1787689277.952558
Output for task 104: md(40);, time: 1787689277.952647
Start executing task 104 for agent 22 on time 1787689277.9538462 with plan md(40);
Added task 116, time: 1787689277.9666543
Output for task 107: mu(40);, time: 1787689277.9671547
Start executing task 107 for agent 15 on time 1787689277.9682186 with plan mu(40);
Output for task 108: md(40);, time: 1787689277.9698951
Start executing task 108 for agent 1 on time 1787689277.9709888 with plan md(40);
Output for task 106: ?s('scissors')==True{, time: 1787689277.972746
Output for task 113: tc(45)}, time: 1787689277.9734898
Start executing task 106 for agent 9 on time 1787689277.9737535 with plan ?s('scissors')==True{
Output for task 109: md(40);, time: 1787689277.9838438
Start executing task 109 for agent 8 on time 1787689277.9848392 with plan md(40);
Output for task 115: tc(45)}, time: 1787689277.9918404
Added task 117, time: 1787689278.012588
Added task 105, time: 1787689278.0236876
Added task 113, time: 1787689278.034333
Output for task 112: ?iv('keys'), time: 1787689278.0344443
Start executing task 112 for agent 18 on time 1787689278.0358396 with plan ?iv('keys')
Finish executing task 112 for agent 18 on time 1787689278.0372593 with plan ?iv('keys')
Added task 112, time: 1787689278.0461226
Output for task 114: ?iv('keys'), time: 1787689278.046244
Output for task 116: md(40);, time: 1787689278.047169
Start executing task 114 for agent 5 on time 1787689278.047629 with plan ?iv('keys')
Finish executing task 114 for agent 5 on time 1787689278.049078 with plan ?iv('keys')
Start executing task 116 for agent 27 on time 1787689278.0494514 with plan md(40);
Added task 114, time: 1787689278.0602837
Added task 115, time: 1787689278.071341
Added task 106, time: 1787689278.0834672
Added task 104, time: 1787689278.0950434
Added task 107, time: 1787689278.1051266
Added task 108, time: 1787689278.1151078
Output for task 117: mu(40);, time: 1787689278.1152542
Output for task 105: ->False;, time: 1787689278.117307
Start executing task 117 for agent 28 on time 1787689278.1175528 with plan mu(40);
Output for task 113: ->False;, time: 1787689278.1179466
Output for task 112: &iv('wallet'), time: 1787689278.124434
Start executing task 112 for agent 18 on time 1787689278.1258109 with plan &iv('wallet')
Finish executing task 112 for agent 18 on time 1787689278.1271565 with plan &iv('wallet')
Output for task 114: &iv('wallet'), time: 1787689278.1311996
Output for task 115: ->False;, time: 1787689278.1320832
Start executing task 114 for agent 5 on time 1787689278.1324348 with plan &iv('wallet')
Finish executing task 114 for agent 5 on time 1787689278.1337738 with plan &iv('wallet')
Added task 114, time: 1787689278.1445777
Added task 112, time: 1787689278.154367
Output for task 106: g('scissors'), time: 1787689278.154497
Added task 109, time: 1787689278.1618998
Added task 116, time: 1787689278.167583
Added task 117, time: 1787689278.1723127
Added task 106, time: 1787689278.1789205
Output for task 104: ?iv('toy')==True{, time: 1787689278.1790495
Added task 104, time: 1787689278.1837304
Output for task 107: ?iv('book')==True{, time: 1787689278.1838498
Added task 107, time: 1787689278.1956518
Output for task 108: ?iv('toy')==True{, time: 1787689278.1957936
Output for task 114: ->{l('Yes');, time: 1787689278.2197847
Start executing task 114 for agent 5 on time 1787689278.2211678 with plan ->{l('Yes');
Finish executing task 114 for agent 5 on time 1787689278.2225184 with plan ->{l('Yes');
Output for task 112: ->{l('Yes');, time: 1787689278.2245119
Output for task 106: }->False, time: 1787689278.225465
Output for task 107: tp()}, time: 1787689278.225666
Start executing task 112 for agent 18 on time 1787689278.2258213 with plan ->{l('Yes');
Finish executing task 112 for agent 18 on time 1787689278.227198 with plan ->{l('Yes');
Added task 112, time: 1787689278.2347653
Output for task 104: g('toy')}, time: 1787689278.2349153
Added task 114, time: 1787689278.242583
Added task 107, time: 1787689278.2491846
Output for task 109: ?iv('toy')==True{, time: 1787689278.2493272
Output for task 116: ?iv('toy')==True{, time: 1787689278.2501998
Added task 108, time: 1787689278.2580168
Output for task 117: ?iv('book')==True{, time: 1787689278.2581563
Added task 109, time: 1787689278.2708473
Added task 116, time: 1787689278.2797763
Output for task 107: ->False, time: 1787689278.286644
Output for task 108: g('toy')}, time: 1787689278.3015544
Output for task 112: ->True}l('No');, time: 1787689278.30779
Start executing task 112 for agent 18 on time 1787689278.3098068 with plan ->True}l('No');
Output for task 114: ->True}l('No');, time: 1787689278.309953
Finish executing task 112 for agent 18 on time 1787689278.3112464 with plan ->True}l('No');
Start executing task 114 for agent 5 on time 1787689278.3117754 with plan ->True}l('No');
Finish executing task 114 for agent 5 on time 1787689278.313125 with plan ->True}l('No');
Added task 114, time: 1787689278.3219628
Output for task 109: g('toy')}, time: 1787689278.3221784
Added task 112, time: 1787689278.3332486
Output for task 116: g('toy')}, time: 1787689278.3334234
Added task 117, time: 1787689278.343062
Added task 104, time: 1787689278.3502717
Added task 108, time: 1787689278.3603666
Added task 109, time: 1787689278.36571
Added task 116, time: 1787689278.37347
Output for task 114: ->False, time: 1787689278.3736336
Start executing task 114 for agent 5 on time 1787689278.3821185 with plan ->False
Finish executing task 114 for agent 5 on time 1787689278.3824031 with plan ->False
Output for task 112: ->False, time: 1787689278.3917768
Output for task 117: tp()}, time: 1787689278.3919775
Start executing task 112 for agent 18 on time 1787689278.3938463 with plan ->False
Finish executing task 112 for agent 18 on time 1787689278.3941104 with plan ->False
Added task 117, time: 1787689278.4060633
Output for task 104: ->False, time: 1787689278.4106598
Output for task 108: ->False, time: 1787689278.411615
Output for task 109: ->False, time: 1787689278.4117312
Output for task 116: ->False, time: 1787689278.4125137
Output for task 117: ->False, time: 1787689278.435326
Finish executing task 89 for agent 6 on time 1787689278.556587 with plan tc(45)}
Start executing task 89 for agent 6 on time 1787689278.5569587 with plan ->False;
Finish executing task 89 for agent 6 on time 1787689278.5572538 with plan ->False;
Finish executing task 91 for agent 23 on time 1787689279.0202692 with plan g('toy')}
Start executing task 91 for agent 23 on time 1787689279.0206287 with plan ->False
Finish executing task 91 for agent 23 on time 1787689279.020963 with plan ->False
Finish executing task 106 for agent 9 on time 1787689279.5304084 with plan ?s('scissors')==True{
Start executing task 106 for agent 9 on time 1787689279.5307732 with plan g('scissors')
Finish executing task 110 for agent 7 on time 1787689279.8908775 with plan tc(45);
Start executing task 110 for agent 7 on time 1787689279.8912213 with plan 
Finish executing task 110 for agent 7 on time 1787689279.8914762 with plan 
Finish executing task 111 for agent 13 on time 1787689279.93023 with plan tc(45);
Start executing task 111 for agent 13 on time 1787689279.9305718 with plan 
Finish executing task 111 for agent 13 on time 1787689279.9308603 with plan 
Finish executing task 92 for agent 11 on time 1787689279.9431376 with plan g('cat')
Start executing task 92 for agent 11 on time 1787689279.94346 with plan };
Finish executing task 92 for agent 11 on time 1787689279.9437294 with plan };
Finish executing task 93 for agent 2 on time 1787689279.973902 with plan g('cat')
Start executing task 93 for agent 2 on time 1787689279.9742033 with plan };
Finish executing task 93 for agent 2 on time 1787689279.9744651 with plan };
Finish executing task 95 for agent 12 on time 1787689280.0003808 with plan g('cat')
Start executing task 95 for agent 12 on time 1787689280.0006385 with plan };
Finish executing task 95 for agent 12 on time 1787689280.000849 with plan };
Finish executing task 96 for agent 19 on time 1787689280.012394 with plan g('cat')
Start executing task 96 for agent 19 on time 1787689280.0127132 with plan };
Finish executing task 96 for agent 19 on time 1787689280.0130298 with plan };
Finish executing task 99 for agent 20 on time 1787689280.0274405 with plan g('cat')
Start executing task 99 for agent 20 on time 1787689280.027812 with plan };
Finish executing task 99 for agent 20 on time 1787689280.028174 with plan };
Finish executing task 101 for agent 16 on time 1787689280.0671306 with plan g('cat')
Start executing task 101 for agent 16 on time 1787689280.0674298 with plan };
Finish executing task 101 for agent 16 on time 1787689280.0676975 with plan };
Finish executing task 107 for agent 15 on time 1787689280.468129 with plan mu(40);
Start executing task 107 for agent 15 on time 1787689280.4684496 with plan ?iv('book')==True{
Finish executing task 107 for agent 15 on time 1787689280.4697764 with plan ?iv('book')==True{
Start executing task 107 for agent 15 on time 1787689280.4699516 with plan tp()}
Finish executing task 107 for agent 15 on time 1787689280.471211 with plan tp()}
Start executing task 107 for agent 15 on time 1787689280.471341 with plan ->False
Finish executing task 107 for agent 15 on time 1787689280.4715471 with plan ->False
Finish executing task 104 for agent 22 on time 1787689280.5486617 with plan md(40);
Start executing task 104 for agent 22 on time 1787689280.5490716 with plan ?iv('toy')==True{
Finish executing task 104 for agent 22 on time 1787689280.5505073 with plan ?iv('toy')==True{
Start executing task 104 for agent 22 on time 1787689280.5506628 with plan g('toy')}
Finish executing task 108 for agent 1 on time 1787689280.5658119 with plan md(40);
Start executing task 108 for agent 1 on time 1787689280.56613 with plan ?iv('toy')==True{
Finish executing task 108 for agent 1 on time 1787689280.5674644 with plan ?iv('toy')==True{
Start executing task 108 for agent 1 on time 1787689280.5676172 with plan g('toy')}
Finish executing task 109 for agent 8 on time 1787689280.5795827 with plan md(40);
Start executing task 109 for agent 8 on time 1787689280.5797398 with plan ?iv('toy')==True{
Finish executing task 109 for agent 8 on time 1787689280.581038 with plan ?iv('toy')==True{
Start executing task 109 for agent 8 on time 1787689280.5811546 with plan g('toy')}
Finish executing task 117 for agent 28 on time 1787689280.6174772 with plan mu(40);
Start executing task 117 for agent 28 on time 1787689280.6177342 with plan ?iv('book')==True{
Finish executing task 117 for agent 28 on time 1787689280.6190474 with plan ?iv('book')==True{
Start executing task 117 for agent 28 on time 1787689280.6191802 with plan tp()}
Finish executing task 117 for agent 28 on time 1787689280.6204069 with plan tp()}
Start executing task 117 for agent 28 on time 1787689280.6205192 with plan ->False
Finish executing task 117 for agent 28 on time 1787689280.620732 with plan ->False
Finish executing task 116 for agent 27 on time 1787689280.6442783 with plan md(40);
Start executing task 116 for agent 27 on time 1787689280.6446073 with plan ?iv('toy')==True{
Finish executing task 116 for agent 27 on time 1787689280.6459494 with plan ?iv('toy')==True{
Start executing task 116 for agent 27 on time 1787689280.6460946 with plan g('toy')}
Finish executing task 105 for agent 24 on time 1787689280.8104758 with plan ?iv('boy')==True{
Start executing task 105 for agent 24 on time 1787689280.8107781 with plan tc(45)}
Finish executing task 113 for agent 21 on time 1787689280.8955777 with plan ?iv('boy')==True{
Start executing task 113 for agent 21 on time 1787689280.8959064 with plan tc(45)}
Finish executing task 115 for agent 26 on time 1787689280.9211073 with plan ?iv('boy')==True{
Start executing task 115 for agent 26 on time 1787689280.921427 with plan tc(45)}
Generating request from task 118, time: 1787689281.7476633
Generating request from task 119, time: 1787689281.7482705
Generating request from task 120, time: 1787689281.7491548
Generating request from task 121, time: 1787689281.7500873
Generating request from task 122, time: 1787689281.7510717
Generating request from task 123, time: 1787689281.7520363
Generating request from task 124, time: 1787689281.7530396
Generating request from task 125, time: 1787689281.7542498
Generating request from task 126, time: 1787689281.7550795
Generating request from task 127, time: 1787689281.7560382
Generating request from task 128, time: 1787689281.7570295
Generating request from task 129, time: 1787689281.758023
Generating request from task 130, time: 1787689281.7593808
Generating request from task 131, time: 1787689281.7601326
Generating request from task 132, time: 1787689281.7610862
Generating request from task 133, time: 1787689281.7620857
Added task 118, time: 1787689281.7740812
Added task 122, time: 1787689281.7938983
Added task 123, time: 1787689281.8133993
Added task 119, time: 1787689281.831871
Added task 120, time: 1787689281.8475785
Added task 121, time: 1787689281.8623798
Added task 124, time: 1787689281.8768914
Output for task 118: md(40);, time: 1787689281.876994
Start executing task 118 for agent 3 on time 1787689281.8783233 with plan md(40);
Output for task 122: tc(45);, time: 1787689281.8802037
Start executing task 122 for agent 18 on time 1787689281.8814175 with plan tc(45);
Output for task 123: ?iv('boy')==True{, time: 1787689281.8857756
Output for task 119: md(40);, time: 1787689281.8866403
Start executing task 123 for agent 5 on time 1787689281.8870423 with plan ?iv('boy')==True{
Start executing task 119 for agent 10 on time 1787689281.8879204 with plan md(40);
Added task 123, time: 1787689281.89628
Added task 122, time: 1787689281.9063077
Added task 125, time: 1787689281.9216058
Output for task 120: mu(40);, time: 1787689281.9217043
Start executing task 120 for agent 4 on time 1787689281.9230046 with plan mu(40);
Added task 126, time: 1787689281.9400039
Added task 127, time: 1787689281.9547153
Output for task 121: md(40);, time: 1787689281.9548109
Start executing task 121 for agent 25 on time 1787689281.9560113 with plan md(40);
Added task 128, time: 1787689281.9702067
Added task 129, time: 1787689281.9863703
Output for task 124: md(40);, time: 1787689281.9864569
Output for task 122: , time: 1787689281.9874926
Start executing task 124 for agent 14 on time 1787689281.9877274 with plan md(40);
Output for task 123: tc(45)}, time: 1787689281.987976
Finish executing task 106 for agent 9 on time 1787689281.9924698 with plan g('scissors')
Start executing task 106 for agent 9 on time 1787689281.9927561 with plan }->False
Finish executing task 106 for agent 9 on time 1787689281.9930487 with plan }->False
Added task 130, time: 1787689282.0057757
Output for task 125: mu(40);, time: 1787689282.00797
Start executing task 125 for agent 0 on time 1787689282.0086408 with plan mu(40);
Added task 131, time: 1787689282.0241423
Added task 132, time: 1787689282.0414147
Added task 133, time: 1787689282.056603
Added task 123, time: 1787689282.0661793
Output for task 126: ?iv('keys'), time: 1787689282.0662673
Start executing task 126 for agent 17 on time 1787689282.0674903 with plan ?iv('keys')
Finish executing task 126 for agent 17 on time 1787689282.0689044 with plan ?iv('keys')
Added task 126, time: 1787689282.074728
Added task 118, time: 1787689282.0820472
Output for task 127: ?iv('keys'), time: 1787689282.0821395
Start executing task 127 for agent 6 on time 1787689282.0834057 with plan ?iv('keys')
Finish executing task 127 for agent 6 on time 1787689282.0848508 with plan ?iv('keys')
Added task 127, time: 1787689282.0917938
Added task 119, time: 1787689282.0980172
Added task 120, time: 1787689282.105716
Output for task 128: ?s('cat')==True{, time: 1787689282.1058147
Start executing task 128 for agent 23 on time 1787689282.1070497 with plan ?s('cat')==True{
Added task 128, time: 1787689282.1118376
Added task 121, time: 1787689282.116681
Output for task 129: ?iv('keys'), time: 1787689282.1167822
Start executing task 129 for agent 15 on time 1787689282.1179898 with plan ?iv('keys')
Finish executing task 129 for agent 15 on time 1787689282.119352 with plan ?iv('keys')
Added task 129, time: 1787689282.1241941
Output for task 130: md(40);, time: 1787689282.124296
Start executing task 130 for agent 28 on time 1787689282.125299 with plan md(40);
Added task 124, time: 1787689282.129399
Added task 125, time: 1787689282.1352608
Added task 130, time: 1787689282.1400077
Output for task 131: ?s('cat')==True{, time: 1787689282.1454842
Output for task 132: md(40);, time: 1787689282.146928
Start executing task 131 for agent 29 on time 1787689282.1476398 with plan ?s('cat')==True{
Start executing task 132 for agent 30 on time 1787689282.1489317 with plan md(40);
Output for task 123: ->False;, time: 1787689282.150583
Output for task 133: ?s('cat')==True{, time: 1787689282.1513104
Start executing task 133 for agent 31 on time 1787689282.1533558 with plan ?s('cat')==True{
Output for task 126: &iv('wallet'), time: 1787689282.1564808
Start executing task 126 for agent 17 on time 1787689282.1574948 with plan &iv('wallet')
Finish executing task 126 for agent 17 on time 1787689282.1587818 with plan &iv('wallet')
Output for task 118: ?iv('toy')==True{, time: 1787689282.1848512
Output for task 127: &iv('wallet'), time: 1787689282.186382
Start executing task 127 for agent 6 on time 1787689282.187473 with plan &iv('wallet')
Finish executing task 127 for agent 6 on time 1787689282.1888556 with plan &iv('wallet')
Output for task 128: g('cat'), time: 1787689282.1919503
Output for task 119: ?iv('toy')==True{, time: 1787689282.203637
Output for task 120: ?iv('book')==True{, time: 1787689282.2105515
Output for task 129: &iv('wallet'), time: 1787689282.211556
Start executing task 129 for agent 15 on time 1787689282.212839 with plan &iv('wallet')
Finish executing task 129 for agent 15 on time 1787689282.214153 with plan &iv('wallet')
Added task 129, time: 1787689282.226688
Output for task 121: ?iv('toy')==True{, time: 1787689282.22684
Added task 127, time: 1787689282.2416825
Output for task 124: ?iv('toy')==True{, time: 1787689282.2418299
Added task 126, time: 1787689282.255834
Added task 131, time: 1787689282.268752
Added task 133, time: 1787689282.2806346
Added task 118, time: 1787689282.2952752
Output for task 125: ?iv('book')==True{, time: 1787689282.2954335
Output for task 130: ?iv('toy')==True{, time: 1787689282.2964847
Added task 119, time: 1787689282.3087575
Added task 120, time: 1787689282.3224332
Added task 121, time: 1787689282.3319447
Added task 124, time: 1787689282.3439221
Output for task 129: ->{l('Yes');, time: 1787689282.3440804
Start executing task 129 for agent 15 on time 1787689282.3453894 with plan ->{l('Yes');
Finish executing task 129 for agent 15 on time 1787689282.3466847 with plan ->{l('Yes');
Output for task 127: ->{l('Yes');, time: 1787689282.3491385
Start executing task 127 for agent 6 on time 1787689282.350855 with plan ->{l('Yes');
Finish executing task 127 for agent 6 on time 1787689282.3523693 with plan ->{l('Yes');
Output for task 126: ->{l('Yes');, time: 1787689282.3539913
Start executing task 126 for agent 17 on time 1787689282.3554459 with plan ->{l('Yes');
Finish executing task 126 for agent 17 on time 1787689282.3567533 with plan ->{l('Yes');
Added task 126, time: 1787689282.3670845
Output for task 131: g('cat'), time: 1787689282.3672423
Added task 127, time: 1787689282.3819761
Added task 129, time: 1787689282.3919153
Output for task 133: g('cat'), time: 1787689282.3920717
Added task 125, time: 1787689282.4054956
Added task 130, time: 1787689282.4141772
Output for task 118: g('toy')}, time: 1787689282.4143322
Added task 132, time: 1787689282.4269125
Added task 128, time: 1787689282.438216
Output for task 119: g('toy')}, time: 1787689282.4383724
Output for task 120: tp()}, time: 1787689282.4392834
Added task 120, time: 1787689282.4484806
Added task 131, time: 1787689282.4591508
Added task 133, time: 1787689282.4658678
Output for task 121: g('toy')}, time: 1787689282.46602
Added task 118, time: 1787689282.472707
Added task 119, time: 1787689282.4777167
Output for task 124: g('toy')}, time: 1787689282.4778726
Added task 121, time: 1787689282.486612
Added task 124, time: 1787689282.490037
Output for task 126: ->True}l('No');, time: 1787689282.5037882
Output for task 125: tp()}, time: 1787689282.5046756
Start executing task 126 for agent 17 on time 1787689282.505177 with plan ->True}l('No');
Output for task 127: ->True}l('No');, time: 1787689282.5063107
Finish executing task 126 for agent 17 on time 1787689282.5065675 with plan ->True}l('No');
Start executing task 127 for agent 6 on time 1787689282.507668 with plan ->True}l('No');
Finish executing task 127 for agent 6 on time 1787689282.5091655 with plan ->True}l('No');
Output for task 129: ->True}l('No');, time: 1787689282.5103283
Output for task 130: g('toy')}, time: 1787689282.5111756
Start executing task 129 for agent 15 on time 1787689282.511646 with plan ->True}l('No');
Finish executing task 129 for agent 15 on time 1787689282.5129685 with plan ->True}l('No');
Added task 129, time: 1787689282.5218723
Added task 127, time: 1787689282.5339713
Output for task 128: };, time: 1787689282.5341048
Added task 126, time: 1787689282.5428705
Output for task 131: };, time: 1787689282.543008
Added task 125, time: 1787689282.5523112
Output for task 120: ->False, time: 1787689282.5524342
Output for task 133: };, time: 1787689282.552606
Added task 130, time: 1787689282.561332
Output for task 132: ?iv('toy')==True{, time: 1787689282.5625389
Output for task 118: ->False, time: 1787689282.5633152
Output for task 119: ->False, time: 1787689282.5634153
Added task 132, time: 1787689282.5667017
Output for task 121: ->False, time: 1787689282.5668368
Output for task 124: ->False, time: 1787689282.5669324
Output for task 129: ->False, time: 1787689282.5732412
Start executing task 129 for agent 15 on time 1787689282.5783985 with plan ->False
Finish executing task 129 for agent 15 on time 1787689282.5786507 with plan ->False
Output for task 127: ->False, time: 1787689282.5787807
Start executing task 127 for agent 6 on time 1787689282.579347 with plan ->False
Finish executing task 127 for agent 6 on time 1787689282.5796978 with plan ->False
Output for task 126: ->False, time: 1787689282.5828483
Output for task 125: ->False, time: 1787689282.585743
Start executing task 126 for agent 17 on time 1787689282.5883853 with plan ->False
Finish executing task 126 for agent 17 on time 1787689282.5886052 with plan ->False
Output for task 130: ->False, time: 1787689282.5900753
Output for task 132: g('toy')}, time: 1787689282.6026073
Added task 132, time: 1787689282.6060927
Output for task 132: ->False, time: 1787689282.6346438
Finish executing task 105 for agent 24 on time 1787689282.788795 with plan tc(45)}
Start executing task 105 for agent 24 on time 1787689282.7891061 with plan ->False;
Finish executing task 105 for agent 24 on time 1787689282.7893648 with plan ->False;
Finish executing task 113 for agent 21 on time 1787689282.8739314 with plan tc(45)}
Start executing task 113 for agent 21 on time 1787689282.8742535 with plan ->False;
Finish executing task 113 for agent 21 on time 1787689282.8745377 with plan ->False;
Finish executing task 115 for agent 26 on time 1787689282.8994498 with plan tc(45)}
Start executing task 115 for agent 26 on time 1787689282.8997648 with plan ->False;
Finish executing task 115 for agent 26 on time 1787689282.9000967 with plan ->False;
Generating request from task 134, time: 1787689283.0279553
Generating request from task 135, time: 1787689283.0285332
Generating request from task 136, time: 1787689283.0294569
Generating request from task 137, time: 1787689283.0304184
Generating request from task 138, time: 1787689283.0314147
Generating request from task 139, time: 1787689283.0323787
Generating request from task 140, time: 1787689283.033386
Generating request from task 141, time: 1787689283.0343728
Generating request from task 142, time: 1787689283.0353827
Generating request from task 143, time: 1787689283.036385
Generating request from task 144, time: 1787689283.0373755
Generating request from task 145, time: 1787689283.0383635
Generating request from task 146, time: 1787689283.0393913
Generating request from task 147, time: 1787689283.0404778
Generating request from task 148, time: 1787689283.0415974
Generating request from task 149, time: 1787689283.0424438
Added task 134, time: 1787689283.0474954
Added task 135, time: 1787689283.0692887
Added task 136, time: 1787689283.0895157
Added task 139, time: 1787689283.1102183
Output for task 134: tc(45);, time: 1787689283.1111383
Start executing task 134 for agent 11 on time 1787689283.11259 with plan tc(45);
Generating request from task 150, time: 1787689283.1258886
Generating request from task 151, time: 1787689283.1266358
Generating request from task 152, time: 1787689283.1276171
Generating request from task 153, time: 1787689283.1286094
Added task 140, time: 1787689283.1323225
Output for task 135: tc(30);, time: 1787689283.1353257
Start executing task 135 for agent 2 on time 1787689283.137077 with plan tc(30);
Output for task 136: tc(30);, time: 1787689283.138883
Start executing task 136 for agent 12 on time 1787689283.1401162 with plan tc(30);
Output for task 139: tc(30);, time: 1787689283.1515658
Start executing task 139 for agent 16 on time 1787689283.1528385 with plan tc(30);
Output for task 140: tc(45);, time: 1787689283.1674073
Start executing task 140 for agent 17 on time 1787689283.1688519 with plan tc(45);
Added task 150, time: 1787689283.1958668
Added task 153, time: 1787689283.2216787
Added task 148, time: 1787689283.2455313
Finish executing task 104 for agent 22 on time 1787689283.2575436 with plan g('toy')}
Start executing task 104 for agent 22 on time 1787689283.2579188 with plan ->False
Finish executing task 104 for agent 22 on time 1787689283.2582135 with plan ->False
Added task 145, time: 1787689283.2681832
Finish executing task 108 for agent 1 on time 1787689283.274531 with plan g('toy')}
Start executing task 108 for agent 1 on time 1787689283.27489 with plan ->False
Finish executing task 108 for agent 1 on time 1787689283.2751749 with plan ->False
Added task 135, time: 1787689283.2822165
Finish executing task 109 for agent 8 on time 1787689283.2879875 with plan g('toy')}
Start executing task 109 for agent 8 on time 1787689283.288203 with plan ->False
Finish executing task 109 for agent 8 on time 1787689283.2884562 with plan ->False
Added task 136, time: 1787689283.2931175
Added task 139, time: 1787689283.3032749
Added task 134, time: 1787689283.312297
Added task 140, time: 1787689283.3231926
Added task 137, time: 1787689283.3402512
Finish executing task 116 for agent 27 on time 1787689283.3529649 with plan g('toy')}
Start executing task 116 for agent 27 on time 1787689283.3532753 with plan ->False
Finish executing task 116 for agent 27 on time 1787689283.3535495 with plan ->False
Added task 138, time: 1787689283.3558822
Output for task 150: ?iv('boy')==True{, time: 1787689283.3560004
Start executing task 150 for agent 9 on time 1787689283.3574007 with plan ?iv('boy')==True{
Added task 150, time: 1787689283.3656878
Output for task 153: tc(30);, time: 1787689283.3658051
Start executing task 153 for agent 41 on time 1787689283.3680937 with plan tc(30);
Added task 153, time: 1787689283.3735545
Added task 141, time: 1787689283.3879242
Added task 142, time: 1787689283.403307
Output for task 135: , time: 1787689283.4039247
Output for task 148: ?iv('boy')==True{, time: 1787689283.4052148
Output for task 145: tc(45);, time: 1787689283.4065447
Start executing task 148 for agent 37 on time 1787689283.4075933 with plan ?iv('boy')==True{
Output for task 136: , time: 1787689283.4077363
Output for task 139: , time: 1787689283.40783
Start executing task 145 for agent 34 on time 1787689283.4085922 with plan tc(45);
Added task 148, time: 1787689283.4146304
Output for task 134: , time: 1787689283.4147666
Output for task 140: , time: 1787689283.414841
Added task 143, time: 1787689283.4275184
Added task 144, time: 1787689283.4414551
Added task 146, time: 1787689283.452913
Added task 147, time: 1787689283.4633214
Added task 149, time: 1787689283.4749181
Output for task 137: md(40);, time: 1787689283.475006
Start executing task 137 for agent 19 on time 1787689283.4762056 with plan md(40);
Added task 151, time: 1787689283.4872937
Output for task 153: , time: 1787689283.4876382
Output for task 150: tc(45)}, time: 1787689283.4896507
Added task 152, time: 1787689283.5018456
Output for task 138: ?s('cat')==True{, time: 1787689283.5019245
Start executing task 138 for agent 20 on time 1787689283.5029366 with plan ?s('cat')==True{
Added task 145, time: 1787689283.507326
Output for task 141: md(40);, time: 1787689283.507398
Start executing task 141 for agent 6 on time 1787689283.5085096 with plan md(40);
Added task 150, time: 1787689283.5141022
Output for task 142: ?s('cat')==True{, time: 1787689283.5164113
Output for task 148: tc(45)}, time: 1787689283.5171084
Start executing task 142 for agent 15 on time 1787689283.5174134 with plan ?s('cat')==True{
Added task 148, time: 1787689283.5247269
Added task 138, time: 1787689283.5314467
Output for task 143: mu(40);, time: 1787689283.531528
Start executing task 143 for agent 32 on time 1787689283.5333266 with plan mu(40);
Output for task 146: mu(40);, time: 1787689283.5361843
Start executing task 146 for agent 35 on time 1787689283.5378373 with plan mu(40);
Added task 142, time: 1787689283.544257
Added task 137, time: 1787689283.5511668
Output for task 144: ?s('scissors')==True{, time: 1787689283.5512455
Start executing task 144 for agent 33 on time 1787689283.5529692 with plan ?s('scissors')==True{
Added task 144, time: 1787689283.5589662
Output for task 149: ?iv('keys'), time: 1787689283.559046
Output for task 145: , time: 1787689283.5600326
Start executing task 149 for agent 38 on time 1787689283.560846 with plan ?iv('keys')
Finish executing task 149 for agent 38 on time 1787689283.5622704 with plan ?iv('keys')
Added task 149, time: 1787689283.5703697
Output for task 147: ?s('scissors')==True{, time: 1787689283.5704486
Output for task 151: md(40);, time: 1787689283.571369
Start executing task 147 for agent 36 on time 1787689283.5721984 with plan ?s('scissors')==True{
Start executing task 151 for agent 39 on time 1787689283.5729043 with plan md(40);
Added task 147, time: 1787689283.5853026
Added task 141, time: 1787689283.5924094
Output for task 152: ?iv('keys'), time: 1787689283.5925002
Output for task 150: ->False;, time: 1787689283.5936136
Start executing task 152 for agent 40 on time 1787689283.5943134 with plan ?iv('keys')
Finish executing task 152 for agent 40 on time 1787689283.5955086 with plan ?iv('keys')
Added task 152, time: 1787689283.6026614
Output for task 148: ->False;, time: 1787689283.6027594
Output for task 138: g('cat'), time: 1787689283.6035798
Output for task 142: g('cat'), time: 1787689283.6043196
Output for task 144: g('scissors'), time: 1787689283.622423
Output for task 149: &iv('wallet'), time: 1787689283.623127
Start executing task 149 for agent 38 on time 1787689283.624113 with plan &iv('wallet')
Finish executing task 149 for agent 38 on time 1787689283.6254356 with plan &iv('wallet')
Added task 149, time: 1787689283.6350992
Output for task 137: ?iv('toy')==True{, time: 1787689283.635212
Output for task 147: g('scissors'), time: 1787689283.6383553
Output for task 152: &iv('wallet'), time: 1787689283.652408
Start executing task 152 for agent 40 on time 1787689283.6537187 with plan &iv('wallet')
Finish executing task 152 for agent 40 on time 1787689283.6551366 with plan &iv('wallet')
Output for task 141: ?iv('toy')==True{, time: 1787689283.6567888
Output for task 149: ->{l('Yes');, time: 1787689283.675683
Start executing task 149 for agent 38 on time 1787689283.676971 with plan ->{l('Yes');
Finish executing task 149 for agent 38 on time 1787689283.6783912 with plan ->{l('Yes');
Added task 149, time: 1787689283.691614
Generating request from task 154, time: 1787689283.6949022
Generating request from task 155, time: 1787689283.6954842
Added task 154, time: 1787689283.721515
Added task 152, time: 1787689283.7362165
Added task 155, time: 1787689283.7635555
Added task 137, time: 1787689283.7794793
Added task 141, time: 1787689283.7913733
Added task 143, time: 1787689283.802135
Added task 146, time: 1787689283.811727
Added task 151, time: 1787689283.8194427
Added task 138, time: 1787689283.829876
Added task 142, time: 1787689283.835951
Output for task 149: ->True}l('No');, time: 1787689283.8361034
Start executing task 149 for agent 38 on time 1787689283.8376198 with plan ->True}l('No');
Finish executing task 149 for agent 38 on time 1787689283.839038 with plan ->True}l('No');
Added task 149, time: 1787689283.8459005
Output for task 154: ?iv('boy')==True{, time: 1787689283.85089
Output for task 152: ->{l('Yes');, time: 1787689283.8519027
Start executing task 154 for agent 7 on time 1787689283.8526142 with plan ?iv('boy')==True{
Start executing task 152 for agent 40 on time 1787689283.85328 with plan ->{l('Yes');
Finish executing task 152 for agent 40 on time 1787689283.8546796 with plan ->{l('Yes');
Added task 154, time: 1787689283.8588989
Added task 152, time: 1787689283.8640358
Added task 144, time: 1787689283.8715236
Output for task 155: md(40);, time: 1787689283.871659
Start executing task 155 for agent 13 on time 1787689283.8724642 with plan md(40);
Added task 155, time: 1787689283.8796947
Added task 147, time: 1787689283.886299
Output for task 137: g('toy')}, time: 1787689283.8924532
Added task 137, time: 1787689283.8962564
Output for task 141: g('toy')}, time: 1787689283.8965406
Added task 141, time: 1787689283.9050963
Output for task 138: };, time: 1787689283.9083605
Output for task 142: };, time: 1787689283.9084823
Output for task 143: ?iv('book')==True{, time: 1787689283.9273381
Output for task 149: ->False, time: 1787689283.9280705
Output for task 146: ?iv('book')==True{, time: 1787689283.929337
Output for task 151: ?iv('toy')==True{, time: 1787689283.930024
Start executing task 149 for agent 38 on time 1787689283.9301248 with plan ->False
Finish executing task 149 for agent 38 on time 1787689283.9305027 with plan ->False
Output for task 144: }->False, time: 1787689283.9336188
Output for task 154: tc(45)}, time: 1787689283.9432228
Output for task 147: }->False, time: 1787689283.9500415
Output for task 152: ->True}l('No');, time: 1787689283.9583883
Output for task 155: ?iv('toy')==True{, time: 1787689283.9591637
Output for task 137: ->False, time: 1787689283.9597616
Output for task 141: ->False, time: 1787689283.9598587
Start executing task 152 for agent 40 on time 1787689283.9598083 with plan ->True}l('No');
Finish executing task 152 for agent 40 on time 1787689283.9612389 with plan ->True}l('No');
Added task 152, time: 1787689283.966299
Added task 154, time: 1787689283.9724853
Added task 143, time: 1787689283.9780002
Added task 146, time: 1787689283.9887304
Finish executing task 122 for agent 18 on time 1787689283.9904764 with plan tc(45);
Start executing task 122 for agent 18 on time 1787689283.9907913 with plan 
Finish executing task 122 for agent 18 on time 1787689283.9910603 with plan 
Added task 151, time: 1787689284.0019572
Output for task 152: ->False, time: 1787689284.0158906
Output for task 143: tp()}, time: 1787689284.0160909
Start executing task 152 for agent 40 on time 1787689284.0179825 with plan ->False
Finish executing task 152 for agent 40 on time 1787689284.0183313 with plan ->False
Added task 143, time: 1787689284.0245824
Output for task 146: tp()}, time: 1787689284.024753
Added task 146, time: 1787689284.029184
Output for task 154: ->False;, time: 1787689284.029322
Added task 155, time: 1787689284.0324383
Output for task 151: g('toy')}, time: 1787689284.039767
Added task 151, time: 1787689284.052411
Output for task 143: ->False, time: 1787689284.0603702
Output for task 146: ->False, time: 1787689284.0633667
Output for task 155: g('toy')}, time: 1787689284.0716193
Added task 155, time: 1787689284.0774324
Output for task 151: ->False, time: 1787689284.0813966
Output for task 155: ->False, time: 1787689284.106482
Finish executing task 120 for agent 4 on time 1787689284.4230025 with plan mu(40);
Start executing task 120 for agent 4 on time 1787689284.4233627 with plan ?iv('book')==True{
Finish executing task 120 for agent 4 on time 1787689284.4247077 with plan ?iv('book')==True{
Start executing task 120 for agent 4 on time 1787689284.4248817 with plan tp()}
Finish executing task 120 for agent 4 on time 1787689284.42612 with plan tp()}
Start executing task 120 for agent 4 on time 1787689284.4262347 with plan ->False
Finish executing task 120 for agent 4 on time 1787689284.4264534 with plan ->False
Finish executing task 118 for agent 3 on time 1787689284.473225 with plan md(40);
Start executing task 118 for agent 3 on time 1787689284.473563 with plan ?iv('toy')==True{
Finish executing task 118 for agent 3 on time 1787689284.474912 with plan ?iv('toy')==True{
Start executing task 118 for agent 3 on time 1787689284.475057 with plan g('toy')}
Finish executing task 119 for agent 10 on time 1787689284.4827666 with plan md(40);
Start executing task 119 for agent 10 on time 1787689284.4830954 with plan ?iv('toy')==True{
Finish executing task 119 for agent 10 on time 1787689284.4844172 with plan ?iv('toy')==True{
Start executing task 119 for agent 10 on time 1787689284.4845614 with plan g('toy')}
Finish executing task 125 for agent 0 on time 1787689284.5085757 with plan mu(40);
Start executing task 125 for agent 0 on time 1787689284.508878 with plan ?iv('book')==True{
Finish executing task 125 for agent 0 on time 1787689284.5102634 with plan ?iv('book')==True{
Start executing task 125 for agent 0 on time 1787689284.510409 with plan tp()}
Finish executing task 125 for agent 0 on time 1787689284.5116465 with plan tp()}
Start executing task 125 for agent 0 on time 1787689284.5117662 with plan ->False
Finish executing task 125 for agent 0 on time 1787689284.5119853 with plan ->False
Finish executing task 121 for agent 25 on time 1787689284.5508606 with plan md(40);
Start executing task 121 for agent 25 on time 1787689284.5511765 with plan ?iv('toy')==True{
Finish executing task 121 for agent 25 on time 1787689284.552509 with plan ?iv('toy')==True{
Start executing task 121 for agent 25 on time 1787689284.5526578 with plan g('toy')}
Finish executing task 124 for agent 14 on time 1787689284.5825863 with plan md(40);
Start executing task 124 for agent 14 on time 1787689284.5829186 with plan ?iv('toy')==True{
Finish executing task 124 for agent 14 on time 1787689284.5842595 with plan ?iv('toy')==True{
Start executing task 124 for agent 14 on time 1787689284.5844004 with plan g('toy')}
Finish executing task 130 for agent 28 on time 1787689284.720043 with plan md(40);
Start executing task 130 for agent 28 on time 1787689284.7203674 with plan ?iv('toy')==True{
Finish executing task 130 for agent 28 on time 1787689284.721697 with plan ?iv('toy')==True{
Start executing task 130 for agent 28 on time 1787689284.721869 with plan g('toy')}
Finish executing task 132 for agent 30 on time 1787689284.743763 with plan md(40);
Start executing task 132 for agent 30 on time 1787689284.7441013 with plan ?iv('toy')==True{
Finish executing task 132 for agent 30 on time 1787689284.7454357 with plan ?iv('toy')==True{
Start executing task 132 for agent 30 on time 1787689284.7455914 with plan g('toy')}
Finish executing task 123 for agent 5 on time 1787689284.8875597 with plan ?iv('boy')==True{
Start executing task 123 for agent 5 on time 1787689284.8877988 with plan tc(45)}
Finish executing task 144 for agent 33 on time 1787689285.1097202 with plan ?s('scissors')==True{
Start executing task 144 for agent 33 on time 1787689285.1100595 with plan g('scissors')
Finish executing task 147 for agent 36 on time 1787689285.1289496 with plan ?s('scissors')==True{
Start executing task 147 for agent 36 on time 1787689285.1292355 with plan g('scissors')
Finish executing task 134 for agent 11 on time 1787689285.221657 with plan tc(45);
Start executing task 134 for agent 11 on time 1787689285.222 with plan 
Finish executing task 134 for agent 11 on time 1787689285.2222497 with plan 
Finish executing task 140 for agent 17 on time 1787689285.2778833 with plan tc(45);
Start executing task 140 for agent 17 on time 1787689285.278201 with plan 
Finish executing task 140 for agent 17 on time 1787689285.2784522 with plan 
Finish executing task 145 for agent 34 on time 1787689285.5176353 with plan tc(45);
Start executing task 145 for agent 34 on time 1787689285.5180385 with plan 
Finish executing task 145 for agent 34 on time 1787689285.5183253 with plan 
Finish executing task 135 for agent 2 on time 1787689285.724133 with plan tc(30);
Start executing task 135 for agent 2 on time 1787689285.7245102 with plan 
Finish executing task 135 for agent 2 on time 1787689285.7248442 with plan 
Finish executing task 136 for agent 12 on time 1787689285.7270544 with plan tc(30);
Start executing task 136 for agent 12 on time 1787689285.7273564 with plan 
Finish executing task 136 for agent 12 on time 1787689285.7275991 with plan 
Finish executing task 139 for agent 16 on time 1787689285.7399065 with plan tc(30);
Start executing task 139 for agent 16 on time 1787689285.7402258 with plan 
Finish executing task 139 for agent 16 on time 1787689285.7404792 with plan 
Finish executing task 128 for agent 23 on time 1787689285.8206997 with plan ?s('cat')==True{
Start executing task 128 for agent 23 on time 1787689285.821051 with plan g('cat')
Generating request from task 156, time: 1787689285.8534913
Generating request from task 157, time: 1787689285.854091
Generating request from task 158, time: 1787689285.854992
Generating request from task 159, time: 1787689285.855976
Finish executing task 131 for agent 29 on time 1787689285.8614488 with plan ?s('cat')==True{
Start executing task 131 for agent 29 on time 1787689285.8617191 with plan g('cat')
Finish executing task 133 for agent 31 on time 1787689285.8669934 with plan ?s('cat')==True{
Start executing task 133 for agent 31 on time 1787689285.8673522 with plan g('cat')
Added task 156, time: 1787689285.8732855
Added task 157, time: 1787689285.8889022
Added task 158, time: 1787689285.9027154
Added task 159, time: 1787689285.9171414
Output for task 156: md(40);, time: 1787689285.9234471
Start executing task 156 for agent 24 on time 1787689285.9250147 with plan md(40);
Added task 156, time: 1787689285.9340827
Output for task 158: mu(40);, time: 1787689285.9401548
Start executing task 158 for agent 26 on time 1787689285.941581 with plan mu(40);
Finish executing task 153 for agent 41 on time 1787689285.955143 with plan tc(30);
Start executing task 153 for agent 41 on time 1787689285.955383 with plan 
Finish executing task 153 for agent 41 on time 1787689285.9556093 with plan 
Added task 158, time: 1787689285.9648528
Output for task 157: ?s('scissors')==True{, time: 1787689285.9693637
Start executing task 157 for agent 21 on time 1787689285.9711802 with plan ?s('scissors')==True{
Added task 157, time: 1787689285.9744828
Output for task 159: ?s('scissors')==True{, time: 1787689285.9932265
Start executing task 159 for agent 22 on time 1787689285.9953156 with plan ?s('scissors')==True{
Added task 159, time: 1787689286.002028
Output for task 156: ?iv('toy')==True{, time: 1787689286.0044827
Added task 156, time: 1787689286.0133774
Output for task 157: g('scissors'), time: 1787689286.0212245
Finish executing task 143 for agent 32 on time 1787689286.0332584 with plan mu(40);
Start executing task 143 for agent 32 on time 1787689286.0335705 with plan ?iv('book')==True{
Finish executing task 143 for agent 32 on time 1787689286.0349064 with plan ?iv('book')==True{
Start executing task 143 for agent 32 on time 1787689286.035047 with plan tp()}
Finish executing task 143 for agent 32 on time 1787689286.0362802 with plan tp()}
Start executing task 143 for agent 32 on time 1787689286.0363955 with plan ->False
Finish executing task 143 for agent 32 on time 1787689286.0366068 with plan ->False
Added task 157, time: 1787689286.0366473
Output for task 158: ?iv('book')==True{, time: 1787689286.0368938
Finish executing task 146 for agent 35 on time 1787689286.0378053 with plan mu(40);
Start executing task 146 for agent 35 on time 1787689286.0382018 with plan ?iv('book')==True{
Finish executing task 146 for agent 35 on time 1787689286.039593 with plan ?iv('book')==True{
Start executing task 146 for agent 35 on time 1787689286.0397832 with plan tp()}
Finish executing task 146 for agent 35 on time 1787689286.0411112 with plan tp()}
Start executing task 146 for agent 35 on time 1787689286.0413084 with plan ->False
Finish executing task 146 for agent 35 on time 1787689286.0416026 with plan ->False
Added task 158, time: 1787689286.0453253
Output for task 159: g('scissors'), time: 1787689286.0534546
Output for task 156: g('toy')}, time: 1787689286.0544872
Added task 159, time: 1787689286.0691092
Finish executing task 137 for agent 19 on time 1787689286.071019 with plan md(40);
Start executing task 137 for agent 19 on time 1787689286.0712903 with plan ?iv('toy')==True{
Finish executing task 137 for agent 19 on time 1787689286.0726109 with plan ?iv('toy')==True{
Start executing task 137 for agent 19 on time 1787689286.072755 with plan g('toy')}
Added task 156, time: 1787689286.0769055
Output for task 157: }->False, time: 1787689286.078206
Output for task 158: tp()}, time: 1787689286.078388
Added task 158, time: 1787689286.0828986
Finish executing task 141 for agent 6 on time 1787689286.1034472 with plan md(40);
Start executing task 141 for agent 6 on time 1787689286.1037247 with plan ?iv('toy')==True{
Finish executing task 141 for agent 6 on time 1787689286.1050406 with plan ?iv('toy')==True{
Start executing task 141 for agent 6 on time 1787689286.1052017 with plan g('toy')}
Output for task 159: }->False, time: 1787689286.1064131
Output for task 156: ->False, time: 1787689286.1092947
Output for task 158: ->False, time: 1787689286.1094449
Finish executing task 151 for agent 39 on time 1787689286.1675196 with plan md(40);
Start executing task 151 for agent 39 on time 1787689286.1676686 with plan ?iv('toy')==True{
Finish executing task 151 for agent 39 on time 1787689286.168836 with plan ?iv('toy')==True{
Start executing task 151 for agent 39 on time 1787689286.1689022 with plan g('toy')}
Finish executing task 150 for agent 9 on time 1787689286.3578176 with plan ?iv('boy')==True{
Start executing task 150 for agent 9 on time 1787689286.3581784 with plan tc(45)}
Finish executing task 148 for agent 37 on time 1787689286.4080722 with plan ?iv('boy')==True{
Start executing task 148 for agent 37 on time 1787689286.4083834 with plan tc(45)}
Finish executing task 155 for agent 13 on time 1787689286.4673276 with plan md(40);
Start executing task 155 for agent 13 on time 1787689286.4676425 with plan ?iv('toy')==True{
Finish executing task 155 for agent 13 on time 1787689286.469003 with plan ?iv('toy')==True{
Start executing task 155 for agent 13 on time 1787689286.4691582 with plan g('toy')}
Finish executing task 154 for agent 7 on time 1787689286.8530912 with plan ?iv('boy')==True{
Start executing task 154 for agent 7 on time 1787689286.8534374 with plan tc(45)}
Finish executing task 123 for agent 5 on time 1787689286.86586 with plan tc(45)}
Start executing task 123 for agent 5 on time 1787689286.866203 with plan ->False;
Finish executing task 123 for agent 5 on time 1787689286.8664992 with plan ->False;
Finish executing task 118 for agent 3 on time 1787689287.1819098 with plan g('toy')}
Start executing task 118 for agent 3 on time 1787689287.1822178 with plan ->False
Finish executing task 118 for agent 3 on time 1787689287.1824863 with plan ->False
Finish executing task 119 for agent 10 on time 1787689287.1914191 with plan g('toy')}
Start executing task 119 for agent 10 on time 1787689287.1917415 with plan ->False
Finish executing task 119 for agent 10 on time 1787689287.1920452 with plan ->False
Finish executing task 138 for agent 20 on time 1787689287.216353 with plan ?s('cat')==True{
Start executing task 138 for agent 20 on time 1787689287.2166803 with plan g('cat')
Finish executing task 142 for agent 15 on time 1787689287.2309997 with plan ?s('cat')==True{
Start executing task 142 for agent 15 on time 1787689287.2313173 with plan g('cat')
Finish executing task 121 for agent 25 on time 1787689287.259542 with plan g('toy')}
Start executing task 121 for agent 25 on time 1787689287.2598698 with plan ->False
Finish executing task 121 for agent 25 on time 1787689287.2601905 with plan ->False
Finish executing task 124 for agent 14 on time 1787689287.2912686 with plan g('toy')}
Start executing task 124 for agent 14 on time 1787689287.2916431 with plan ->False
Finish executing task 124 for agent 14 on time 1787689287.2921314 with plan ->False
Finish executing task 130 for agent 28 on time 1787689287.428729 with plan g('toy')}
Start executing task 130 for agent 28 on time 1787689287.4289954 with plan ->False
Finish executing task 130 for agent 28 on time 1787689287.4293265 with plan ->False
Finish executing task 132 for agent 30 on time 1787689287.4524605 with plan g('toy')}
Start executing task 132 for agent 30 on time 1787689287.4528503 with plan ->False
Finish executing task 132 for agent 30 on time 1787689287.4532125 with plan ->False
Finish executing task 157 for agent 21 on time 1787689287.527954 with plan ?s('scissors')==True{
Start executing task 157 for agent 21 on time 1787689287.5282586 with plan g('scissors')
Finish executing task 159 for agent 22 on time 1787689287.552084 with plan ?s('scissors')==True{
Start executing task 159 for agent 22 on time 1787689287.552398 with plan g('scissors')
Finish executing task 144 for agent 33 on time 1787689287.571692 with plan g('scissors')
Start executing task 144 for agent 33 on time 1787689287.5720708 with plan }->False
Finish executing task 144 for agent 33 on time 1787689287.572365 with plan }->False
Finish executing task 147 for agent 36 on time 1787689287.5908427 with plan g('scissors')
Start executing task 147 for agent 36 on time 1787689287.591103 with plan }->False
Finish executing task 147 for agent 36 on time 1787689287.591361 with plan }->False
Finish executing task 128 for agent 23 on time 1787689288.2826748 with plan g('cat')
Start executing task 128 for agent 23 on time 1787689288.2830036 with plan };
Finish executing task 128 for agent 23 on time 1787689288.2832718 with plan };
Finish executing task 131 for agent 29 on time 1787689288.3233323 with plan g('cat')
Start executing task 131 for agent 29 on time 1787689288.3236423 with plan };
Finish executing task 131 for agent 29 on time 1787689288.323924 with plan };
Finish executing task 133 for agent 31 on time 1787689288.3290799 with plan g('cat')
Start executing task 133 for agent 31 on time 1787689288.329399 with plan };
Finish executing task 133 for agent 31 on time 1787689288.3296697 with plan };
Finish executing task 150 for agent 9 on time 1787689288.3362238 with plan tc(45)}
Start executing task 150 for agent 9 on time 1787689288.336506 with plan ->False;
Finish executing task 150 for agent 9 on time 1787689288.3367782 with plan ->False;
Finish executing task 148 for agent 37 on time 1787689288.3864079 with plan tc(45)}
Start executing task 148 for agent 37 on time 1787689288.386735 with plan ->False;
Finish executing task 148 for agent 37 on time 1787689288.3870578 with plan ->False;
Finish executing task 158 for agent 26 on time 1787689288.441519 with plan mu(40);
Start executing task 158 for agent 26 on time 1787689288.441837 with plan ?iv('book')==True{
Finish executing task 158 for agent 26 on time 1787689288.4431627 with plan ?iv('book')==True{
Start executing task 158 for agent 26 on time 1787689288.4433093 with plan tp()}
Finish executing task 158 for agent 26 on time 1787689288.4445496 with plan tp()}
Start executing task 158 for agent 26 on time 1787689288.444669 with plan ->False
Finish executing task 158 for agent 26 on time 1787689288.4448395 with plan ->False
Finish executing task 156 for agent 24 on time 1787689288.519863 with plan md(40);
Start executing task 156 for agent 24 on time 1787689288.520179 with plan ?iv('toy')==True{
Finish executing task 156 for agent 24 on time 1787689288.5215235 with plan ?iv('toy')==True{
Start executing task 156 for agent 24 on time 1787689288.5217977 with plan g('toy')}
Finish executing task 137 for agent 19 on time 1787689288.7796414 with plan g('toy')}
Start executing task 137 for agent 19 on time 1787689288.7799757 with plan ->False
Finish executing task 137 for agent 19 on time 1787689288.7802627 with plan ->False
Finish executing task 141 for agent 6 on time 1787689288.8120582 with plan g('toy')}
Start executing task 141 for agent 6 on time 1787689288.8123775 with plan ->False
Finish executing task 141 for agent 6 on time 1787689288.8126674 with plan ->False
Finish executing task 154 for agent 7 on time 1787689288.831472 with plan tc(45)}
Start executing task 154 for agent 7 on time 1787689288.831803 with plan ->False;
Finish executing task 154 for agent 7 on time 1787689288.832093 with plan ->False;
Finish executing task 151 for agent 39 on time 1787689288.875662 with plan g('toy')}
Start executing task 151 for agent 39 on time 1787689288.8759842 with plan ->False
Finish executing task 151 for agent 39 on time 1787689288.8762615 with plan ->False
Finish executing task 155 for agent 13 on time 1787689289.1760159 with plan g('toy')}
Start executing task 155 for agent 13 on time 1787689289.1763508 with plan ->False
Finish executing task 155 for agent 13 on time 1787689289.1766338 with plan ->False
Finish executing task 138 for agent 20 on time 1787689289.6783166 with plan g('cat')
Start executing task 138 for agent 20 on time 1787689289.678652 with plan };
Finish executing task 138 for agent 20 on time 1787689289.6789615 with plan };
Finish executing task 142 for agent 15 on time 1787689289.6929417 with plan g('cat')
Start executing task 142 for agent 15 on time 1787689289.6933026 with plan };
Finish executing task 142 for agent 15 on time 1787689289.6936002 with plan };
Finish executing task 157 for agent 21 on time 1787689289.9898942 with plan g('scissors')
Start executing task 157 for agent 21 on time 1787689289.9902186 with plan }->False
Finish executing task 157 for agent 21 on time 1787689289.9905045 with plan }->False
Finish executing task 159 for agent 22 on time 1787689290.0140421 with plan g('scissors')
Start executing task 159 for agent 22 on time 1787689290.014427 with plan }->False
Finish executing task 159 for agent 22 on time 1787689290.014813 with plan }->False
Finish executing task 156 for agent 24 on time 1787689291.2287755 with plan g('toy')}
Start executing task 156 for agent 24 on time 1787689291.2292154 with plan ->False
Finish executing task 156 for agent 24 on time 1787689291.229531 with plan ->False
Generating request from task 160, time: 1787689292.4268947
Generating request from task 161, time: 1787689292.4274898
Generating request from task 162, time: 1787689292.428362
Generating request from task 163, time: 1787689292.4296772
Generating request from task 164, time: 1787689292.430371
Added task 161, time: 1787689292.4455647
Added task 163, time: 1787689292.4626849
Added task 160, time: 1787689292.4777236
Added task 162, time: 1787689292.4933321
Output for task 163: tc(45);, time: 1787689292.4987764
Start executing task 163 for agent 38 on time 1787689292.5002182 with plan tc(45);
Added task 163, time: 1787689292.508963
Output for task 161: ?iv('boy')==True{, time: 1787689292.5090954
Start executing task 161 for agent 8 on time 1787689292.5105226 with plan ?iv('boy')==True{
Added task 161, time: 1787689292.5159965
Added task 164, time: 1787689292.5287106
Output for task 160: md(40);, time: 1787689292.5288408
Start executing task 160 for agent 1 on time 1787689292.530292 with plan md(40);
Added task 160, time: 1787689292.5324302
Output for task 162: md(40);, time: 1787689292.5333538
Output for task 163: , time: 1787689292.5341344
Start executing task 162 for agent 27 on time 1787689292.534588 with plan md(40);
Added task 162, time: 1787689292.540455
Output for task 161: tc(45)}, time: 1787689292.5812428
Added task 161, time: 1787689292.585852
Output for task 164: ?s('cat')==True{, time: 1787689292.6046467
Start executing task 164 for agent 40 on time 1787689292.6066122 with plan ?s('cat')==True{
Added task 164, time: 1787689292.6107478
Output for task 160: ?iv('toy')==True{, time: 1787689292.6109238
Added task 160, time: 1787689292.61821
Output for task 162: ?iv('toy')==True{, time: 1787689292.6183658
Added task 162, time: 1787689292.6300764
Output for task 161: ->False;, time: 1787689292.6302218
Output for task 164: g('cat'), time: 1787689292.656255
Added task 164, time: 1787689292.6656995
Output for task 160: g('toy')}, time: 1787689292.665875
Added task 160, time: 1787689292.6726494
Output for task 162: g('toy')}, time: 1787689292.672815
Added task 162, time: 1787689292.6837645
Output for task 164: };, time: 1787689292.7049005
Output for task 160: ->False, time: 1787689292.709798
Output for task 162: ->False, time: 1787689292.7156005
Finish executing task 163 for agent 38 on time 1787689294.6093292 with plan tc(45);
Start executing task 163 for agent 38 on time 1787689294.6097066 with plan 
Finish executing task 163 for agent 38 on time 1787689294.610016 with plan 
Finish executing task 160 for agent 1 on time 1787689295.1251395 with plan md(40);
Start executing task 160 for agent 1 on time 1787689295.1254754 with plan ?iv('toy')==True{
Finish executing task 160 for agent 1 on time 1787689295.1268137 with plan ?iv('toy')==True{
Start executing task 160 for agent 1 on time 1787689295.1269903 with plan g('toy')}
Finish executing task 162 for agent 27 on time 1787689295.129313 with plan md(40);
Start executing task 162 for agent 27 on time 1787689295.1294422 with plan ?iv('toy')==True{
Finish executing task 162 for agent 27 on time 1787689295.130717 with plan ?iv('toy')==True{
Start executing task 162 for agent 27 on time 1787689295.1308324 with plan g('toy')}
Finish executing task 161 for agent 8 on time 1787689295.5110276 with plan ?iv('boy')==True{
Start executing task 161 for agent 8 on time 1787689295.5113585 with plan tc(45)}
Finish executing task 164 for agent 40 on time 1787689296.3203182 with plan ?s('cat')==True{
Start executing task 164 for agent 40 on time 1787689296.3206663 with plan g('cat')
Finish executing task 161 for agent 8 on time 1787689297.4894004 with plan tc(45)}
Start executing task 161 for agent 8 on time 1787689297.489843 with plan ->False;
Finish executing task 161 for agent 8 on time 1787689297.490267 with plan ->False;
Finish executing task 160 for agent 1 on time 1787689297.8338563 with plan g('toy')}
Start executing task 160 for agent 1 on time 1787689297.8342469 with plan ->False
Finish executing task 160 for agent 1 on time 1787689297.834546 with plan ->False
Finish executing task 162 for agent 27 on time 1787689297.8376682 with plan g('toy')}
Start executing task 162 for agent 27 on time 1787689297.8378038 with plan ->False
Finish executing task 162 for agent 27 on time 1787689297.8380647 with plan ->False
Finish executing task 164 for agent 40 on time 1787689298.7823765 with plan g('cat')
Start executing task 164 for agent 40 on time 1787689298.7827556 with plan };
Finish executing task 164 for agent 40 on time 1787689298.7831182 with plan };
Generating request from task 165, time: 1787689303.7501767
Generating request from task 166, time: 1787689303.7508032
Generating request from task 167, time: 1787689303.7517676
Generating request from task 168, time: 1787689303.7526586
Generating request from task 169, time: 1787689303.753511
Generating request from task 170, time: 1787689303.7544632
Generating request from task 171, time: 1787689303.7554927
Generating request from task 172, time: 1787689303.7565782
Generating request from task 173, time: 1787689303.757492
Generating request from task 174, time: 1787689303.7584422
Added task 165, time: 1787689303.770757
Added task 169, time: 1787689303.7911239
Added task 172, time: 1787689303.807905
Added task 166, time: 1787689303.824476
Output for task 165: tc(30);, time: 1787689303.8275661
Start executing task 165 for agent 4 on time 1787689303.829069 with plan tc(30);
Output for task 169: tc(45);, time: 1787689303.8492308
Start executing task 169 for agent 18 on time 1787689303.850645 with plan tc(45);
Output for task 166: ?iv('keys'), time: 1787689303.8744233
Start executing task 166 for agent 0 on time 1787689303.8761308 with plan ?iv('keys')
Finish executing task 166 for agent 0 on time 1787689303.8775365 with plan ?iv('keys')
Added task 166, time: 1787689303.8931608
Output for task 172: ?iv('boy')==True{, time: 1787689303.8934212
Start executing task 172 for agent 10 on time 1787689303.8952932 with plan ?iv('boy')==True{
Added task 172, time: 1787689303.906101
Added task 165, time: 1787689303.916319
Added task 169, time: 1787689303.9247856
Added task 167, time: 1787689303.9485269
Output for task 165: , time: 1787689303.9523814
Output for task 166: &iv('wallet'), time: 1787689303.954225
Output for task 172: tc(45)}, time: 1787689303.9554145
Start executing task 166 for agent 0 on time 1787689303.9558377 with plan &iv('wallet')
Output for task 169: , time: 1787689303.9564424
Finish executing task 166 for agent 0 on time 1787689303.9572067 with plan &iv('wallet')
Added task 166, time: 1787689303.9726224
Added task 168, time: 1787689303.9966881
Added task 170, time: 1787689304.0144224
Added task 171, time: 1787689304.0302174
Added task 173, time: 1787689304.044126
Added task 174, time: 1787689304.0586777
Output for task 167: ?s('scissors')==True{, time: 1787689304.059516
Start executing task 167 for agent 32 on time 1787689304.0607452 with plan ?s('scissors')==True{
Output for task 166: ->{l('Yes');, time: 1787689304.063011
Start executing task 166 for agent 0 on time 1787689304.0641465 with plan ->{l('Yes');
Finish executing task 166 for agent 0 on time 1787689304.0654907 with plan ->{l('Yes');
Added task 166, time: 1787689304.068508
Added task 172, time: 1787689304.0746307
Output for task 168: mu(40);, time: 1787689304.074742
Start executing task 168 for agent 35 on time 1787689304.07596 with plan mu(40);
Added task 167, time: 1787689304.0791843
Added task 168, time: 1787689304.081941
Output for task 170: ?iv('keys'), time: 1787689304.087319
Start executing task 170 for agent 5 on time 1787689304.088636 with plan ?iv('keys')
Finish executing task 170 for agent 5 on time 1787689304.0899875 with plan ?iv('keys')
Added task 170, time: 1787689304.090597
Output for task 173: mu(40);, time: 1787689304.1086452
Start executing task 173 for agent 25 on time 1787689304.1100502 with plan mu(40);
Output for task 171: ?s('scissors')==True{, time: 1787689304.1234987
Start executing task 171 for agent 3 on time 1787689304.1250534 with plan ?s('scissors')==True{
Output for task 174: ?s('cat')==True{, time: 1787689304.1292996
Output for task 172: ->False;, time: 1787689304.1301694
Start executing task 174 for agent 14 on time 1787689304.130619 with plan ?s('cat')==True{
Output for task 167: g('scissors'), time: 1787689304.1361752
Output for task 166: ->True}l('No');, time: 1787689304.1425111
Output for task 170: &iv('wallet'), time: 1787689304.143471
Start executing task 166 for agent 0 on time 1787689304.1438015 with plan ->True}l('No');
Start executing task 170 for agent 5 on time 1787689304.1448443 with plan &iv('wallet')
Finish executing task 166 for agent 0 on time 1787689304.1452014 with plan ->True}l('No');
Finish executing task 170 for agent 5 on time 1787689304.1462517 with plan &iv('wallet')
Added task 170, time: 1787689304.159463
Output for task 168: ?iv('book')==True{, time: 1787689304.1596832
Added task 166, time: 1787689304.1710243
Added task 171, time: 1787689304.180685
Added task 174, time: 1787689304.1885207
Added task 168, time: 1787689304.1985264
Added task 173, time: 1787689304.2132397
Output for task 166: ->False, time: 1787689304.234953
Output for task 170: ->{l('Yes');, time: 1787689304.2397301
Output for task 168: tp()}, time: 1787689304.241201
Start executing task 170 for agent 5 on time 1787689304.241503 with plan ->{l('Yes');
Finish executing task 170 for agent 5 on time 1787689304.2428389 with plan ->{l('Yes');
Start executing task 166 for agent 0 on time 1787689304.2434711 with plan ->False
Finish executing task 166 for agent 0 on time 1787689304.2437658 with plan ->False
Added task 170, time: 1787689304.2500155
Added task 168, time: 1787689304.2569032
Output for task 171: g('scissors'), time: 1787689304.2570832
Output for task 174: g('cat'), time: 1787689304.2583578
Added task 167, time: 1787689304.2669778
Added task 171, time: 1787689304.2731678
Added task 174, time: 1787689304.277517
Output for task 173: ?iv('book')==True{, time: 1787689304.2929535
Output for task 168: ->False, time: 1787689304.3237708
Output for task 167: }->False, time: 1787689304.323985
Output for task 174: };, time: 1787689304.3243084
Output for task 171: }->False, time: 1787689304.3249657
Output for task 170: ->True}l('No');, time: 1787689304.3362286
Start executing task 170 for agent 5 on time 1787689304.338059 with plan ->True}l('No');
Finish executing task 170 for agent 5 on time 1787689304.3394656 with plan ->True}l('No');
Added task 170, time: 1787689304.3433685
Added task 173, time: 1787689304.3476427
Output for task 173: tp()}, time: 1787689304.3748777
Output for task 170: ->False, time: 1787689304.37868
Start executing task 170 for agent 5 on time 1787689304.3794994 with plan ->False
Finish executing task 170 for agent 5 on time 1787689304.379836 with plan ->False
Added task 173, time: 1787689304.382898
Output for task 173: ->False, time: 1787689304.4116704
Finish executing task 167 for agent 32 on time 1787689305.617547 with plan ?s('scissors')==True{
Start executing task 167 for agent 32 on time 1787689305.617956 with plan g('scissors')
Finish executing task 171 for agent 3 on time 1787689305.6818128 with plan ?s('scissors')==True{
Start executing task 171 for agent 3 on time 1787689305.6821892 with plan g('scissors')
Finish executing task 169 for agent 18 on time 1787689305.9597263 with plan tc(45);
Start executing task 169 for agent 18 on time 1787689305.9600823 with plan 
Finish executing task 169 for agent 18 on time 1787689305.960341 with plan 
Finish executing task 165 for agent 4 on time 1787689306.4161637 with plan tc(30);
Start executing task 165 for agent 4 on time 1787689306.4164925 with plan 
Finish executing task 165 for agent 4 on time 1787689306.4167483 with plan 
Finish executing task 168 for agent 35 on time 1787689306.5759099 with plan mu(40);
Start executing task 168 for agent 35 on time 1787689306.5762422 with plan ?iv('book')==True{
Finish executing task 168 for agent 35 on time 1787689306.5775816 with plan ?iv('book')==True{
Start executing task 168 for agent 35 on time 1787689306.5777354 with plan tp()}
Finish executing task 168 for agent 35 on time 1787689306.5790102 with plan tp()}
Start executing task 168 for agent 35 on time 1787689306.5791337 with plan ->False
Finish executing task 168 for agent 35 on time 1787689306.5793452 with plan ->False
Finish executing task 173 for agent 25 on time 1787689306.6100085 with plan mu(40);
Start executing task 173 for agent 25 on time 1787689306.6103673 with plan ?iv('book')==True{
Finish executing task 173 for agent 25 on time 1787689306.6117983 with plan ?iv('book')==True{
Start executing task 173 for agent 25 on time 1787689306.6120121 with plan tp()}
Finish executing task 173 for agent 25 on time 1787689306.613328 with plan tp()}
Start executing task 173 for agent 25 on time 1787689306.6134877 with plan ->False
Finish executing task 173 for agent 25 on time 1787689306.6137664 with plan ->False
Finish executing task 172 for agent 10 on time 1787689306.895754 with plan ?iv('boy')==True{
Start executing task 172 for agent 10 on time 1787689306.8960893 with plan tc(45)}
Generating request from task 175, time: 1787689307.3271892
Generating request from task 176, time: 1787689307.3277526
Generating request from task 177, time: 1787689307.3286705
Generating request from task 178, time: 1787689307.3296158
Generating request from task 179, time: 1787689307.3306057
Generating request from task 180, time: 1787689307.3315945
Generating request from task 181, time: 1787689307.3325868
Generating request from task 182, time: 1787689307.3335826
Generating request from task 183, time: 1787689307.334587
Generating request from task 184, time: 1787689307.335586
Generating request from task 185, time: 1787689307.3365831
Added task 175, time: 1787689307.343473
Added task 176, time: 1787689307.3634048
Added task 180, time: 1787689307.379788
Added task 181, time: 1787689307.3980176
Added task 183, time: 1787689307.4113617
Added task 184, time: 1787689307.4260328
Output for task 175: md(40);, time: 1787689307.4284172
Start executing task 175 for agent 28 on time 1787689307.4296346 with plan md(40);
Output for task 176: tc(45);, time: 1787689307.470649
Start executing task 176 for agent 30 on time 1787689307.4723098 with plan tc(45);
Output for task 183: tc(45);, time: 1787689307.4833777
Start executing task 183 for agent 12 on time 1787689307.4851348 with plan tc(45);
Output for task 180: ?iv('boy')==True{, time: 1787689307.490377
Output for task 184: tc(45);, time: 1787689307.4914792
Start executing task 180 for agent 17 on time 1787689307.4920797 with plan ?iv('boy')==True{
Start executing task 184 for agent 16 on time 1787689307.4934688 with plan tc(45);
Added task 185, time: 1787689307.521511
Output for task 181: ?iv('boy')==True{, time: 1787689307.5217109
Start executing task 181 for agent 34 on time 1787689307.5233378 with plan ?iv('boy')==True{
Added task 181, time: 1787689307.5347738
Added task 180, time: 1787689307.5456212
Added task 176, time: 1787689307.5550513
Added task 183, time: 1787689307.5672572
Added task 177, time: 1787689307.590659
Added task 178, time: 1787689307.6075106
Added task 179, time: 1787689307.6250403
Output for task 181: tc(45)}, time: 1787689307.6258223
Output for task 176: , time: 1787689307.626666
Output for task 185: ?iv('boy')==True{, time: 1787689307.627955
Output for task 180: tc(45)}, time: 1787689307.629
Start executing task 185 for agent 37 on time 1787689307.629236 with plan ?iv('boy')==True{
Output for task 183: , time: 1787689307.62979
Added task 185, time: 1787689307.6377563
Added task 184, time: 1787689307.6445868
Added task 182, time: 1787689307.6601987
Added task 181, time: 1787689307.6672118
Added task 180, time: 1787689307.6736193
Added task 175, time: 1787689307.6789467
Output for task 178: md(40);, time: 1787689307.6825628
Output for task 184: , time: 1787689307.6834378
Start executing task 178 for agent 36 on time 1787689307.683983 with plan md(40);
Output for task 177: ?s('scissors')==True{, time: 1787689307.6967466
Output for task 185: tc(45)}, time: 1787689307.697809
Start executing task 177 for agent 33 on time 1787689307.6980803 with plan ?s('scissors')==True{
Added task 185, time: 1787689307.724237
Added task 177, time: 1787689307.739838
Output for task 179: ?s('scissors')==True{, time: 1787689307.7399926
Start executing task 179 for agent 11 on time 1787689307.7414536 with plan ?s('scissors')==True{
Added task 179, time: 1787689307.7460928
Added task 178, time: 1787689307.749986
Output for task 182: ?iv('keys'), time: 1787689307.7513094
Output for task 181: ->False;, time: 1787689307.7522452
Output for task 180: ->False;, time: 1787689307.752502
Start executing task 182 for agent 2 on time 1787689307.7528384 with plan ?iv('keys')
Finish executing task 182 for agent 2 on time 1787689307.7542636 with plan ?iv('keys')
Added task 182, time: 1787689307.759808
Output for task 175: ?iv('toy')==True{, time: 1787689307.7792735
Added task 175, time: 1787689307.7941978
Output for task 185: ->False;, time: 1787689307.7943714
Output for task 177: g('scissors'), time: 1787689307.8001034
Output for task 179: g('scissors'), time: 1787689307.8067024
Output for task 182: &iv('wallet'), time: 1787689307.8150728
Start executing task 182 for agent 2 on time 1787689307.816648 with plan &iv('wallet')
Finish executing task 182 for agent 2 on time 1787689307.8179867 with plan &iv('wallet')
Added task 182, time: 1787689307.8243032
Output for task 178: ?iv('toy')==True{, time: 1787689307.8244765
Added task 178, time: 1787689307.8316977
Added task 177, time: 1787689307.8373961
Output for task 175: g('toy')}, time: 1787689307.837565
Finish executing task 174 for agent 14 on time 1787689307.8443823 with plan ?s('cat')==True{
Start executing task 174 for agent 14 on time 1787689307.8447137 with plan g('cat')
Added task 179, time: 1787689307.8500912
Added task 175, time: 1787689307.8649943
Output for task 177: }->False, time: 1787689307.8852265
Output for task 182: ->{l('Yes');, time: 1787689307.8868122
Output for task 178: g('toy')}, time: 1787689307.8880484
Start executing task 182 for agent 2 on time 1787689307.8884223 with plan ->{l('Yes');
Output for task 179: }->False, time: 1787689307.8889897
Finish executing task 182 for agent 2 on time 1787689307.8896883 with plan ->{l('Yes');
Added task 182, time: 1787689307.8975923
Output for task 175: ->False, time: 1787689307.8977478
Added task 178, time: 1787689307.9041388
Output for task 178: ->False, time: 1787689307.9357681
Output for task 182: ->True}l('No');, time: 1787689307.954895
Start executing task 182 for agent 2 on time 1787689307.9564917 with plan ->True}l('No');
Finish executing task 182 for agent 2 on time 1787689307.9577587 with plan ->True}l('No');
Added task 182, time: 1787689307.9596007
Output for task 182: ->False, time: 1787689307.9881873
Start executing task 182 for agent 2 on time 1787689307.9888222 with plan ->False
Finish executing task 182 for agent 2 on time 1787689307.989055 with plan ->False
Finish executing task 167 for agent 32 on time 1787689308.0796132 with plan g('scissors')
Start executing task 167 for agent 32 on time 1787689308.0799716 with plan }->False
Finish executing task 167 for agent 32 on time 1787689308.0802653 with plan }->False
Finish executing task 171 for agent 3 on time 1787689308.1438386 with plan g('scissors')
Start executing task 171 for agent 3 on time 1787689308.1441784 with plan }->False
Finish executing task 171 for agent 3 on time 1787689308.144464 with plan }->False
Finish executing task 172 for agent 10 on time 1787689308.874113 with plan tc(45)}
Start executing task 172 for agent 10 on time 1787689308.8744378 with plan ->False;
Finish executing task 172 for agent 10 on time 1787689308.874726 with plan ->False;
Finish executing task 177 for agent 33 on time 1787689309.2549462 with plan ?s('scissors')==True{
Start executing task 177 for agent 33 on time 1787689309.2552748 with plan g('scissors')
Finish executing task 179 for agent 11 on time 1787689309.298179 with plan ?s('scissors')==True{
Start executing task 179 for agent 11 on time 1787689309.2985008 with plan g('scissors')
Finish executing task 176 for agent 30 on time 1787689309.5813746 with plan tc(45);
Start executing task 176 for agent 30 on time 1787689309.5816607 with plan 
Finish executing task 176 for agent 30 on time 1787689309.5819416 with plan 
Finish executing task 183 for agent 12 on time 1787689309.5941894 with plan tc(45);
Start executing task 183 for agent 12 on time 1787689309.594517 with plan 
Finish executing task 183 for agent 12 on time 1787689309.5947747 with plan 
Finish executing task 184 for agent 16 on time 1787689309.6024244 with plan tc(45);
Start executing task 184 for agent 16 on time 1787689309.6027582 with plan 
Finish executing task 184 for agent 16 on time 1787689309.603034 with plan 
Finish executing task 175 for agent 28 on time 1787689310.024588 with plan md(40);
Start executing task 175 for agent 28 on time 1787689310.0248225 with plan ?iv('toy')==True{
Finish executing task 175 for agent 28 on time 1787689310.026173 with plan ?iv('toy')==True{
Start executing task 175 for agent 28 on time 1787689310.0263033 with plan g('toy')}
Finish executing task 178 for agent 36 on time 1787689310.2788234 with plan md(40);
Start executing task 178 for agent 36 on time 1787689310.2791724 with plan ?iv('toy')==True{
Finish executing task 178 for agent 36 on time 1787689310.2805073 with plan ?iv('toy')==True{
Start executing task 178 for agent 36 on time 1787689310.2806532 with plan g('toy')}
Finish executing task 174 for agent 14 on time 1787689310.306341 with plan g('cat')
Start executing task 174 for agent 14 on time 1787689310.3066764 with plan };
Finish executing task 174 for agent 14 on time 1787689310.3069675 with plan };
Finish executing task 180 for agent 17 on time 1787689310.4925425 with plan ?iv('boy')==True{
Start executing task 180 for agent 17 on time 1787689310.4928627 with plan tc(45)}
Finish executing task 181 for agent 34 on time 1787689310.523798 with plan ?iv('boy')==True{
Start executing task 181 for agent 34 on time 1787689310.5241323 with plan tc(45)}
Finish executing task 185 for agent 37 on time 1787689310.6296952 with plan ?iv('boy')==True{
Start executing task 185 for agent 37 on time 1787689310.6300113 with plan tc(45)}
Finish executing task 177 for agent 33 on time 1787689311.7169135 with plan g('scissors')
Start executing task 177 for agent 33 on time 1787689311.7172415 with plan }->False
Finish executing task 177 for agent 33 on time 1787689311.7175243 with plan }->False
Finish executing task 179 for agent 11 on time 1787689311.7601447 with plan g('scissors')
Start executing task 179 for agent 11 on time 1787689311.760472 with plan }->False
Finish executing task 179 for agent 11 on time 1787689311.760761 with plan }->False
Generating request from task 186, time: 1787689311.8836217
Generating request from task 187, time: 1787689311.8845994
Generating request from task 188, time: 1787689311.8851087
Generating request from task 189, time: 1787689311.8858953
Added task 186, time: 1787689311.9088755
Added task 187, time: 1787689311.9255688
Added task 188, time: 1787689311.9403682
Added task 189, time: 1787689311.9553246
Output for task 186: md(40);, time: 1787689311.9742243
Start executing task 186 for agent 41 on time 1787689311.9759052 with plan md(40);
Output for task 187: ?iv('boy')==True{, time: 1787689311.9997804
Output for task 189: ?iv('keys'), time: 1787689312.001079
Start executing task 187 for agent 9 on time 1787689312.0018675 with plan ?iv('boy')==True{
Start executing task 189 for agent 6 on time 1787689312.0029788 with plan ?iv('keys')
Finish executing task 189 for agent 6 on time 1787689312.004409 with plan ?iv('keys')
Added task 187, time: 1787689312.0127578
Output for task 188: ?iv('boy')==True{, time: 1787689312.0129695
Start executing task 188 for agent 19 on time 1787689312.0147219 with plan ?iv('boy')==True{
Added task 188, time: 1787689312.0207212
Added task 189, time: 1787689312.0266535
Added task 186, time: 1787689312.0308132
Output for task 187: tc(45)}, time: 1787689312.0731533
Output for task 188: tc(45)}, time: 1787689312.0766523
Output for task 189: &iv('wallet'), time: 1787689312.089621
Start executing task 189 for agent 6 on time 1787689312.0911832 with plan &iv('wallet')
Finish executing task 189 for agent 6 on time 1787689312.0925176 with plan &iv('wallet')
Added task 189, time: 1787689312.1021924
Added task 187, time: 1787689312.1086018
Output for task 186: ?iv('toy')==True{, time: 1787689312.10877
Added task 188, time: 1787689312.1150665
Added task 186, time: 1787689312.1338487
Output for task 189: ->{l('Yes');, time: 1787689312.1743877
Output for task 187: ->False;, time: 1787689312.1756124
Output for task 188: ->False;, time: 1787689312.17577
Start executing task 189 for agent 6 on time 1787689312.1760736 with plan ->{l('Yes');
Finish executing task 189 for agent 6 on time 1787689312.1773772 with plan ->{l('Yes');
Added task 189, time: 1787689312.1846697
Output for task 186: g('toy')}, time: 1787689312.1848493
Added task 186, time: 1787689312.191346
Output for task 186: ->False, time: 1787689312.2296262
Output for task 189: ->True}l('No');, time: 1787689312.2489028
Start executing task 189 for agent 6 on time 1787689312.2504833 with plan ->True}l('No');
Finish executing task 189 for agent 6 on time 1787689312.25178 with plan ->True}l('No');
Added task 189, time: 1787689312.2535477
Output for task 189: ->False, time: 1787689312.2847533
Start executing task 189 for agent 6 on time 1787689312.285437 with plan ->False
Finish executing task 189 for agent 6 on time 1787689312.285687 with plan ->False
Finish executing task 180 for agent 17 on time 1787689312.4708855 with plan tc(45)}
Start executing task 180 for agent 17 on time 1787689312.4712057 with plan ->False;
Finish executing task 180 for agent 17 on time 1787689312.4714868 with plan ->False;
Finish executing task 181 for agent 34 on time 1787689312.5021682 with plan tc(45)}
Start executing task 181 for agent 34 on time 1787689312.5024917 with plan ->False;
Finish executing task 181 for agent 34 on time 1787689312.5027757 with plan ->False;
Finish executing task 185 for agent 37 on time 1787689312.6080282 with plan tc(45)}
Start executing task 185 for agent 37 on time 1787689312.6083128 with plan ->False;
Finish executing task 185 for agent 37 on time 1787689312.6085877 with plan ->False;
Finish executing task 175 for agent 28 on time 1787689312.7331564 with plan g('toy')}
Start executing task 175 for agent 28 on time 1787689312.733456 with plan ->False
Finish executing task 175 for agent 28 on time 1787689312.7337296 with plan ->False
Finish executing task 178 for agent 36 on time 1787689312.987529 with plan g('toy')}
Start executing task 178 for agent 36 on time 1787689312.9878745 with plan ->False
Finish executing task 178 for agent 36 on time 1787689312.9881625 with plan ->False
Finish executing task 186 for agent 41 on time 1787689314.5707822 with plan md(40);
Start executing task 186 for agent 41 on time 1787689314.5711787 with plan ?iv('toy')==True{
Finish executing task 186 for agent 41 on time 1787689314.5725203 with plan ?iv('toy')==True{
Start executing task 186 for agent 41 on time 1787689314.572664 with plan g('toy')}
Finish executing task 187 for agent 9 on time 1787689315.0023606 with plan ?iv('boy')==True{
Start executing task 187 for agent 9 on time 1787689315.0026793 with plan tc(45)}
Finish executing task 188 for agent 19 on time 1787689315.015191 with plan ?iv('boy')==True{
Start executing task 188 for agent 19 on time 1787689315.0155594 with plan tc(45)}
Finish executing task 187 for agent 9 on time 1787689316.9807403 with plan tc(45)}
Start executing task 187 for agent 9 on time 1787689316.981116 with plan ->False;
Finish executing task 187 for agent 9 on time 1787689316.9814088 with plan ->False;
Finish executing task 188 for agent 19 on time 1787689316.993596 with plan tc(45)}
Start executing task 188 for agent 19 on time 1787689316.9939592 with plan ->False;
Finish executing task 188 for agent 19 on time 1787689316.9942567 with plan ->False;
Finish executing task 186 for agent 41 on time 1787689317.2795422 with plan g('toy')}
Start executing task 186 for agent 41 on time 1787689317.279883 with plan ->False
Finish executing task 186 for agent 41 on time 1787689317.2801666 with plan ->False
Generating request from task 190, time: 1787689320.7351644
Generating request from task 191, time: 1787689320.7357895
Generating request from task 192, time: 1787689320.7365313
Generating request from task 193, time: 1787689320.7374856
Generating request from task 194, time: 1787689320.738493
Generating request from task 195, time: 1787689320.739466
Added task 190, time: 1787689320.7539053
Added task 191, time: 1787689320.7708733
Added task 194, time: 1787689320.7865977
Added task 195, time: 1787689320.8121722
Added task 192, time: 1787689320.8270946
Output for task 190: ?s('cat')==True{, time: 1787689320.851609
Output for task 194: tc(45);, time: 1787689320.8526385
Start executing task 190 for agent 39 on time 1787689320.853187 with plan ?s('cat')==True{
Start executing task 194 for agent 23 on time 1787689320.8542707 with plan tc(45);
Output for task 191: ?iv('boy')==True{, time: 1787689320.857676
Start executing task 191 for agent 7 on time 1787689320.8592541 with plan ?iv('boy')==True{
Added task 191, time: 1787689320.8707504
Output for task 195: tc(45);, time: 1787689320.8709176
Start executing task 195 for agent 29 on time 1787689320.872516 with plan tc(45);
Added task 194, time: 1787689320.8783326
Added task 195, time: 1787689320.883757
Added task 193, time: 1787689320.9006562
Output for task 192: ?s('cat')==True{, time: 1787689320.900801
Generating request from task 196, time: 1787689320.901048
Generating request from task 197, time: 1787689320.901882
Start executing task 192 for agent 26 on time 1787689320.9023213 with plan ?s('cat')==True{
Generating request from task 198, time: 1787689320.9028494
Generating request from task 199, time: 1787689320.903824
Generating request from task 200, time: 1787689320.904857
Generating request from task 201, time: 1787689320.9059055
Generating request from task 202, time: 1787689320.9068408
Generating request from task 203, time: 1787689320.9078872
Generating request from task 204, time: 1787689320.9088633
Generating request from task 205, time: 1787689320.9098146
Generating request from task 206, time: 1787689320.910868
Generating request from task 207, time: 1787689320.9118176
Generating request from task 208, time: 1787689320.912808
Added task 198, time: 1787689320.9239607
Output for task 194: , time: 1787689320.9244616
Output for task 195: , time: 1787689320.9248903
Output for task 191: tc(45)}, time: 1787689320.9256105
Added task 203, time: 1787689320.9487562
Added task 204, time: 1787689320.9673042
Added task 208, time: 1787689320.9855406
Added task 191, time: 1787689320.993904
Added task 196, time: 1787689321.0119596
Output for task 193: ?s('cat')==True{, time: 1787689321.0125673
Start executing task 193 for agent 13 on time 1787689321.0139885 with plan ?s('cat')==True{
Output for task 198: tc(45);, time: 1787689321.016033
Start executing task 198 for agent 22 on time 1787689321.017337 with plan tc(45);
Output for task 203: tc(45);, time: 1787689321.0194309
Start executing task 203 for agent 8 on time 1787689321.020539 with plan tc(45);
Output for task 204: ?iv('boy')==True{, time: 1787689321.0331488
Output for task 208: tc(45);, time: 1787689321.03402
Start executing task 204 for agent 1 on time 1787689321.0343332 with plan ?iv('boy')==True{
Start executing task 208 for agent 5 on time 1787689321.0357459 with plan tc(45);
Added task 204, time: 1787689321.0519793
Output for task 191: ->False;, time: 1787689321.0520985
Added task 198, time: 1787689321.0641906
Added task 203, time: 1787689321.0754185
Added task 208, time: 1787689321.0855582
Output for task 196: ?s('cat')==True{, time: 1787689321.0856948
Start executing task 196 for agent 31 on time 1787689321.0871303 with plan ?s('cat')==True{
Added task 197, time: 1787689321.1069338
Added task 199, time: 1787689321.1282642
Output for task 198: , time: 1787689321.128857
Output for task 204: tc(45)}, time: 1787689321.1295524
Output for task 203: , time: 1787689321.1303182
Added task 200, time: 1787689321.149111
Added task 201, time: 1787689321.1670995
Output for task 208: , time: 1787689321.1672566
Added task 202, time: 1787689321.1845424
Added task 205, time: 1787689321.2001355
Added task 206, time: 1787689321.2171147
Output for task 197: ?s('cat')==True{, time: 1787689321.2200153
Start executing task 197 for agent 21 on time 1787689321.2212765 with plan ?s('cat')==True{
Added task 207, time: 1787689321.2370763
Added task 204, time: 1787689321.2445261
Output for task 199: ?iv('keys'), time: 1787689321.2446256
Start executing task 199 for agent 20 on time 1787689321.2458394 with plan ?iv('keys')
Finish executing task 199 for agent 20 on time 1787689321.2472768 with plan ?iv('keys')
Added task 199, time: 1787689321.2526479
Added task 190, time: 1787689321.261236
Output for task 200: mu(40);, time: 1787689321.2614086
Start executing task 200 for agent 15 on time 1787689321.2626348 with plan mu(40);
Added task 192, time: 1787689321.2684011
Added task 193, time: 1787689321.273975
Added task 196, time: 1787689321.2809718
Output for task 201: mu(40);, time: 1787689321.2810745
Start executing task 201 for agent 24 on time 1787689321.2822113 with plan mu(40);
Added task 197, time: 1787689321.28843
Added task 200, time: 1787689321.2944021
Added task 201, time: 1787689321.297117
Output for task 202: ?iv('keys'), time: 1787689321.298077
Output for task 205: md(40);, time: 1787689321.298758
Start executing task 202 for agent 38 on time 1787689321.2993474 with plan ?iv('keys')
Start executing task 205 for agent 27 on time 1787689321.2999096 with plan md(40);
Finish executing task 202 for agent 38 on time 1787689321.3007734 with plan ?iv('keys')
Added task 202, time: 1787689321.3049552
Added task 205, time: 1787689321.3098063
Output for task 206: ?s('scissors')==True{, time: 1787689321.3186867
Start executing task 206 for agent 40 on time 1787689321.3200755 with plan ?s('scissors')==True{
Output for task 204: ->False;, time: 1787689321.3324888
Output for task 207: ?s('scissors')==True{, time: 1787689321.3533351
Output for task 199: &iv('wallet'), time: 1787689321.3542821
Start executing task 207 for agent 0 on time 1787689321.3547935 with plan ?s('scissors')==True{
Output for task 190: g('cat'), time: 1787689321.3550215
Start executing task 199 for agent 20 on time 1787689321.355723 with plan &iv('wallet')
Finish executing task 199 for agent 20 on time 1787689321.357038 with plan &iv('wallet')
Added task 199, time: 1787689321.3624825
Output for task 192: g('cat'), time: 1787689321.3626084
Added task 206, time: 1787689321.3701668
Output for task 193: g('cat'), time: 1787689321.370294
Output for task 196: g('cat'), time: 1787689321.37109
Added task 207, time: 1787689321.381931
Output for task 197: g('cat'), time: 1787689321.3820693
Added task 190, time: 1787689321.398206
Output for task 200: ?iv('book')==True{, time: 1787689321.4044695
Output for task 202: &iv('wallet'), time: 1787689321.409028
Start executing task 202 for agent 38 on time 1787689321.4103298 with plan &iv('wallet')
Finish executing task 202 for agent 38 on time 1787689321.4116516 with plan &iv('wallet')
Added task 202, time: 1787689321.4250286
Output for task 199: ->{l('Yes');, time: 1787689321.425212
Output for task 206: g('scissors'), time: 1787689321.426155
Start executing task 199 for agent 20 on time 1787689321.4266074 with plan ->{l('Yes');
Finish executing task 199 for agent 20 on time 1787689321.4279606 with plan ->{l('Yes');
Added task 199, time: 1787689321.4407597
Output for task 201: ?iv('book')==True{, time: 1787689321.4409118
Output for task 205: ?iv('toy')==True{, time: 1787689321.4419398
Added task 200, time: 1787689321.455441
Output for task 207: g('scissors'), time: 1787689321.4555829
Output for task 190: };, time: 1787689321.456546
Added task 201, time: 1787689321.4681826
Added task 205, time: 1787689321.4793935
Added task 192, time: 1787689321.4920492
Output for task 202: ->{l('Yes');, time: 1787689321.4996397
Start executing task 202 for agent 38 on time 1787689321.5010965 with plan ->{l('Yes');
Finish executing task 202 for agent 38 on time 1787689321.5024936 with plan ->{l('Yes');
Added task 202, time: 1787689321.510313
Output for task 200: tp()}, time: 1787689321.5104573
Output for task 201: tp()}, time: 1787689321.5151846
Output for task 199: ->True}l('No');, time: 1787689321.5195608
Start executing task 199 for agent 20 on time 1787689321.5209823 with plan ->True}l('No');
Finish executing task 199 for agent 20 on time 1787689321.5223322 with plan ->True}l('No');
Added task 199, time: 1787689321.5335963
Added task 200, time: 1787689321.5469174
Added task 201, time: 1787689321.5567815
Output for task 205: g('toy')}, time: 1787689321.5569463
Output for task 192: };, time: 1787689321.5579658
Added task 193, time: 1787689321.5670853
Added task 196, time: 1787689321.5779095
Output for task 199: ->False, time: 1787689321.5847285
Output for task 202: ->True}l('No');, time: 1787689321.5855446
Start executing task 199 for agent 20 on time 1787689321.585959 with plan ->False
Finish executing task 199 for agent 20 on time 1787689321.5863564 with plan ->False
Start executing task 202 for agent 38 on time 1787689321.5871136 with plan ->True}l('No');
Finish executing task 202 for agent 38 on time 1787689321.5885055 with plan ->True}l('No');
Added task 202, time: 1787689321.5966964
Output for task 200: ->False, time: 1787689321.5968416
Added task 197, time: 1787689321.6063724
Added task 206, time: 1787689321.614725
Output for task 201: ->False, time: 1787689321.6148584
Output for task 193: };, time: 1787689321.6149504
Added task 207, time: 1787689321.6196964
Output for task 196: };, time: 1787689321.619837
Added task 205, time: 1787689321.6255944
Output for task 202: ->False, time: 1787689321.629235
Start executing task 202 for agent 38 on time 1787689321.6298418 with plan ->False
Finish executing task 202 for agent 38 on time 1787689321.6301708 with plan ->False
Output for task 197: };, time: 1787689321.6380556
Output for task 206: }->False, time: 1787689321.647036
Output for task 207: }->False, time: 1787689321.650217
Output for task 205: ->False, time: 1787689321.656359
Generating request from task 209, time: 1787689322.4166117
Generating request from task 210, time: 1787689322.4172359
Generating request from task 211, time: 1787689322.4181306
Generating request from task 212, time: 1787689322.4190965
Generating request from task 213, time: 1787689322.4201026
Generating request from task 214, time: 1787689322.4210763
Generating request from task 215, time: 1787689322.4220557
Generating request from task 216, time: 1787689322.4230454
Generating request from task 217, time: 1787689322.4240413
Generating request from task 218, time: 1787689322.4250429
Generating request from task 219, time: 1787689322.4260356
Generating request from task 220, time: 1787689322.4270847
Generating request from task 221, time: 1787689322.428081
Generating request from task 222, time: 1787689322.4290395
Added task 209, time: 1787689322.435036
Added task 210, time: 1787689322.456415
Added task 212, time: 1787689322.4759572
Added task 214, time: 1787689322.4950001
Output for task 209: tc(30);, time: 1787689322.4959645
Start executing task 209 for agent 35 on time 1787689322.4973593 with plan tc(30);
Added task 216, time: 1787689322.5163555
Output for task 210: tc(45);, time: 1787689322.5192435
Start executing task 210 for agent 25 on time 1787689322.5205848 with plan tc(45);
Output for task 212: tc(45);, time: 1787689322.5226393
Start executing task 212 for agent 32 on time 1787689322.5238988 with plan tc(45);
Output for task 214: tc(45);, time: 1787689322.5357163
Start executing task 214 for agent 18 on time 1787689322.5371072 with plan tc(45);
Output for task 216: tc(30);, time: 1787689322.5519555
Start executing task 216 for agent 10 on time 1787689322.5535173 with plan tc(30);
Added task 222, time: 1787689322.577992
Added task 219, time: 1787689322.601226
Added task 218, time: 1787689322.6229773
Added task 209, time: 1787689322.6330209
Added task 216, time: 1787689322.6452053
Added task 210, time: 1787689322.6534133
Added task 212, time: 1787689322.6604939
Added task 214, time: 1787689322.669701
Output for task 222: tc(30);, time: 1787689322.6698499
Start executing task 222 for agent 16 on time 1787689322.6713145 with plan tc(30);
Added task 222, time: 1787689322.6765997
Added task 211, time: 1787689322.6917293
Added task 213, time: 1787689322.7076151
Output for task 219: tc(45);, time: 1787689322.7077343
Output for task 209: , time: 1787689322.7088954
Start executing task 219 for agent 11 on time 1787689322.7090893 with plan tc(45);
Output for task 216: , time: 1787689322.725754
Output for task 210: , time: 1787689322.725859
Output for task 212: , time: 1787689322.7259266
Output for task 214: , time: 1787689322.7259855
Output for task 218: tc(30);, time: 1787689322.7377205
Output for task 222: , time: 1787689322.738628
Start executing task 218 for agent 33 on time 1787689322.7391772 with plan tc(30);
Added task 218, time: 1787689322.7491179
Added task 215, time: 1787689322.7669322
Added task 217, time: 1787689322.7826772
Output for task 211: mu(40);, time: 1787689322.7829063
Start executing task 211 for agent 2 on time 1787689322.7843137 with plan mu(40);
Added task 220, time: 1787689322.7989008
Added task 221, time: 1787689322.8127005
Added task 219, time: 1787689322.817139
Output for task 213: ?s('cat')==True{, time: 1787689322.8172498
Output for task 218: , time: 1787689322.8180702
Start executing task 213 for agent 3 on time 1787689322.8187392 with plan ?s('cat')==True{
Added task 213, time: 1787689322.8243754
Output for task 215: mu(40);, time: 1787689322.8274782
Start executing task 215 for agent 4 on time 1787689322.8288383 with plan mu(40);
Added task 211, time: 1787689322.832073
Added task 215, time: 1787689322.8371682
Output for task 219: , time: 1787689322.8599577
Output for task 217: ?s('scissors')==True{, time: 1787689322.8661044
Output for task 220: md(40);, time: 1787689322.867032
Start executing task 217 for agent 14 on time 1787689322.867565 with plan ?s('scissors')==True{
Start executing task 220 for agent 30 on time 1787689322.8685775 with plan md(40);
Added task 217, time: 1787689322.8722863
Added task 220, time: 1787689322.875876
Output for task 213: g('cat'), time: 1787689322.8760035
Finish executing task 206 for agent 40 on time 1787689322.8768528 with plan ?s('scissors')==True{
Start executing task 206 for agent 40 on time 1787689322.8772686 with plan g('scissors')
Added task 213, time: 1787689322.8828452
Output for task 221: ?s('cat')==True{, time: 1787689322.882968
Start executing task 221 for agent 12 on time 1787689322.8842142 with plan ?s('cat')==True{
Added task 221, time: 1787689322.897485
Finish executing task 207 for agent 0 on time 1787689322.9116268 with plan ?s('scissors')==True{
Start executing task 207 for agent 0 on time 1787689322.9119506 with plan g('scissors')
Output for task 211: ?iv('book')==True{, time: 1787689322.9207335
Output for task 215: ?iv('book')==True{, time: 1787689322.921981
Added task 211, time: 1787689322.9320307
Output for task 213: };, time: 1787689322.9322166
Added task 215, time: 1787689322.9364376
Output for task 217: g('scissors'), time: 1787689322.9377837
Added task 217, time: 1787689322.9437528
Output for task 221: g('cat'), time: 1787689322.9439561
Added task 221, time: 1787689322.9563403
Output for task 220: ?iv('toy')==True{, time: 1787689322.9565806
Finish executing task 194 for agent 23 on time 1787689322.963348 with plan tc(45);
Start executing task 194 for agent 23 on time 1787689322.9636729 with plan 
Finish executing task 194 for agent 23 on time 1787689322.9639447 with plan 
Added task 220, time: 1787689322.974098
Finish executing task 195 for agent 29 on time 1787689322.9815726 with plan tc(45);
Start executing task 195 for agent 29 on time 1787689322.9818842 with plan 
Finish executing task 195 for agent 29 on time 1787689322.9821358 with plan 
Output for task 211: tp()}, time: 1787689322.9850438
Output for task 215: tp()}, time: 1787689322.9861147
Added task 211, time: 1787689322.9961407
Added task 215, time: 1787689323.0040076
Output for task 217: }->False, time: 1787689323.004182
Output for task 221: };, time: 1787689323.0043101
Output for task 220: g('toy')}, time: 1787689323.0125282
Added task 220, time: 1787689323.0255997
Output for task 211: ->False, time: 1787689323.0308752
Output for task 215: ->False, time: 1787689323.0366302
Output for task 220: ->False, time: 1787689323.0531352
Finish executing task 198 for agent 22 on time 1787689323.1263921 with plan tc(45);
Start executing task 198 for agent 22 on time 1787689323.1267095 with plan 
Finish executing task 198 for agent 22 on time 1787689323.126989 with plan 
Finish executing task 203 for agent 8 on time 1787689323.1294644 with plan tc(45);
Start executing task 203 for agent 8 on time 1787689323.1296012 with plan 
Finish executing task 203 for agent 8 on time 1787689323.1297956 with plan 
Finish executing task 208 for agent 5 on time 1787689323.1449013 with plan tc(45);
Start executing task 208 for agent 5 on time 1787689323.1452165 with plan 
Finish executing task 208 for agent 5 on time 1787689323.1454644 with plan 
Finish executing task 200 for agent 15 on time 1787689323.7626276 with plan mu(40);
Start executing task 200 for agent 15 on time 1787689323.7629995 with plan ?iv('book')==True{
Finish executing task 200 for agent 15 on time 1787689323.7643368 with plan ?iv('book')==True{
Start executing task 200 for agent 15 on time 1787689323.7644794 with plan tp()}
Finish executing task 200 for agent 15 on time 1787689323.7657094 with plan tp()}
Start executing task 200 for agent 15 on time 1787689323.7658203 with plan ->False
Finish executing task 200 for agent 15 on time 1787689323.766044 with plan ->False
Finish executing task 201 for agent 24 on time 1787689323.7821333 with plan mu(40);
Start executing task 201 for agent 24 on time 1787689323.7824597 with plan ?iv('book')==True{
Finish executing task 201 for agent 24 on time 1787689323.7837896 with plan ?iv('book')==True{
Start executing task 201 for agent 24 on time 1787689323.7839463 with plan tp()}
Finish executing task 201 for agent 24 on time 1787689323.7851806 with plan tp()}
Start executing task 201 for agent 24 on time 1787689323.7852983 with plan ->False
Finish executing task 201 for agent 24 on time 1787689323.7855065 with plan ->False
Finish executing task 191 for agent 7 on time 1787689323.859705 with plan ?iv('boy')==True{
Start executing task 191 for agent 7 on time 1787689323.8600328 with plan tc(45)}
Finish executing task 205 for agent 27 on time 1787689323.8947434 with plan md(40);
Start executing task 205 for agent 27 on time 1787689323.8950918 with plan ?iv('toy')==True{
Finish executing task 205 for agent 27 on time 1787689323.896412 with plan ?iv('toy')==True{
Start executing task 205 for agent 27 on time 1787689323.8965573 with plan g('toy')}
Finish executing task 204 for agent 1 on time 1787689324.034814 with plan ?iv('boy')==True{
Start executing task 204 for agent 1 on time 1787689324.0351577 with plan tc(45)}
Finish executing task 217 for agent 14 on time 1787689324.4244468 with plan ?s('scissors')==True{
Start executing task 217 for agent 14 on time 1787689324.4247732 with plan g('scissors')
Finish executing task 190 for agent 39 on time 1787689324.5669935 with plan ?s('cat')==True{
Start executing task 190 for agent 39 on time 1787689324.5672593 with plan g('cat')
Finish executing task 192 for agent 26 on time 1787689324.61597 with plan ?s('cat')==True{
Start executing task 192 for agent 26 on time 1787689324.6163175 with plan g('cat')
Finish executing task 210 for agent 25 on time 1787689324.6297164 with plan tc(45);
Start executing task 210 for agent 25 on time 1787689324.6300654 with plan 
Finish executing task 210 for agent 25 on time 1787689324.630315 with plan 
Finish executing task 212 for agent 32 on time 1787689324.6329522 with plan tc(45);
Start executing task 212 for agent 32 on time 1787689324.6331935 with plan 
Finish executing task 212 for agent 32 on time 1787689324.633424 with plan 
Finish executing task 214 for agent 18 on time 1787689324.6461277 with plan tc(45);
Start executing task 214 for agent 18 on time 1787689324.646447 with plan 
Finish executing task 214 for agent 18 on time 1787689324.6466908 with plan 
Finish executing task 193 for agent 13 on time 1787689324.7276611 with plan ?s('cat')==True{
Start executing task 193 for agent 13 on time 1787689324.7279878 with plan g('cat')
Finish executing task 196 for agent 31 on time 1787689324.8007936 with plan ?s('cat')==True{
Start executing task 196 for agent 31 on time 1787689324.8011305 with plan g('cat')
Finish executing task 219 for agent 11 on time 1787689324.818124 with plan tc(45);
Start executing task 219 for agent 11 on time 1787689324.8184068 with plan 
Finish executing task 219 for agent 11 on time 1787689324.8186436 with plan 
Finish executing task 197 for agent 21 on time 1787689324.934987 with plan ?s('cat')==True{
Start executing task 197 for agent 21 on time 1787689324.9353518 with plan g('cat')
Finish executing task 209 for agent 35 on time 1787689325.084447 with plan tc(30);
Start executing task 209 for agent 35 on time 1787689325.0847218 with plan 
Finish executing task 209 for agent 35 on time 1787689325.0849931 with plan 
Finish executing task 216 for agent 10 on time 1787689325.140584 with plan tc(30);
Start executing task 216 for agent 10 on time 1787689325.1409097 with plan 
Finish executing task 216 for agent 10 on time 1787689325.1411653 with plan 
Finish executing task 222 for agent 16 on time 1787689325.2583761 with plan tc(30);
Start executing task 222 for agent 16 on time 1787689325.258661 with plan 
Finish executing task 222 for agent 16 on time 1787689325.2589347 with plan 
Finish executing task 211 for agent 2 on time 1787689325.2842605 with plan mu(40);
Start executing task 211 for agent 2 on time 1787689325.2845228 with plan ?iv('book')==True{
Finish executing task 211 for agent 2 on time 1787689325.2858372 with plan ?iv('book')==True{
Start executing task 211 for agent 2 on time 1787689325.285972 with plan tp()}
Finish executing task 211 for agent 2 on time 1787689325.2872021 with plan tp()}
Start executing task 211 for agent 2 on time 1787689325.287315 with plan ->False
Finish executing task 211 for agent 2 on time 1787689325.2875237 with plan ->False
Finish executing task 218 for agent 33 on time 1787689325.3262205 with plan tc(30);
Start executing task 218 for agent 33 on time 1787689325.3265398 with plan 
Finish executing task 218 for agent 33 on time 1787689325.3267953 with plan 
Finish executing task 215 for agent 4 on time 1787689325.3287601 with plan mu(40);
Start executing task 215 for agent 4 on time 1787689325.3289983 with plan ?iv('book')==True{
Finish executing task 215 for agent 4 on time 1787689325.330276 with plan ?iv('book')==True{
Start executing task 215 for agent 4 on time 1787689325.3303962 with plan tp()}
Finish executing task 215 for agent 4 on time 1787689325.3316174 with plan tp()}
Start executing task 215 for agent 4 on time 1787689325.331726 with plan ->False
Finish executing task 215 for agent 4 on time 1787689325.331946 with plan ->False
Finish executing task 206 for agent 40 on time 1787689325.3390691 with plan g('scissors')
Start executing task 206 for agent 40 on time 1787689325.339381 with plan }->False
Finish executing task 206 for agent 40 on time 1787689325.3396578 with plan }->False
Finish executing task 207 for agent 0 on time 1787689325.373582 with plan g('scissors')
Start executing task 207 for agent 0 on time 1787689325.3739226 with plan }->False
Finish executing task 207 for agent 0 on time 1787689325.3742328 with plan }->False
Finish executing task 220 for agent 30 on time 1787689325.4634416 with plan md(40);
Start executing task 220 for agent 30 on time 1787689325.4637764 with plan ?iv('toy')==True{
Finish executing task 220 for agent 30 on time 1787689325.465118 with plan ?iv('toy')==True{
Start executing task 220 for agent 30 on time 1787689325.4652576 with plan g('toy')}
Finish executing task 191 for agent 7 on time 1787689325.838052 with plan tc(45)}
Start executing task 191 for agent 7 on time 1787689325.8383462 with plan ->False;
Finish executing task 191 for agent 7 on time 1787689325.8386242 with plan ->False;
Finish executing task 204 for agent 1 on time 1787689326.0131755 with plan tc(45)}
Start executing task 204 for agent 1 on time 1787689326.0134268 with plan ->False;
Finish executing task 204 for agent 1 on time 1787689326.0136774 with plan ->False;
Finish executing task 213 for agent 3 on time 1787689326.5325403 with plan ?s('cat')==True{
Start executing task 213 for agent 3 on time 1787689326.532972 with plan g('cat')
Finish executing task 221 for agent 12 on time 1787689326.5978217 with plan ?s('cat')==True{
Start executing task 221 for agent 12 on time 1787689326.59816 with plan g('cat')
Finish executing task 205 for agent 27 on time 1787689326.6034079 with plan g('toy')}
Start executing task 205 for agent 27 on time 1787689326.603727 with plan ->False
Finish executing task 205 for agent 27 on time 1787689326.604016 with plan ->False
Finish executing task 217 for agent 14 on time 1787689326.8865256 with plan g('scissors')
Start executing task 217 for agent 14 on time 1787689326.8869023 with plan }->False
Finish executing task 217 for agent 14 on time 1787689326.887201 with plan }->False
Finish executing task 190 for agent 39 on time 1787689327.0288517 with plan g('cat')
Start executing task 190 for agent 39 on time 1787689327.0291436 with plan };
Finish executing task 190 for agent 39 on time 1787689327.0294018 with plan };
Finish executing task 192 for agent 26 on time 1787689327.0779414 with plan g('cat')
Start executing task 192 for agent 26 on time 1787689327.0782635 with plan };
Finish executing task 192 for agent 26 on time 1787689327.0785363 with plan };
Finish executing task 193 for agent 13 on time 1787689327.1896255 with plan g('cat')
Start executing task 193 for agent 13 on time 1787689327.1899848 with plan };
Finish executing task 193 for agent 13 on time 1787689327.1902535 with plan };
Finish executing task 196 for agent 31 on time 1787689327.2627563 with plan g('cat')
Start executing task 196 for agent 31 on time 1787689327.2630966 with plan };
Finish executing task 196 for agent 31 on time 1787689327.2633653 with plan };
Finish executing task 197 for agent 21 on time 1787689327.3970494 with plan g('cat')
Start executing task 197 for agent 21 on time 1787689327.3973732 with plan };
Finish executing task 197 for agent 21 on time 1787689327.3976476 with plan };
Finish executing task 220 for agent 30 on time 1787689328.1721096 with plan g('toy')}
Start executing task 220 for agent 30 on time 1787689328.1724195 with plan ->False
Finish executing task 220 for agent 30 on time 1787689328.1726987 with plan ->False
Generating request from task 223, time: 1787689328.6690123
Generating request from task 224, time: 1787689328.6695976
Generating request from task 225, time: 1787689328.6704693
Added task 224, time: 1787689328.6804905
Added task 223, time: 1787689328.6907177
Added task 225, time: 1787689328.7000089
Output for task 224: tc(30);, time: 1787689328.732246
Start executing task 224 for agent 17 on time 1787689328.7337477 with plan tc(30);
Added task 224, time: 1787689328.7417228
Output for task 225: mu(40);, time: 1787689328.7460322
Start executing task 225 for agent 34 on time 1787689328.7476075 with plan mu(40);
Added task 225, time: 1787689328.7719615
Output for task 223: ?s('scissors')==True{, time: 1787689328.7736075
Output for task 224: , time: 1787689328.7747657
Start executing task 223 for agent 6 on time 1787689328.775548 with plan ?s('scissors')==True{
Added task 223, time: 1787689328.7798743
Output for task 223: g('scissors'), time: 1787689328.8269966
Added task 223, time: 1787689328.8366258
Output for task 225: ?iv('book')==True{, time: 1787689328.8368816
Added task 225, time: 1787689328.8432307
Output for task 223: }->False, time: 1787689328.87365
Output for task 225: tp()}, time: 1787689328.8738556
Added task 225, time: 1787689328.878183
Output for task 225: ->False, time: 1787689328.905798
Finish executing task 213 for agent 3 on time 1787689328.9947298 with plan g('cat')
Start executing task 213 for agent 3 on time 1787689328.99513 with plan };
Finish executing task 213 for agent 3 on time 1787689328.9954064 with plan };
Finish executing task 221 for agent 12 on time 1787689329.0597818 with plan g('cat')
Start executing task 221 for agent 12 on time 1787689329.0601037 with plan };
Finish executing task 221 for agent 12 on time 1787689329.060374 with plan };
Finish executing task 223 for agent 6 on time 1787689330.332338 with plan ?s('scissors')==True{
Start executing task 223 for agent 6 on time 1787689330.3326907 with plan g('scissors')
Finish executing task 225 for agent 34 on time 1787689331.2475765 with plan mu(40);
Start executing task 225 for agent 34 on time 1787689331.24794 with plan ?iv('book')==True{
Finish executing task 225 for agent 34 on time 1787689331.2492816 with plan ?iv('book')==True{
Start executing task 225 for agent 34 on time 1787689331.2494302 with plan tp()}
Finish executing task 225 for agent 34 on time 1787689331.250669 with plan tp()}
Start executing task 225 for agent 34 on time 1787689331.250792 with plan ->False
Finish executing task 225 for agent 34 on time 1787689331.2510202 with plan ->False
Finish executing task 224 for agent 17 on time 1787689331.3209984 with plan tc(30);
Start executing task 224 for agent 17 on time 1787689331.3213396 with plan 
Finish executing task 224 for agent 17 on time 1787689331.3215954 with plan 
Finish executing task 223 for agent 6 on time 1787689332.7943516 with plan g('scissors')
Start executing task 223 for agent 6 on time 1787689332.7947392 with plan }->False
Finish executing task 223 for agent 6 on time 1787689332.7951465 with plan }->False
Generating request from task 226, time: 1787689334.0686495
Generating request from task 227, time: 1787689334.069269
Added task 226, time: 1787689334.08605
Added task 227, time: 1787689334.1008556
Output for task 226: mu(40);, time: 1787689334.133768
Start executing task 226 for agent 37 on time 1787689334.1359177 with plan mu(40);
Output for task 227: tc(45);, time: 1787689334.1401935
Start executing task 227 for agent 28 on time 1787689334.1420155 with plan tc(45);
Added task 227, time: 1787689334.1463575
Added task 226, time: 1787689334.1500826
Output for task 227: , time: 1787689334.180672
Output for task 226: ?iv('book')==True{, time: 1787689334.21458
Added task 226, time: 1787689334.2191556
Output for task 226: tp()}, time: 1787689334.252924
Added task 226, time: 1787689334.2574513
Output for task 226: ->False, time: 1787689334.291078
Generating request from task 228, time: 1787689335.1859624
Generating request from task 229, time: 1787689335.1865306
Generating request from task 230, time: 1787689335.1874607
Generating request from task 231, time: 1787689335.188376
Generating request from task 232, time: 1787689335.1893175
Generating request from task 233, time: 1787689335.1903107
Generating request from task 234, time: 1787689335.1912978
Generating request from task 235, time: 1787689335.1923008
Generating request from task 236, time: 1787689335.1932979
Generating request from task 237, time: 1787689335.1942961
Generating request from task 238, time: 1787689335.1952958
Generating request from task 239, time: 1787689335.1962914
Generating request from task 240, time: 1787689335.197294
Generating request from task 241, time: 1787689335.1982937
Generating request from task 242, time: 1787689335.1992934
Generating request from task 243, time: 1787689335.2002943
Added task 228, time: 1787689335.2022123
Added task 233, time: 1787689335.2240925
Added task 234, time: 1787689335.2437346
Added task 237, time: 1787689335.26412
Output for task 228: tc(45);, time: 1787689335.268161
Start executing task 228 for agent 36 on time 1787689335.269629 with plan tc(45);
Added task 241, time: 1787689335.3049824
Output for task 233: ?iv('boy')==True{, time: 1787689335.3091114
Start executing task 233 for agent 38 on time 1787689335.3106613 with plan ?iv('boy')==True{
Added task 243, time: 1787689335.3310602
Added task 233, time: 1787689335.3396726
Output for task 234: ?iv('boy')==True{, time: 1787689335.3398128
Start executing task 234 for agent 15 on time 1787689335.3413408 with plan ?iv('boy')==True{
Added task 234, time: 1787689335.3518806
Output for task 237: ?iv('boy')==True{, time: 1787689335.3520272
Start executing task 237 for agent 0 on time 1787689335.3536048 with plan ?iv('boy')==True{
Added task 237, time: 1787689335.3609867
Added task 228, time: 1787689335.36819
Added task 229, time: 1787689335.3864985
Output for task 241: tc(45);, time: 1787689335.3866146
Start executing task 241 for agent 29 on time 1787689335.3879132 with plan tc(45);
Added task 230, time: 1787689335.4045186
Output for task 233: tc(45)}, time: 1787689335.4093943
Output for task 228: , time: 1787689335.410478
Output for task 243: ?iv('boy')==True{, time: 1787689335.4112918
Output for task 234: tc(45)}, time: 1787689335.411974
Start executing task 243 for agent 8 on time 1787689335.412558 with plan ?iv('boy')==True{
Output for task 237: tc(45)}, time: 1787689335.4130247
Added task 243, time: 1787689335.4256833
Added task 231, time: 1787689335.4437017
Added task 232, time: 1787689335.4622009
Added task 235, time: 1787689335.4783828
Output for task 229: mu(40);, time: 1787689335.4784856
Start executing task 229 for agent 9 on time 1787689335.4797742 with plan mu(40);
Added task 236, time: 1787689335.4952888
Added task 238, time: 1787689335.5127552
Output for task 230: md(40);, time: 1787689335.512861
Start executing task 230 for agent 19 on time 1787689335.5141332 with plan md(40);
Output for task 243: tc(45)}, time: 1787689335.5163593
Output for task 231: mu(40);, time: 1787689335.5194001
Start executing task 231 for agent 41 on time 1787689335.5205255 with plan mu(40);
Added task 239, time: 1787689335.537174
Added task 240, time: 1787689335.5560405
Added task 242, time: 1787689335.5725627
Added task 241, time: 1787689335.581507
Added task 233, time: 1787689335.5914447
Output for task 232: ?s('scissors')==True{, time: 1787689335.592037
Start executing task 232 for agent 20 on time 1787689335.5933554 with plan ?s('scissors')==True{
Added task 234, time: 1787689335.6009297
Added task 237, time: 1787689335.6109242
Output for task 235: ?s('scissors')==True{, time: 1787689335.6110277
Start executing task 235 for agent 24 on time 1787689335.6121764 with plan ?s('scissors')==True{
Added task 243, time: 1787689335.6191127
Added task 232, time: 1787689335.6261153
Output for task 236: ?s('cat')==True{, time: 1787689335.6262233
Start executing task 236 for agent 40 on time 1787689335.6274822 with plan ?s('cat')==True{
Added task 235, time: 1787689335.635969
Output for task 238: md(40);, time: 1787689335.6360831
Start executing task 238 for agent 2 on time 1787689335.6374192 with plan md(40);
Output for task 239: md(40);, time: 1787689335.6398182
Start executing task 239 for agent 4 on time 1787689335.6410975 with plan md(40);
Output for task 240: mu(40);, time: 1787689335.6433287
Output for task 241: , time: 1787689335.6444304
Start executing task 240 for agent 23 on time 1787689335.6446514 with plan mu(40);
Added task 236, time: 1787689335.654968
Added task 229, time: 1787689335.6650789
Output for task 242: md(40);, time: 1787689335.6651886
Start executing task 242 for agent 22 on time 1787689335.6664107 with plan md(40);
Added task 230, time: 1787689335.6758657
Added task 231, time: 1787689335.6869698
Output for task 233: ->False;, time: 1787689335.6870804
Added task 238, time: 1787689335.6953607
Output for task 234: ->False;, time: 1787689335.6954691
Added task 239, time: 1787689335.7006247
Output for task 237: ->False;, time: 1787689335.7007303
Added task 240, time: 1787689335.704782
Output for task 243: ->False;, time: 1787689335.7048903
Added task 242, time: 1787689335.7101374
Output for task 232: g('scissors'), time: 1787689335.710236
Added task 232, time: 1787689335.7160172
Output for task 235: g('scissors'), time: 1787689335.7161252
Added task 235, time: 1787689335.7266176
Output for task 236: g('cat'), time: 1787689335.7509024
Added task 236, time: 1787689335.7620704
Output for task 229: ?iv('book')==True{, time: 1787689335.7705665
Added task 229, time: 1787689335.7779546
Output for task 230: ?iv('toy')==True{, time: 1787689335.778093
Added task 230, time: 1787689335.7883732
Output for task 231: ?iv('book')==True{, time: 1787689335.7885263
Output for task 238: ?iv('toy')==True{, time: 1787689335.7894635
Output for task 232: }->False, time: 1787689335.7903442
Added task 231, time: 1787689335.8088977
Output for task 239: ?iv('toy')==True{, time: 1787689335.8092098
Output for task 240: ?iv('book')==True{, time: 1787689335.810216
Output for task 242: ?iv('toy')==True{, time: 1787689335.811087
Added task 238, time: 1787689335.8257291
Added task 239, time: 1787689335.835305
Output for task 235: }->False, time: 1787689335.835461
Output for task 236: };, time: 1787689335.8355737
Output for task 229: tp()}, time: 1787689335.835856
Added task 229, time: 1787689335.8426938
Added task 240, time: 1787689335.8474002
Added task 242, time: 1787689335.8542047
Output for task 230: g('toy')}, time: 1787689335.854342
Added task 230, time: 1787689335.858594
Output for task 231: tp()}, time: 1787689335.85872
Added task 231, time: 1787689335.865353
Generating request from task 244, time: 1787689335.8823218
Generating request from task 245, time: 1787689335.8828933
Generating request from task 246, time: 1787689335.883804
Generating request from task 247, time: 1787689335.884796
Generating request from task 248, time: 1787689335.885777
Generating request from task 249, time: 1787689335.8868093
Generating request from task 250, time: 1787689335.8877666
Added task 244, time: 1787689335.9030023
Output for task 238: g('toy')}, time: 1787689335.9031403
Added task 245, time: 1787689335.924816
Output for task 240: tp()}, time: 1787689335.9249527
Added task 247, time: 1787689335.9438663
Output for task 239: g('toy')}, time: 1787689335.9439757
Output for task 229: ->False, time: 1787689335.944667
Added task 250, time: 1787689335.9597898
Output for task 230: ->False, time: 1787689335.9599054
Added task 246, time: 1787689335.9743335
Output for task 242: g('toy')}, time: 1787689335.9744935
Output for task 231: ->False, time: 1787689335.9751754
Added task 248, time: 1787689335.9894416
Added task 249, time: 1787689336.002955
Added task 240, time: 1787689336.009922
Output for task 244: tc(30);, time: 1787689336.0124788
Start executing task 244 for agent 5 on time 1787689336.013868 with plan tc(30);
Output for task 245: ?iv('boy')==True{, time: 1787689336.0180984
Output for task 247: tc(30);, time: 1787689336.0188134
Start executing task 245 for agent 7 on time 1787689336.0193214 with plan ?iv('boy')==True{
Start executing task 247 for agent 27 on time 1787689336.020671 with plan tc(30);
Added task 245, time: 1787689336.0265722
Added task 244, time: 1787689336.0350633
Output for task 250: tc(30);, time: 1787689336.0351667
Start executing task 250 for agent 32 on time 1787689336.0363002 with plan tc(30);
Added task 247, time: 1787689336.0419264
Added task 250, time: 1787689336.0494125
Added task 238, time: 1787689336.0539317
Added task 239, time: 1787689336.0596
Added task 242, time: 1787689336.0643675
Output for task 246: ?s('scissors')==True{, time: 1787689336.0653312
Start executing task 246 for agent 1 on time 1787689336.066546 with plan ?s('scissors')==True{
Added task 246, time: 1787689336.0686238
Output for task 240: ->False, time: 1787689336.0687232
Output for task 248: ?s('scissors')==True{, time: 1787689336.0717008
Start executing task 248 for agent 14 on time 1787689336.0730138 with plan ?s('scissors')==True{
Output for task 244: , time: 1787689336.0813167
Output for task 249: ?s('scissors')==True{, time: 1787689336.096285
Output for task 247: , time: 1787689336.0970972
Output for task 250: , time: 1787689336.097191
Start executing task 249 for agent 25 on time 1787689336.0977228 with plan ?s('scissors')==True{
Output for task 245: tc(45)}, time: 1787689336.1043172
Added task 245, time: 1787689336.1105983
Output for task 238: ->False, time: 1787689336.1107225
Added task 248, time: 1787689336.115326
Output for task 239: ->False, time: 1787689336.115447
Output for task 242: ->False, time: 1787689336.1156695
Added task 249, time: 1787689336.1189895
Output for task 246: g('scissors'), time: 1787689336.12751
Added task 246, time: 1787689336.140529
Output for task 245: ->False;, time: 1787689336.1510975
Output for task 248: g('scissors'), time: 1787689336.1627197
Output for task 249: g('scissors'), time: 1787689336.1637337
Added task 248, time: 1787689336.1734238
Output for task 246: }->False, time: 1787689336.1735797
Added task 249, time: 1787689336.179744
Output for task 248: }->False, time: 1787689336.2049272
Output for task 249: }->False, time: 1787689336.2108402
Finish executing task 227 for agent 28 on time 1787689336.2511094 with plan tc(45);
Start executing task 227 for agent 28 on time 1787689336.2514293 with plan 
Finish executing task 227 for agent 28 on time 1787689336.2516828 with plan 
Finish executing task 226 for agent 37 on time 1787689336.635908 with plan mu(40);
Start executing task 226 for agent 37 on time 1787689336.6362283 with plan ?iv('book')==True{
Finish executing task 226 for agent 37 on time 1787689336.6375623 with plan ?iv('book')==True{
Start executing task 226 for agent 37 on time 1787689336.6376991 with plan tp()}
Finish executing task 226 for agent 37 on time 1787689336.638966 with plan tp()}
Start executing task 226 for agent 37 on time 1787689336.6390822 with plan ->False
Finish executing task 226 for agent 37 on time 1787689336.6392941 with plan ->False
Finish executing task 232 for agent 20 on time 1787689337.1501353 with plan ?s('scissors')==True{
Start executing task 232 for agent 20 on time 1787689337.1504366 with plan g('scissors')
Finish executing task 235 for agent 24 on time 1787689337.1689057 with plan ?s('scissors')==True{
Start executing task 235 for agent 24 on time 1787689337.169242 with plan g('scissors')
Finish executing task 228 for agent 36 on time 1787689337.378737 with plan tc(45);
Start executing task 228 for agent 36 on time 1787689337.3790786 with plan 
Finish executing task 228 for agent 36 on time 1787689337.3793302 with plan 
Finish executing task 241 for agent 29 on time 1787689337.4969192 with plan tc(45);
Start executing task 241 for agent 29 on time 1787689337.4972224 with plan 
Finish executing task 241 for agent 29 on time 1787689337.4974666 with plan 
Finish executing task 246 for agent 1 on time 1787689337.623294 with plan ?s('scissors')==True{
Start executing task 246 for agent 1 on time 1787689337.6236057 with plan g('scissors')
Finish executing task 248 for agent 14 on time 1787689337.6297834 with plan ?s('scissors')==True{
Start executing task 248 for agent 14 on time 1787689337.6300976 with plan g('scissors')
Finish executing task 249 for agent 25 on time 1787689337.6545165 with plan ?s('scissors')==True{
Start executing task 249 for agent 25 on time 1787689337.6548226 with plan g('scissors')
Finish executing task 229 for agent 9 on time 1787689337.9797528 with plan mu(40);
Start executing task 229 for agent 9 on time 1787689337.9801714 with plan ?iv('book')==True{
Finish executing task 229 for agent 9 on time 1787689337.9816287 with plan ?iv('book')==True{
Start executing task 229 for agent 9 on time 1787689337.9818394 with plan tp()}
Finish executing task 229 for agent 9 on time 1787689337.983178 with plan tp()}
Start executing task 229 for agent 9 on time 1787689337.9833455 with plan ->False
Finish executing task 229 for agent 9 on time 1787689337.9836595 with plan ->False
Finish executing task 231 for agent 41 on time 1787689338.0203838 with plan mu(40);
Start executing task 231 for agent 41 on time 1787689338.0206351 with plan ?iv('book')==True{
Finish executing task 231 for agent 41 on time 1787689338.0219443 with plan ?iv('book')==True{
Start executing task 231 for agent 41 on time 1787689338.0220761 with plan tp()}
Finish executing task 231 for agent 41 on time 1787689338.0233061 with plan tp()}
Start executing task 231 for agent 41 on time 1787689338.0234165 with plan ->False
Finish executing task 231 for agent 41 on time 1787689338.0236225 with plan ->False
Finish executing task 230 for agent 19 on time 1787689338.1089892 with plan md(40);
Start executing task 230 for agent 19 on time 1787689338.1092823 with plan ?iv('toy')==True{
Finish executing task 230 for agent 19 on time 1787689338.1106057 with plan ?iv('toy')==True{
Start executing task 230 for agent 19 on time 1787689338.1107447 with plan g('toy')}
Finish executing task 240 for agent 23 on time 1787689338.1446052 with plan mu(40);
Start executing task 240 for agent 23 on time 1787689338.1449325 with plan ?iv('book')==True{
Finish executing task 240 for agent 23 on time 1787689338.146263 with plan ?iv('book')==True{
Start executing task 240 for agent 23 on time 1787689338.1464095 with plan tp()}
Finish executing task 240 for agent 23 on time 1787689338.147649 with plan tp()}
Start executing task 240 for agent 23 on time 1787689338.1477616 with plan ->False
Finish executing task 240 for agent 23 on time 1787689338.1479807 with plan ->False
Finish executing task 238 for agent 2 on time 1787689338.2322347 with plan md(40);
Start executing task 238 for agent 2 on time 1787689338.2325377 with plan ?iv('toy')==True{
Finish executing task 238 for agent 2 on time 1787689338.2338388 with plan ?iv('toy')==True{
Start executing task 238 for agent 2 on time 1787689338.2339764 with plan g('toy')}
Finish executing task 239 for agent 4 on time 1787689338.236005 with plan md(40);
Start executing task 239 for agent 4 on time 1787689338.2363572 with plan ?iv('toy')==True{
Finish executing task 239 for agent 4 on time 1787689338.237744 with plan ?iv('toy')==True{
Start executing task 239 for agent 4 on time 1787689338.237965 with plan g('toy')}
Finish executing task 242 for agent 22 on time 1787689338.2611852 with plan md(40);
Start executing task 242 for agent 22 on time 1787689338.261482 with plan ?iv('toy')==True{
Finish executing task 242 for agent 22 on time 1787689338.2628002 with plan ?iv('toy')==True{
Start executing task 242 for agent 22 on time 1787689338.262955 with plan g('toy')}
Finish executing task 233 for agent 38 on time 1787689338.3111393 with plan ?iv('boy')==True{
Start executing task 233 for agent 38 on time 1787689338.3114424 with plan tc(45)}
Finish executing task 234 for agent 15 on time 1787689338.341974 with plan ?iv('boy')==True{
Start executing task 234 for agent 15 on time 1787689338.3422835 with plan tc(45)}
Finish executing task 237 for agent 0 on time 1787689338.3540769 with plan ?iv('boy')==True{
Start executing task 237 for agent 0 on time 1787689338.3543906 with plan tc(45)}
Finish executing task 243 for agent 8 on time 1787689338.4130194 with plan ?iv('boy')==True{
Start executing task 243 for agent 8 on time 1787689338.4132388 with plan tc(45)}
Finish executing task 244 for agent 5 on time 1787689338.6009462 with plan tc(30);
Start executing task 244 for agent 5 on time 1787689338.6013222 with plan 
Finish executing task 244 for agent 5 on time 1787689338.6016402 with plan 
Finish executing task 247 for agent 27 on time 1787689338.6077614 with plan tc(30);
Start executing task 247 for agent 27 on time 1787689338.6081061 with plan 
Finish executing task 247 for agent 27 on time 1787689338.60836 with plan 
Finish executing task 250 for agent 32 on time 1787689338.6233451 with plan tc(30);
Start executing task 250 for agent 32 on time 1787689338.623595 with plan 
Finish executing task 250 for agent 32 on time 1787689338.6238315 with plan 
Finish executing task 245 for agent 7 on time 1787689339.0197775 with plan ?iv('boy')==True{
Start executing task 245 for agent 7 on time 1787689339.0201352 with plan tc(45)}
Finish executing task 236 for agent 40 on time 1787689339.3411622 with plan ?s('cat')==True{
Start executing task 236 for agent 40 on time 1787689339.3415134 with plan g('cat')
Finish executing task 232 for agent 20 on time 1787689339.6120698 with plan g('scissors')
Start executing task 232 for agent 20 on time 1787689339.6124005 with plan }->False
Finish executing task 232 for agent 20 on time 1787689339.6126933 with plan }->False
Finish executing task 235 for agent 24 on time 1787689339.6308508 with plan g('scissors')
Start executing task 235 for agent 24 on time 1787689339.6311386 with plan }->False
Finish executing task 235 for agent 24 on time 1787689339.6314201 with plan }->False
Finish executing task 246 for agent 1 on time 1787689340.0852652 with plan g('scissors')
Start executing task 246 for agent 1 on time 1787689340.0856185 with plan }->False
Finish executing task 246 for agent 1 on time 1787689340.085942 with plan }->False
Finish executing task 248 for agent 14 on time 1787689340.0917313 with plan g('scissors')
Start executing task 248 for agent 14 on time 1787689340.092069 with plan }->False
Finish executing task 248 for agent 14 on time 1787689340.092351 with plan }->False
Finish executing task 249 for agent 25 on time 1787689340.1164658 with plan g('scissors')
Start executing task 249 for agent 25 on time 1787689340.116787 with plan }->False
Finish executing task 249 for agent 25 on time 1787689340.1170692 with plan }->False
Finish executing task 233 for agent 38 on time 1787689340.2894642 with plan tc(45)}
Start executing task 233 for agent 38 on time 1787689340.2898824 with plan ->False;
Finish executing task 233 for agent 38 on time 1787689340.2903 with plan ->False;
Finish executing task 234 for agent 15 on time 1787689340.3203034 with plan tc(45)}
Start executing task 234 for agent 15 on time 1787689340.3206239 with plan ->False;
Finish executing task 234 for agent 15 on time 1787689340.320913 with plan ->False;
Finish executing task 237 for agent 0 on time 1787689340.3324172 with plan tc(45)}
Start executing task 237 for agent 0 on time 1787689340.3327324 with plan ->False;
Finish executing task 237 for agent 0 on time 1787689340.3330255 with plan ->False;
Finish executing task 243 for agent 8 on time 1787689340.3912246 with plan tc(45)}
Start executing task 243 for agent 8 on time 1787689340.3915355 with plan ->False;
Finish executing task 243 for agent 8 on time 1787689340.391816 with plan ->False;
Finish executing task 230 for agent 19 on time 1787689340.8176315 with plan g('toy')}
Start executing task 230 for agent 19 on time 1787689340.817953 with plan ->False
Finish executing task 230 for agent 19 on time 1787689340.8182251 with plan ->False
Finish executing task 238 for agent 2 on time 1787689340.940818 with plan g('toy')}
Start executing task 238 for agent 2 on time 1787689340.941144 with plan ->False
Finish executing task 238 for agent 2 on time 1787689340.9414186 with plan ->False
Finish executing task 239 for agent 4 on time 1787689340.944888 with plan g('toy')}
Start executing task 239 for agent 4 on time 1787689340.9452093 with plan ->False
Finish executing task 239 for agent 4 on time 1787689340.9454968 with plan ->False
Finish executing task 242 for agent 22 on time 1787689340.9698105 with plan g('toy')}
Start executing task 242 for agent 22 on time 1787689340.9701092 with plan ->False
Finish executing task 242 for agent 22 on time 1787689340.9703784 with plan ->False
Finish executing task 245 for agent 7 on time 1787689340.998194 with plan tc(45)}
Start executing task 245 for agent 7 on time 1787689340.9983954 with plan ->False;
Finish executing task 245 for agent 7 on time 1787689340.9986382 with plan ->False;
Generating request from task 251, time: 1787689341.0800378
Generating request from task 252, time: 1787689341.0808578
Generating request from task 253, time: 1787689341.0815284
Generating request from task 254, time: 1787689341.0824864
Added task 251, time: 1787689341.0972857
Added task 252, time: 1787689341.1153998
Added task 253, time: 1787689341.1315265
Added task 254, time: 1787689341.146235
Output for task 251: tc(30);, time: 1787689341.1495945
Start executing task 251 for agent 18 on time 1787689341.1511495 with plan tc(30);
Output for task 252: tc(30);, time: 1787689341.1536279
Start executing task 252 for agent 11 on time 1787689341.1550999 with plan tc(30);
Added task 251, time: 1787689341.1669989
Added task 252, time: 1787689341.1732225
Output for task 253: md(40);, time: 1787689341.1733534
Start executing task 253 for agent 35 on time 1787689341.1748571 with plan md(40);
Added task 253, time: 1787689341.1772676
Output for task 251: , time: 1787689341.2107556
Output for task 252: , time: 1787689341.2166548
Output for task 254: ?s('scissors')==True{, time: 1787689341.225211
Start executing task 254 for agent 10 on time 1787689341.2272077 with plan ?s('scissors')==True{
Added task 254, time: 1787689341.2345266
Output for task 253: ?iv('toy')==True{, time: 1787689341.2543075
Added task 253, time: 1787689341.2600248
Output for task 254: g('scissors'), time: 1787689341.279907
Added task 254, time: 1787689341.2857046
Output for task 253: g('toy')}, time: 1787689341.2992249
Added task 253, time: 1787689341.3082032
Output for task 254: }->False, time: 1787689341.3147016
Output for task 253: ->False, time: 1787689341.3396738
Finish executing task 236 for agent 40 on time 1787689341.8031383 with plan g('cat')
Start executing task 236 for agent 40 on time 1787689341.8034773 with plan };
Finish executing task 236 for agent 40 on time 1787689341.8037524 with plan };
Generating request from task 255, time: 1787689342.4968863
Generating request from task 256, time: 1787689342.4975624
Generating request from task 257, time: 1787689342.4986439
Generating request from task 258, time: 1787689342.4994538
Generating request from task 259, time: 1787689342.500391
Generating request from task 260, time: 1787689342.5013783
Added task 255, time: 1787689342.5148032
Added task 258, time: 1787689342.5320566
Added task 259, time: 1787689342.5474155
Added task 256, time: 1787689342.5635967
Output for task 255: ?iv('boy')==True{, time: 1787689342.5875206
Output for task 258: tc(30);, time: 1787689342.5886087
Start executing task 255 for agent 33 on time 1787689342.589115 with plan ?iv('boy')==True{
Start executing task 258 for agent 39 on time 1787689342.5900505 with plan tc(30);
Added task 255, time: 1787689342.5959697
Output for task 259: tc(30);, time: 1787689342.5961235
Start executing task 259 for agent 26 on time 1787689342.5976932 with plan tc(30);
Added task 258, time: 1787689342.6026485
Added task 259, time: 1787689342.6101642
Output for task 256: mu(40);, time: 1787689342.6103153
Start executing task 256 for agent 16 on time 1787689342.6120112 with plan mu(40);
Added task 257, time: 1787689342.6266127
Added task 260, time: 1787689342.6556354
Output for task 258: , time: 1787689342.6561894
Output for task 259: , time: 1787689342.6629753
Output for task 255: tc(45)}, time: 1787689342.6691785
Added task 255, time: 1787689342.6794488
Added task 256, time: 1787689342.6830864
Output for task 257: ?s('cat')==True{, time: 1787689342.7028458
Start executing task 257 for agent 30 on time 1787689342.7045805 with plan ?s('cat')==True{
Added task 257, time: 1787689342.7144399
Output for task 260: ?s('cat')==True{, time: 1787689342.7158942
Start executing task 260 for agent 13 on time 1787689342.7177374 with plan ?s('cat')==True{
Added task 260, time: 1787689342.721408
Output for task 255: ->False;, time: 1787689342.7288873
Output for task 256: ?iv('book')==True{, time: 1787689342.745934
Added task 256, time: 1787689342.7550392
Output for task 257: g('cat'), time: 1787689342.7552068
Added task 257, time: 1787689342.7619708
Output for task 260: g('cat'), time: 1787689342.7621517
Added task 260, time: 1787689342.7718196
Finish executing task 254 for agent 10 on time 1787689342.7839785 with plan ?s('scissors')==True{
Start executing task 254 for agent 10 on time 1787689342.7843146 with plan g('scissors')
Output for task 256: tp()}, time: 1787689342.7915573
Added task 256, time: 1787689342.8001902
Output for task 257: };, time: 1787689342.800383
Output for task 260: };, time: 1787689342.8013194
Output for task 256: ->False, time: 1787689342.8257897
Finish executing task 251 for agent 18 on time 1787689343.738215 with plan tc(30);
Start executing task 251 for agent 18 on time 1787689343.7385697 with plan 
Finish executing task 251 for agent 18 on time 1787689343.7388618 with plan 
Finish executing task 252 for agent 11 on time 1787689343.7421443 with plan tc(30);
Start executing task 252 for agent 11 on time 1787689343.7424936 with plan 
Finish executing task 252 for agent 11 on time 1787689343.7427526 with plan 
Finish executing task 253 for agent 35 on time 1787689343.7697055 with plan md(40);
Start executing task 253 for agent 35 on time 1787689343.7700374 with plan ?iv('toy')==True{
Finish executing task 253 for agent 35 on time 1787689343.7713737 with plan ?iv('toy')==True{
Start executing task 253 for agent 35 on time 1787689343.7715228 with plan g('toy')}
Generating request from task 261, time: 1787689343.9351861
Generating request from task 262, time: 1787689343.9358501
Generating request from task 263, time: 1787689343.9365685
Generating request from task 264, time: 1787689343.937545
Generating request from task 265, time: 1787689343.9385178
Generating request from task 266, time: 1787689343.9394944
Generating request from task 267, time: 1787689343.940491
Generating request from task 268, time: 1787689343.9414818
Generating request from task 269, time: 1787689343.9424684
Generating request from task 270, time: 1787689343.9434814
Added task 261, time: 1787689343.9544208
Added task 262, time: 1787689343.975574
Added task 263, time: 1787689343.993877
Added task 264, time: 1787689344.0116465
Added task 265, time: 1787689344.0248947
Added task 266, time: 1787689344.0374508
Added task 267, time: 1787689344.0509572
Output for task 261: ?s('scissors')==True{, time: 1787689344.0537033
Output for task 262: tc(30);, time: 1787689344.054575
Start executing task 261 for agent 31 on time 1787689344.0549974 with plan ?s('scissors')==True{
Start executing task 262 for agent 21 on time 1787689344.0558982 with plan tc(30);
Output for task 264: tc(30);, time: 1787689344.0762866
Start executing task 264 for agent 12 on time 1787689344.0776994 with plan tc(30);
Output for task 263: ?iv('boy')==True{, time: 1787689344.080227
Output for task 265: md(40);, time: 1787689344.080995
Start executing task 263 for agent 3 on time 1787689344.0816345 with plan ?iv('boy')==True{
Start executing task 265 for agent 34 on time 1787689344.0822227 with plan md(40);
Added task 263, time: 1787689344.094906
Added task 262, time: 1787689344.1030047
Output for task 266: ?iv('keys'), time: 1787689344.103122
Output for task 267: mu(40);, time: 1787689344.1039681
Start executing task 266 for agent 6 on time 1787689344.104413 with plan ?iv('keys')
Start executing task 267 for agent 17 on time 1787689344.1053483 with plan mu(40);
Finish executing task 266 for agent 6 on time 1787689344.1059763 with plan ?iv('keys')
Added task 266, time: 1787689344.1131628
Added task 264, time: 1787689344.1210089
Added task 268, time: 1787689344.148764
Output for task 262: , time: 1787689344.1492891
Output for task 264: , time: 1787689344.1519237
Output for task 263: tc(45)}, time: 1787689344.1532638
Output for task 266: &iv('wallet'), time: 1787689344.1722498
Start executing task 266 for agent 6 on time 1787689344.1734738 with plan &iv('wallet')
Finish executing task 266 for agent 6 on time 1787689344.1747925 with plan &iv('wallet')
Added task 266, time: 1787689344.187188
Added task 269, time: 1787689344.2076075
Output for task 268: md(40);, time: 1787689344.2077656
Start executing task 268 for agent 37 on time 1787689344.2092621 with plan md(40);
Added task 270, time: 1787689344.2273588
Added task 263, time: 1787689344.2349823
Added task 261, time: 1787689344.244121
Output for task 266: ->{l('Yes');, time: 1787689344.2479913
Start executing task 266 for agent 6 on time 1787689344.2493749 with plan ->{l('Yes');
Finish executing task 266 for agent 6 on time 1787689344.2507033 with plan ->{l('Yes');
Added task 266, time: 1787689344.2550695
Added task 265, time: 1787689344.2629945
Added task 267, time: 1787689344.2734914
Added task 268, time: 1787689344.2907226
Output for task 269: ?s('cat')==True{, time: 1787689344.2908666
Start executing task 269 for agent 9 on time 1787689344.2922928 with plan ?s('cat')==True{
Added task 269, time: 1787689344.3105097
Output for task 270: md(40);, time: 1787689344.3106787
Start executing task 270 for agent 41 on time 1787689344.3123817 with plan md(40);
Output for task 263: ->False;, time: 1787689344.3191566
Output for task 261: g('scissors'), time: 1787689344.3304775
Output for task 266: ->True}l('No');, time: 1787689344.346125
Output for task 265: ?iv('toy')==True{, time: 1787689344.3472354
Start executing task 266 for agent 6 on time 1787689344.3477397 with plan ->True}l('No');
Output for task 269: g('cat'), time: 1787689344.3482237
Finish executing task 266 for agent 6 on time 1787689344.3490763 with plan ->True}l('No');
Added task 266, time: 1787689344.3610249
Output for task 267: ?iv('book')==True{, time: 1787689344.3611937
Added task 265, time: 1787689344.3714466
Output for task 268: ?iv('toy')==True{, time: 1787689344.3716152
Added task 267, time: 1787689344.3809366
Added task 268, time: 1787689344.388199
Added task 270, time: 1787689344.398392
Generating request from task 271, time: 1787689344.4032898
Generating request from task 272, time: 1787689344.4038885
Generating request from task 273, time: 1787689344.4047885
Output for task 266: ->False, time: 1787689344.4118729
Start executing task 266 for agent 6 on time 1787689344.412502 with plan ->False
Finish executing task 266 for agent 6 on time 1787689344.4127598 with plan ->False
Added task 271, time: 1787689344.4473321
Output for task 267: tp()}, time: 1787689344.4475164
Added task 272, time: 1787689344.4725595
Output for task 265: g('toy')}, time: 1787689344.4727273
Added task 273, time: 1787689344.492413
Added task 267, time: 1787689344.499914
Output for task 268: g('toy')}, time: 1787689344.5000517
Added task 261, time: 1787689344.5075855
Added task 269, time: 1787689344.51325
Added task 265, time: 1787689344.5178323
Added task 268, time: 1787689344.5243354
Output for task 270: ?iv('toy')==True{, time: 1787689344.5244725
Added task 270, time: 1787689344.5284796
Output for task 271: ?iv('keys'), time: 1787689344.5331087
Start executing task 271 for agent 23 on time 1787689344.5346153 with plan ?iv('keys')
Finish executing task 271 for agent 23 on time 1787689344.5360792 with plan ?iv('keys')
Added task 271, time: 1787689344.5372345
Output for task 272: ?s('cat')==True{, time: 1787689344.5682416
Start executing task 272 for agent 28 on time 1787689344.5698154 with plan ?s('cat')==True{
Added task 272, time: 1787689344.5785325
Output for task 273: md(40);, time: 1787689344.5786722
Output for task 267: ->False, time: 1787689344.5795755
Output for task 269: };, time: 1787689344.5796914
Start executing task 273 for agent 20 on time 1787689344.580175 with plan md(40);
Added task 273, time: 1787689344.583335
Output for task 261: }->False, time: 1787689344.5834515
Output for task 265: ->False, time: 1787689344.5836544
Output for task 268: ->False, time: 1787689344.5877497
Output for task 270: g('toy')}, time: 1787689344.588533
Output for task 271: &iv('wallet'), time: 1787689344.6116412
Start executing task 271 for agent 23 on time 1787689344.6132364 with plan &iv('wallet')
Finish executing task 271 for agent 23 on time 1787689344.6146 with plan &iv('wallet')
Added task 271, time: 1787689344.618065
Added task 270, time: 1787689344.6248074
Output for task 272: g('cat'), time: 1787689344.6249866
Added task 272, time: 1787689344.6339765
Output for task 273: ?iv('toy')==True{, time: 1787689344.6593144
Output for task 270: ->False, time: 1787689344.6610832
Output for task 272: };, time: 1787689344.6612585
Output for task 271: ->{l('Yes');, time: 1787689344.665714
Start executing task 271 for agent 23 on time 1787689344.6673286 with plan ->{l('Yes');
Finish executing task 271 for agent 23 on time 1787689344.6686604 with plan ->{l('Yes');
Added task 271, time: 1787689344.6719637
Added task 273, time: 1787689344.6756868
Output for task 273: g('toy')}, time: 1787689344.7136014
Output for task 271: ->True}l('No');, time: 1787689344.7330549
Start executing task 271 for agent 23 on time 1787689344.7350411 with plan ->True}l('No');
Finish executing task 271 for agent 23 on time 1787689344.7364361 with plan ->True}l('No');
Added task 271, time: 1787689344.7397864
Added task 273, time: 1787689344.7435434
Output for task 271: ->False, time: 1787689344.773839
Output for task 273: ->False, time: 1787689344.7740467
Start executing task 271 for agent 23 on time 1787689344.775448 with plan ->False
Finish executing task 271 for agent 23 on time 1787689344.7758152 with plan ->False
Finish executing task 256 for agent 16 on time 1787689345.1119845 with plan mu(40);
Start executing task 256 for agent 16 on time 1787689345.1122684 with plan ?iv('book')==True{
Finish executing task 256 for agent 16 on time 1787689345.1135867 with plan ?iv('book')==True{
Start executing task 256 for agent 16 on time 1787689345.113735 with plan tp()}
Finish executing task 256 for agent 16 on time 1787689345.1149995 with plan tp()}
Start executing task 256 for agent 16 on time 1787689345.1151214 with plan ->False
Finish executing task 256 for agent 16 on time 1787689345.1153367 with plan ->False
Finish executing task 258 for agent 39 on time 1787689345.177125 with plan tc(30);
Start executing task 258 for agent 39 on time 1787689345.17746 with plan 
Finish executing task 258 for agent 39 on time 1787689345.1777205 with plan 
Finish executing task 259 for agent 26 on time 1787689345.1847541 with plan tc(30);
Start executing task 259 for agent 26 on time 1787689345.1850467 with plan 
Finish executing task 259 for agent 26 on time 1787689345.1852875 with plan 
Finish executing task 254 for agent 10 on time 1787689345.245948 with plan g('scissors')
Start executing task 254 for agent 10 on time 1787689345.2462494 with plan }->False
Finish executing task 254 for agent 10 on time 1787689345.246526 with plan }->False
Finish executing task 255 for agent 33 on time 1787689345.58967 with plan ?iv('boy')==True{
Start executing task 255 for agent 33 on time 1787689345.5900013 with plan tc(45)}
Finish executing task 261 for agent 31 on time 1787689345.6118784 with plan ?s('scissors')==True{
Start executing task 261 for agent 31 on time 1787689345.6121979 with plan g('scissors')
Finish executing task 257 for agent 30 on time 1787689346.4182801 with plan ?s('cat')==True{
Start executing task 257 for agent 30 on time 1787689346.41858 with plan g('cat')
Finish executing task 260 for agent 13 on time 1787689346.4313796 with plan ?s('cat')==True{
Start executing task 260 for agent 13 on time 1787689346.4315653 with plan g('cat')
Finish executing task 253 for agent 35 on time 1787689346.478379 with plan g('toy')}
Start executing task 253 for agent 35 on time 1787689346.4787152 with plan ->False
Finish executing task 253 for agent 35 on time 1787689346.4790344 with plan ->False
Finish executing task 267 for agent 17 on time 1787689346.605328 with plan mu(40);
Start executing task 267 for agent 17 on time 1787689346.6056395 with plan ?iv('book')==True{
Finish executing task 267 for agent 17 on time 1787689346.6069915 with plan ?iv('book')==True{
Start executing task 267 for agent 17 on time 1787689346.607137 with plan tp()}
Finish executing task 267 for agent 17 on time 1787689346.60837 with plan tp()}
Start executing task 267 for agent 17 on time 1787689346.608489 with plan ->False
Finish executing task 267 for agent 17 on time 1787689346.6087027 with plan ->False
Finish executing task 262 for agent 21 on time 1787689346.642981 with plan tc(30);
Start executing task 262 for agent 21 on time 1787689346.6433384 with plan 
Finish executing task 262 for agent 21 on time 1787689346.6436858 with plan 
Finish executing task 264 for agent 12 on time 1787689346.664813 with plan tc(30);
Start executing task 264 for agent 12 on time 1787689346.6651287 with plan 
Finish executing task 264 for agent 12 on time 1787689346.6653748 with plan 
Finish executing task 265 for agent 34 on time 1787689346.6770854 with plan md(40);
Start executing task 265 for agent 34 on time 1787689346.6774166 with plan ?iv('toy')==True{
Finish executing task 265 for agent 34 on time 1787689346.6787536 with plan ?iv('toy')==True{
Start executing task 265 for agent 34 on time 1787689346.678912 with plan g('toy')}
Finish executing task 268 for agent 37 on time 1787689346.8041282 with plan md(40);
Start executing task 268 for agent 37 on time 1787689346.8043828 with plan ?iv('toy')==True{
Finish executing task 268 for agent 37 on time 1787689346.8056815 with plan ?iv('toy')==True{
Start executing task 268 for agent 37 on time 1787689346.8058121 with plan g('toy')}
Finish executing task 270 for agent 41 on time 1787689346.907238 with plan md(40);
Start executing task 270 for agent 41 on time 1787689346.90759 with plan ?iv('toy')==True{
Finish executing task 270 for agent 41 on time 1787689346.9090402 with plan ?iv('toy')==True{
Start executing task 270 for agent 41 on time 1787689346.9092426 with plan g('toy')}
Finish executing task 263 for agent 3 on time 1787689347.0821974 with plan ?iv('boy')==True{
Start executing task 263 for agent 3 on time 1787689347.082526 with plan tc(45)}
Finish executing task 273 for agent 20 on time 1787689347.1750252 with plan md(40);
Start executing task 273 for agent 20 on time 1787689347.1753385 with plan ?iv('toy')==True{
Finish executing task 273 for agent 20 on time 1787689347.1766622 with plan ?iv('toy')==True{
Start executing task 273 for agent 20 on time 1787689347.1768134 with plan g('toy')}
Finish executing task 255 for agent 33 on time 1787689347.5680196 with plan tc(45)}
Start executing task 255 for agent 33 on time 1787689347.5683312 with plan ->False;
Finish executing task 255 for agent 33 on time 1787689347.5686111 with plan ->False;
Finish executing task 269 for agent 9 on time 1787689348.005969 with plan ?s('cat')==True{
Start executing task 269 for agent 9 on time 1787689348.0062842 with plan g('cat')
Finish executing task 261 for agent 31 on time 1787689348.0738702 with plan g('scissors')
Start executing task 261 for agent 31 on time 1787689348.074225 with plan }->False
Finish executing task 261 for agent 31 on time 1787689348.0745769 with plan }->False
Finish executing task 272 for agent 28 on time 1787689348.2835035 with plan ?s('cat')==True{
Start executing task 272 for agent 28 on time 1787689348.2837613 with plan g('cat')
Finish executing task 257 for agent 30 on time 1787689348.880195 with plan g('cat')
Start executing task 257 for agent 30 on time 1787689348.880488 with plan };
Finish executing task 257 for agent 30 on time 1787689348.88075 with plan };
Finish executing task 260 for agent 13 on time 1787689348.8931322 with plan g('cat')
Start executing task 260 for agent 13 on time 1787689348.8932564 with plan };
Finish executing task 260 for agent 13 on time 1787689348.8934603 with plan };
Finish executing task 263 for agent 3 on time 1787689349.0605657 with plan tc(45)}
Start executing task 263 for agent 3 on time 1787689349.0609882 with plan ->False;
Finish executing task 263 for agent 3 on time 1787689349.0613112 with plan ->False;
Finish executing task 265 for agent 34 on time 1787689349.3857758 with plan g('toy')}
Start executing task 265 for agent 34 on time 1787689349.386156 with plan ->False
Finish executing task 265 for agent 34 on time 1787689349.3864489 with plan ->False
Finish executing task 268 for agent 37 on time 1787689349.5126858 with plan g('toy')}
Start executing task 268 for agent 37 on time 1787689349.5129418 with plan ->False
Finish executing task 268 for agent 37 on time 1787689349.5131986 with plan ->False
Finish executing task 270 for agent 41 on time 1787689349.6161916 with plan g('toy')}
Start executing task 270 for agent 41 on time 1787689349.6165292 with plan ->False
Finish executing task 270 for agent 41 on time 1787689349.616811 with plan ->False
Finish executing task 273 for agent 20 on time 1787689349.883704 with plan g('toy')}
Start executing task 273 for agent 20 on time 1787689349.8841074 with plan ->False
Finish executing task 273 for agent 20 on time 1787689349.884403 with plan ->False
Finish executing task 269 for agent 9 on time 1787689350.4679065 with plan g('cat')
Start executing task 269 for agent 9 on time 1787689350.4682336 with plan };
Finish executing task 269 for agent 9 on time 1787689350.4685054 with plan };
Finish executing task 272 for agent 28 on time 1787689350.7454073 with plan g('cat')
Start executing task 272 for agent 28 on time 1787689350.7456405 with plan };
Finish executing task 272 for agent 28 on time 1787689350.7458396 with plan };
Generating request from task 274, time: 1787689352.0227356
Generating request from task 275, time: 1787689352.0233443
Generating request from task 276, time: 1787689352.0243225
Generating request from task 277, time: 1787689352.0252807
Generating request from task 278, time: 1787689352.0262213
Generating request from task 279, time: 1787689352.0272167
Generating request from task 280, time: 1787689352.0282245
Generating request from task 281, time: 1787689352.029216
Generating request from task 282, time: 1787689352.030208
Generating request from task 283, time: 1787689352.0312128
Generating request from task 284, time: 1787689352.0321944
Generating request from task 285, time: 1787689352.0331898
Added task 275, time: 1787689352.0414162
Added task 279, time: 1787689352.062095
Added task 283, time: 1787689352.0803561
Added task 284, time: 1787689352.0995023
Output for task 275: tc(30);, time: 1787689352.1026003
Start executing task 275 for agent 36 on time 1787689352.104035 with plan tc(30);
Output for task 279: tc(45);, time: 1787689352.1158588
Start executing task 279 for agent 0 on time 1787689352.1172633 with plan tc(45);
Added task 285, time: 1787689352.13968
Output for task 283: tc(30);, time: 1787689352.1403744
Start executing task 283 for agent 25 on time 1787689352.1417935 with plan tc(30);
Added task 275, time: 1787689352.1495643
Output for task 284: tc(45);, time: 1787689352.150226
Start executing task 284 for agent 19 on time 1787689352.1517012 with plan tc(45);
Added task 283, time: 1787689352.1592395
Added task 279, time: 1787689352.166288
Added task 284, time: 1787689352.1939437
Output for task 275: , time: 1787689352.2055888
Output for task 283: , time: 1787689352.20904
Output for task 279: , time: 1787689352.2092884
Output for task 285: tc(30);, time: 1787689352.2146373
Output for task 284: , time: 1787689352.2158465
Start executing task 285 for agent 2 on time 1787689352.2164557 with plan tc(30);
Added task 285, time: 1787689352.2230203
Added task 274, time: 1787689352.2433891
Added task 276, time: 1787689352.2624278
Added task 277, time: 1787689352.278999
Added task 278, time: 1787689352.2932954
Output for task 285: , time: 1787689352.2934933
Added task 280, time: 1787689352.3060656
Added task 281, time: 1787689352.31713
Added task 282, time: 1787689352.329127
Output for task 274: ?s('scissors')==True{, time: 1787689352.3337853
Start executing task 274 for agent 24 on time 1787689352.3350837 with plan ?s('scissors')==True{
Added task 274, time: 1787689352.3374715
Output for task 276: ?s('cat')==True{, time: 1787689352.3400736
Start executing task 276 for agent 29 on time 1787689352.3412597 with plan ?s('cat')==True{
Added task 276, time: 1787689352.3436668
Output for task 277: mu(40);, time: 1787689352.3437583
Start executing task 277 for agent 38 on time 1787689352.3448524 with plan mu(40);
Added task 277, time: 1787689352.3490639
Output for task 278: ?iv('keys'), time: 1787689352.372982
Start executing task 278 for agent 15 on time 1787689352.3743105 with plan ?iv('keys')
Finish executing task 278 for agent 15 on time 1787689352.375746 with plan ?iv('keys')
Added task 278, time: 1787689352.3837326
Output for task 280: ?s('scissors')==True{, time: 1787689352.3954024
Output for task 276: g('cat'), time: 1787689352.3963206
Start executing task 280 for agent 8 on time 1787689352.3968325 with plan ?s('scissors')==True{
Added task 280, time: 1787689352.4073012
Output for task 281: ?s('scissors')==True{, time: 1787689352.4074438
Output for task 274: g('scissors'), time: 1787689352.4084032
Start executing task 281 for agent 1 on time 1787689352.4089823 with plan ?s('scissors')==True{
Output for task 282: ?s('scissors')==True{, time: 1787689352.410025
Start executing task 282 for agent 14 on time 1787689352.4114614 with plan ?s('scissors')==True{
Output for task 277: ?iv('book')==True{, time: 1787689352.4132233
Output for task 278: &iv('wallet'), time: 1787689352.4282591
Start executing task 278 for agent 15 on time 1787689352.4296763 with plan &iv('wallet')
Finish executing task 278 for agent 15 on time 1787689352.4310129 with plan &iv('wallet')
Added task 278, time: 1787689352.4419591
Added task 281, time: 1787689352.4513037
Added task 282, time: 1787689352.4590855
Added task 277, time: 1787689352.4659555
Output for task 280: g('scissors'), time: 1787689352.4661245
Added task 274, time: 1787689352.4799876
Output for task 277: tp()}, time: 1787689352.4921668
Output for task 278: ->{l('Yes');, time: 1787689352.4974923
Start executing task 278 for agent 15 on time 1787689352.499044 with plan ->{l('Yes');
Finish executing task 278 for agent 15 on time 1787689352.5003877 with plan ->{l('Yes');
Added task 278, time: 1787689352.5079217
Output for task 281: g('scissors'), time: 1787689352.5080967
Added task 277, time: 1787689352.5169356
Output for task 282: g('scissors'), time: 1787689352.5170887
Output for task 274: }->False, time: 1787689352.5179915
Added task 276, time: 1787689352.5247767
Added task 280, time: 1787689352.5306675
Added task 281, time: 1787689352.5462065
Output for task 277: ->False, time: 1787689352.574791
Output for task 276: };, time: 1787689352.5751734
Output for task 280: }->False, time: 1787689352.575965
Output for task 281: }->False, time: 1787689352.5781643
Output for task 278: ->True}l('No');, time: 1787689352.584606
Start executing task 278 for agent 15 on time 1787689352.5862317 with plan ->True}l('No');
Finish executing task 278 for agent 15 on time 1787689352.5875363 with plan ->True}l('No');
Added task 278, time: 1787689352.5908191
Added task 282, time: 1787689352.5944164
Output for task 278: ->False, time: 1787689352.6222963
Output for task 282: }->False, time: 1787689352.6225095
Start executing task 278 for agent 15 on time 1787689352.6233444 with plan ->False
Finish executing task 278 for agent 15 on time 1787689352.623639 with plan ->False
Finish executing task 274 for agent 24 on time 1787689353.8918784 with plan ?s('scissors')==True{
Start executing task 274 for agent 24 on time 1787689353.8922436 with plan g('scissors')
Finish executing task 280 for agent 8 on time 1787689353.953368 with plan ?s('scissors')==True{
Start executing task 280 for agent 8 on time 1787689353.9537065 with plan g('scissors')
Finish executing task 281 for agent 1 on time 1787689353.9656777 with plan ?s('scissors')==True{
Start executing task 281 for agent 1 on time 1787689353.965913 with plan g('scissors')
Finish executing task 282 for agent 14 on time 1787689353.9682415 with plan ?s('scissors')==True{
Start executing task 282 for agent 14 on time 1787689353.968554 with plan g('scissors')
Generating request from task 286, time: 1787689354.0853784
Generating request from task 287, time: 1787689354.08597
Generating request from task 288, time: 1787689354.0867677
Generating request from task 289, time: 1787689354.0878396
Generating request from task 290, time: 1787689354.0887477
Generating request from task 291, time: 1787689354.0897167
Generating request from task 292, time: 1787689354.0907135
Generating request from task 293, time: 1787689354.0917113
Generating request from task 294, time: 1787689354.0927145
Generating request from task 295, time: 1787689354.0936816
Generating request from task 296, time: 1787689354.094686
Generating request from task 297, time: 1787689354.095695
Generating request from task 298, time: 1787689354.0966814
Added task 286, time: 1787689354.1017554
Added task 290, time: 1787689354.1232464
Added task 294, time: 1787689354.1405842
Added task 296, time: 1787689354.1598856
Added task 287, time: 1787689354.1745286
Added task 288, time: 1787689354.1882033
Added task 289, time: 1787689354.2028441
Output for task 286: md(40);, time: 1787689354.2030578
Start executing task 286 for agent 4 on time 1787689354.2043312 with plan md(40);
Output for task 290: tc(30);, time: 1787689354.206418
Start executing task 290 for agent 32 on time 1787689354.2077043 with plan tc(30);
Output for task 294: tc(30);, time: 1787689354.2097628
Start executing task 294 for agent 23 on time 1787689354.211026 with plan tc(30);
Output for task 296: tc(30);, time: 1787689354.2183044
Start executing task 296 for agent 10 on time 1787689354.2195916 with plan tc(30);
Finish executing task 279 for agent 0 on time 1787689354.2263453 with plan tc(45);
Start executing task 279 for agent 0 on time 1787689354.2266724 with plan 
Finish executing task 279 for agent 0 on time 1787689354.226942 with plan 
Added task 290, time: 1787689354.2309406
Added task 294, time: 1787689354.2387846
Added task 296, time: 1787689354.2454233
Finish executing task 284 for agent 19 on time 1787689354.2607734 with plan tc(45);
Start executing task 284 for agent 19 on time 1787689354.2611039 with plan 
Finish executing task 284 for agent 19 on time 1787689354.261353 with plan 
Added task 291, time: 1787689354.2729747
Output for task 287: ?s('scissors')==True{, time: 1787689354.2730994
Start executing task 287 for agent 22 on time 1787689354.2744396 with plan ?s('scissors')==True{
Added task 292, time: 1787689354.2903442
Output for task 288: ?s('scissors')==True{, time: 1787689354.2904637
Output for task 289: ?iv('keys'), time: 1787689354.291267
Output for task 290: , time: 1787689354.2919521
Start executing task 288 for agent 5 on time 1787689354.29185 with plan ?s('scissors')==True{
Start executing task 289 for agent 27 on time 1787689354.293345 with plan ?iv('keys')
Finish executing task 289 for agent 27 on time 1787689354.294733 with plan ?iv('keys')
Added task 289, time: 1787689354.299871
Output for task 294: , time: 1787689354.300047
Output for task 296: , time: 1787689354.3002248
Added task 293, time: 1787689354.3161187
Added task 295, time: 1787689354.3324952
Added task 297, time: 1787689354.3460217
Added task 298, time: 1787689354.358773
Added task 287, time: 1787689354.365319
Output for task 291: md(40);, time: 1787689354.365417
Start executing task 291 for agent 7 on time 1787689354.3665967 with plan md(40);
Added task 288, time: 1787689354.372406
Output for task 292: md(40);, time: 1787689354.373063
Start executing task 292 for agent 40 on time 1787689354.3742456 with plan md(40);
Output for task 289: &iv('wallet'), time: 1787689354.3762012
Start executing task 289 for agent 27 on time 1787689354.3772554 with plan &iv('wallet')
Finish executing task 289 for agent 27 on time 1787689354.3785717 with plan &iv('wallet')
Added task 289, time: 1787689354.3821533
Added task 286, time: 1787689354.3887222
Added task 291, time: 1787689354.3944132
Output for task 293: ?iv('keys'), time: 1787689354.3945112
Start executing task 293 for agent 6 on time 1787689354.395631 with plan ?iv('keys')
Finish executing task 293 for agent 6 on time 1787689354.3970652 with plan ?iv('keys')
Added task 293, time: 1787689354.3986049
Added task 292, time: 1787689354.4011111
Output for task 297: mu(40);, time: 1787689354.4037335
Start executing task 297 for agent 18 on time 1787689354.4049385 with plan mu(40);
Added task 297, time: 1787689354.4105444
Output for task 295: ?s('cat')==True{, time: 1787689354.410636
Start executing task 295 for agent 16 on time 1787689354.411762 with plan ?s('cat')==True{
Added task 295, time: 1787689354.425132
Output for task 298: md(40);, time: 1787689354.4399607
Start executing task 298 for agent 11 on time 1787689354.4413106 with plan md(40);
Output for task 287: g('scissors'), time: 1787689354.446106
Output for task 288: g('scissors'), time: 1787689354.4468598
Output for task 289: ->{l('Yes');, time: 1787689354.4566977
Start executing task 289 for agent 27 on time 1787689354.4578383 with plan ->{l('Yes');
Finish executing task 289 for agent 27 on time 1787689354.459141 with plan ->{l('Yes');
Output for task 293: &iv('wallet'), time: 1787689354.4684985
Start executing task 293 for agent 6 on time 1787689354.4698534 with plan &iv('wallet')
Finish executing task 293 for agent 6 on time 1787689354.4711707 with plan &iv('wallet')
Added task 293, time: 1787689354.4807975
Output for task 286: ?iv('toy')==True{, time: 1787689354.4809608
Output for task 291: ?iv('toy')==True{, time: 1787689354.4819236
Added task 289, time: 1787689354.4921389
Output for task 292: ?iv('toy')==True{, time: 1787689354.4922817
Added task 286, time: 1787689354.5034924
Output for task 295: g('cat'), time: 1787689354.5036557
Added task 291, time: 1787689354.5139313
Added task 292, time: 1787689354.5252976
Output for task 297: ?iv('book')==True{, time: 1787689354.5254405
Added task 297, time: 1787689354.536982
Output for task 293: ->{l('Yes');, time: 1787689354.541337
Start executing task 293 for agent 6 on time 1787689354.542755 with plan ->{l('Yes');
Finish executing task 293 for agent 6 on time 1787689354.5440674 with plan ->{l('Yes');
Output for task 286: g('toy')}, time: 1787689354.5459054
Output for task 289: ->True}l('No');, time: 1787689354.551724
Start executing task 289 for agent 27 on time 1787689354.553062 with plan ->True}l('No');
Finish executing task 289 for agent 27 on time 1787689354.5543833 with plan ->True}l('No');
Added task 289, time: 1787689354.5655444
Output for task 291: g('toy')}, time: 1787689354.565691
Added task 293, time: 1787689354.576631
Output for task 297: tp()}, time: 1787689354.5767767
Added task 297, time: 1787689354.587809
Output for task 292: g('toy')}, time: 1787689354.5880144
Added task 298, time: 1787689354.599727
Added task 287, time: 1787689354.6101723
Added task 288, time: 1787689354.6227818
Added task 295, time: 1787689354.6334221
Output for task 289: ->False, time: 1787689354.6371372
Output for task 297: ->False, time: 1787689354.6413186
Start executing task 289 for agent 27 on time 1787689354.645336 with plan ->False
Finish executing task 289 for agent 27 on time 1787689354.6456199 with plan ->False
Output for task 293: ->True}l('No');, time: 1787689354.6484485
Output for task 287: }->False, time: 1787689354.6495633
Start executing task 293 for agent 6 on time 1787689354.649842 with plan ->True}l('No');
Finish executing task 293 for agent 6 on time 1787689354.651171 with plan ->True}l('No');
Added task 293, time: 1787689354.6596968
Output for task 288: }->False, time: 1787689354.659854
Added task 286, time: 1787689354.665787
Output for task 295: };, time: 1787689354.6659389
Added task 291, time: 1787689354.671077
Output for task 298: ?iv('toy')==True{, time: 1787689354.6712582
Added task 298, time: 1787689354.6760356
Added task 292, time: 1787689354.6875613
Finish executing task 275 for agent 36 on time 1787689354.691133 with plan tc(30);
Start executing task 275 for agent 36 on time 1787689354.6914806 with plan 
Finish executing task 275 for agent 36 on time 1787689354.6917458 with plan 
Output for task 293: ->False, time: 1787689354.706098
Output for task 286: ->False, time: 1787689354.7104127
Output for task 291: ->False, time: 1787689354.7114594
Start executing task 293 for agent 6 on time 1787689354.7137654 with plan ->False
Finish executing task 293 for agent 6 on time 1787689354.714062 with plan ->False
Output for task 298: g('toy')}, time: 1787689354.7163012
Output for task 292: ->False, time: 1787689354.7172008
Added task 298, time: 1787689354.7204385
Finish executing task 283 for agent 25 on time 1787689354.7288468 with plan tc(30);
Start executing task 283 for agent 25 on time 1787689354.7291448 with plan 
Finish executing task 283 for agent 25 on time 1787689354.7293959 with plan 
Output for task 298: ->False, time: 1787689354.7478597
Finish executing task 285 for agent 2 on time 1787689354.803512 with plan tc(30);
Start executing task 285 for agent 2 on time 1787689354.8038518 with plan 
Finish executing task 285 for agent 2 on time 1787689354.8041089 with plan 
Finish executing task 277 for agent 38 on time 1787689354.8448675 with plan mu(40);
Start executing task 277 for agent 38 on time 1787689354.8452158 with plan ?iv('book')==True{
Finish executing task 277 for agent 38 on time 1787689354.8465497 with plan ?iv('book')==True{
Start executing task 277 for agent 38 on time 1787689354.846692 with plan tp()}
Finish executing task 277 for agent 38 on time 1787689354.8479369 with plan tp()}
Start executing task 277 for agent 38 on time 1787689354.8480482 with plan ->False
Finish executing task 277 for agent 38 on time 1787689354.8482578 with plan ->False
Generating request from task 299, time: 1787689354.9610536
Generating request from task 300, time: 1787689354.9619462
Generating request from task 301, time: 1787689354.962791
Generating request from task 302, time: 1787689354.9635038
Generating request from task 303, time: 1787689354.9644456
Added task 299, time: 1787689354.9775639
Added task 300, time: 1787689354.9950728
Added task 301, time: 1787689355.0103924
Added task 302, time: 1787689355.0257716
Added task 303, time: 1787689355.0372772
Output for task 299: ?s('scissors')==True{, time: 1787689355.0444314
Start executing task 299 for agent 35 on time 1787689355.045789 with plan ?s('scissors')==True{
Added task 299, time: 1787689355.048159
Output for task 300: ?s('cat')==True{, time: 1787689355.051326
Start executing task 300 for agent 17 on time 1787689355.052764 with plan ?s('cat')==True{
Added task 300, time: 1787689355.0583968
Output for task 301: md(40);, time: 1787689355.058506
Start executing task 301 for agent 39 on time 1787689355.059697 with plan md(40);
Added task 301, time: 1787689355.0725648
Output for task 302: md(40);, time: 1787689355.0818741
Start executing task 302 for agent 26 on time 1787689355.0833106 with plan md(40);
Added task 302, time: 1787689355.0988572
Output for task 299: g('scissors'), time: 1787689355.1157928
Output for task 300: g('cat'), time: 1787689355.1167896
Added task 299, time: 1787689355.1274443
Output for task 303: ?s('scissors')==True{, time: 1787689355.1276183
Start executing task 303 for agent 33 on time 1787689355.129437 with plan ?s('scissors')==True{
Added task 303, time: 1787689355.1342156
Added task 300, time: 1787689355.1381958
Output for task 301: ?iv('toy')==True{, time: 1787689355.1424158
Added task 301, time: 1787689355.16314
Output for task 302: ?iv('toy')==True{, time: 1787689355.1724315
Output for task 299: }->False, time: 1787689355.1735885
Output for task 300: };, time: 1787689355.1737394
Added task 302, time: 1787689355.1778183
Output for task 303: g('scissors'), time: 1787689355.1853533
Added task 303, time: 1787689355.1915581
Output for task 301: g('toy')}, time: 1787689355.202172
Added task 301, time: 1787689355.2139947
Output for task 302: g('toy')}, time: 1787689355.2152803
Added task 302, time: 1787689355.2235222
Output for task 303: }->False, time: 1787689355.2236798
Output for task 301: ->False, time: 1787689355.2469203
Output for task 302: ->False, time: 1787689355.2525797
Finish executing task 287 for agent 22 on time 1787689355.8309999 with plan ?s('scissors')==True{
Start executing task 287 for agent 22 on time 1787689355.8313937 with plan g('scissors')
Finish executing task 288 for agent 5 on time 1787689355.8486407 with plan ?s('scissors')==True{
Start executing task 288 for agent 5 on time 1787689355.8491454 with plan g('scissors')
Finish executing task 276 for agent 29 on time 1787689356.0549376 with plan ?s('cat')==True{
Start executing task 276 for agent 29 on time 1787689356.0552778 with plan g('cat')
Finish executing task 274 for agent 24 on time 1787689356.353894 with plan g('scissors')
Start executing task 274 for agent 24 on time 1787689356.3542001 with plan }->False
Finish executing task 274 for agent 24 on time 1787689356.3544796 with plan }->False
Finish executing task 280 for agent 8 on time 1787689356.4153905 with plan g('scissors')
Start executing task 280 for agent 8 on time 1787689356.4157197 with plan }->False
Finish executing task 280 for agent 8 on time 1787689356.4160414 with plan }->False
Finish executing task 281 for agent 1 on time 1787689356.4275093 with plan g('scissors')
Start executing task 281 for agent 1 on time 1787689356.4277365 with plan }->False
Finish executing task 281 for agent 1 on time 1787689356.4279916 with plan }->False
Finish executing task 282 for agent 14 on time 1787689356.430191 with plan g('scissors')
Start executing task 282 for agent 14 on time 1787689356.430513 with plan }->False
Finish executing task 282 for agent 14 on time 1787689356.430797 with plan }->False
Finish executing task 299 for agent 35 on time 1787689356.6025991 with plan ?s('scissors')==True{
Start executing task 299 for agent 35 on time 1787689356.602941 with plan g('scissors')
Finish executing task 303 for agent 33 on time 1787689356.6863272 with plan ?s('scissors')==True{
Start executing task 303 for agent 33 on time 1787689356.6866503 with plan g('scissors')
Finish executing task 290 for agent 32 on time 1787689356.7948575 with plan tc(30);
Start executing task 290 for agent 32 on time 1787689356.7950945 with plan 
Finish executing task 290 for agent 32 on time 1787689356.795314 with plan 
Finish executing task 294 for agent 23 on time 1787689356.7981467 with plan tc(30);
Start executing task 294 for agent 23 on time 1787689356.7984614 with plan 
Finish executing task 294 for agent 23 on time 1787689356.7987106 with plan 
Finish executing task 286 for agent 4 on time 1787689356.7991765 with plan md(40);
Start executing task 286 for agent 4 on time 1787689356.799401 with plan ?iv('toy')==True{
Finish executing task 286 for agent 4 on time 1787689356.8006923 with plan ?iv('toy')==True{
Start executing task 286 for agent 4 on time 1787689356.8008177 with plan g('toy')}
Finish executing task 296 for agent 10 on time 1787689356.8067422 with plan tc(30);
Start executing task 296 for agent 10 on time 1787689356.8070672 with plan 
Finish executing task 296 for agent 10 on time 1787689356.8073184 with plan 
Finish executing task 297 for agent 18 on time 1787689356.9048142 with plan mu(40);
Start executing task 297 for agent 18 on time 1787689356.905149 with plan ?iv('book')==True{
Finish executing task 297 for agent 18 on time 1787689356.9064755 with plan ?iv('book')==True{
Start executing task 297 for agent 18 on time 1787689356.9066205 with plan tp()}
Finish executing task 297 for agent 18 on time 1787689356.9078393 with plan tp()}
Start executing task 297 for agent 18 on time 1787689356.9079695 with plan ->False
Finish executing task 297 for agent 18 on time 1787689356.9081867 with plan ->False
Finish executing task 291 for agent 7 on time 1787689356.961499 with plan md(40);
Start executing task 291 for agent 7 on time 1787689356.961816 with plan ?iv('toy')==True{
Finish executing task 291 for agent 7 on time 1787689356.9631522 with plan ?iv('toy')==True{
Start executing task 291 for agent 7 on time 1787689356.9633043 with plan g('toy')}
Finish executing task 292 for agent 40 on time 1787689356.969097 with plan md(40);
Start executing task 292 for agent 40 on time 1787689356.969411 with plan ?iv('toy')==True{
Finish executing task 292 for agent 40 on time 1787689356.9707336 with plan ?iv('toy')==True{
Start executing task 292 for agent 40 on time 1787689356.970894 with plan g('toy')}
Finish executing task 298 for agent 11 on time 1787689357.03621 with plan md(40);
Start executing task 298 for agent 11 on time 1787689357.0365036 with plan ?iv('toy')==True{
Finish executing task 298 for agent 11 on time 1787689357.0378237 with plan ?iv('toy')==True{
Start executing task 298 for agent 11 on time 1787689357.0379977 with plan g('toy')}
Finish executing task 301 for agent 39 on time 1787689357.6546085 with plan md(40);
Start executing task 301 for agent 39 on time 1787689357.6549928 with plan ?iv('toy')==True{
Finish executing task 301 for agent 39 on time 1787689357.6563363 with plan ?iv('toy')==True{
Start executing task 301 for agent 39 on time 1787689357.6564922 with plan g('toy')}
Finish executing task 302 for agent 26 on time 1787689357.6781654 with plan md(40);
Start executing task 302 for agent 26 on time 1787689357.6784368 with plan ?iv('toy')==True{
Finish executing task 302 for agent 26 on time 1787689357.6797535 with plan ?iv('toy')==True{
Start executing task 302 for agent 26 on time 1787689357.6799285 with plan g('toy')}
Finish executing task 295 for agent 16 on time 1787689358.1254466 with plan ?s('cat')==True{
Start executing task 295 for agent 16 on time 1787689358.1257806 with plan g('cat')
Finish executing task 287 for agent 22 on time 1787689358.2930655 with plan g('scissors')
Start executing task 287 for agent 22 on time 1787689358.2934058 with plan }->False
Finish executing task 287 for agent 22 on time 1787689358.2936964 with plan }->False
Finish executing task 288 for agent 5 on time 1787689358.3107846 with plan g('scissors')
Start executing task 288 for agent 5 on time 1787689358.31112 with plan }->False
Finish executing task 288 for agent 5 on time 1787689358.3114014 with plan }->False
Finish executing task 276 for agent 29 on time 1787689358.5168967 with plan g('cat')
Start executing task 276 for agent 29 on time 1787689358.517191 with plan };
Finish executing task 276 for agent 29 on time 1787689358.517454 with plan };
Finish executing task 300 for agent 17 on time 1787689358.7664626 with plan ?s('cat')==True{
Start executing task 300 for agent 17 on time 1787689358.7667508 with plan g('cat')
Finish executing task 299 for agent 35 on time 1787689359.064589 with plan g('scissors')
Start executing task 299 for agent 35 on time 1787689359.0649867 with plan }->False
Finish executing task 299 for agent 35 on time 1787689359.0652769 with plan }->False
Finish executing task 303 for agent 33 on time 1787689359.1482983 with plan g('scissors')
Start executing task 303 for agent 33 on time 1787689359.1486418 with plan }->False
Finish executing task 303 for agent 33 on time 1787689359.14894 with plan }->False
Finish executing task 286 for agent 4 on time 1787689359.50768 with plan g('toy')}
Start executing task 286 for agent 4 on time 1787689359.5080254 with plan ->False
Finish executing task 286 for agent 4 on time 1787689359.5083067 with plan ->False
Finish executing task 291 for agent 7 on time 1787689359.6701686 with plan g('toy')}
Start executing task 291 for agent 7 on time 1787689359.6705077 with plan ->False
Finish executing task 291 for agent 7 on time 1787689359.6707923 with plan ->False
Finish executing task 292 for agent 40 on time 1787689359.6777554 with plan g('toy')}
Start executing task 292 for agent 40 on time 1787689359.6780727 with plan ->False
Finish executing task 292 for agent 40 on time 1787689359.6784213 with plan ->False
Finish executing task 298 for agent 11 on time 1787689359.7448547 with plan g('toy')}
Start executing task 298 for agent 11 on time 1787689359.7451043 with plan ->False
Finish executing task 298 for agent 11 on time 1787689359.74536 with plan ->False
Generating request from task 304, time: 1787689359.7841287
Generating request from task 305, time: 1787689359.7847352
Generating request from task 306, time: 1787689359.785511
Generating request from task 307, time: 1787689359.786467
Generating request from task 308, time: 1787689359.7874544
Generating request from task 309, time: 1787689359.7884173
Generating request from task 310, time: 1787689359.7894645
Generating request from task 311, time: 1787689359.790514
Generating request from task 312, time: 1787689359.7914739
Generating request from task 313, time: 1787689359.7924502
Generating request from task 314, time: 1787689359.793429
Generating request from task 315, time: 1787689359.794413
Generating request from task 316, time: 1787689359.7955787
Added task 304, time: 1787689359.7997634
Added task 305, time: 1787689359.8187156
Added task 306, time: 1787689359.837124
Added task 311, time: 1787689359.853513
Output for task 304: tc(45);, time: 1787689359.856544
Start executing task 304 for agent 31 on time 1787689359.857776 with plan tc(45);
Output for task 305: tc(30);, time: 1787689359.8704896
Start executing task 305 for agent 21 on time 1787689359.8718379 with plan tc(30);
Added task 312, time: 1787689359.8930993
Output for task 306: ?iv('boy')==True{, time: 1787689359.898659
Start executing task 306 for agent 12 on time 1787689359.9001448 with plan ?iv('boy')==True{
Added task 306, time: 1787689359.9212189
Added task 305, time: 1787689359.933507
Output for task 311: ?iv('boy')==True{, time: 1787689359.9336665
Start executing task 311 for agent 20 on time 1787689359.9352922 with plan ?iv('boy')==True{
Added task 311, time: 1787689359.9430594
Added task 304, time: 1787689359.9503129
Added task 307, time: 1787689359.9676557
Added task 308, time: 1787689359.9854536
Output for task 312: ?iv('boy')==True{, time: 1787689359.986489
Output for task 305: , time: 1787689359.9873888
Start executing task 312 for agent 30 on time 1787689359.9878366 with plan ?iv('boy')==True{
Output for task 306: tc(45)}, time: 1787689359.9906268
Output for task 304: , time: 1787689359.991602
Output for task 311: tc(45)}, time: 1787689360.0040925
Added task 312, time: 1787689360.0154269
Added task 309, time: 1787689360.0334415
Added task 310, time: 1787689360.0496294
Output for task 307: ?s('cat')==True{, time: 1787689360.0497496
Start executing task 307 for agent 3 on time 1787689360.0511007 with plan ?s('cat')==True{
Added task 313, time: 1787689360.0663848
Output for task 308: ?iv('keys'), time: 1787689360.0664973
Start executing task 308 for agent 34 on time 1787689360.0678444 with plan ?iv('keys')
Finish executing task 308 for agent 34 on time 1787689360.0692494 with plan ?iv('keys')
Added task 308, time: 1787689360.0763526
Output for task 312: tc(45)}, time: 1787689360.0793219
Added task 314, time: 1787689360.0977345
Added task 315, time: 1787689360.112034
Added task 316, time: 1787689360.1257188
Added task 306, time: 1787689360.133087
Output for task 310: mu(40);, time: 1787689360.1331947
Start executing task 310 for agent 41 on time 1787689360.134225 with plan mu(40);
Added task 311, time: 1787689360.1418896
Output for task 309: ?s('cat')==True{, time: 1787689360.1419902
Start executing task 309 for agent 37 on time 1787689360.1430113 with plan ?s('cat')==True{
Output for task 308: &iv('wallet'), time: 1787689360.1472838
Start executing task 308 for agent 34 on time 1787689360.1483471 with plan &iv('wallet')
Finish executing task 308 for agent 34 on time 1787689360.1497128 with plan &iv('wallet')
Added task 308, time: 1787689360.1607769
Output for task 313: ?s('scissors')==True{, time: 1787689360.1608896
Start executing task 313 for agent 13 on time 1787689360.162076 with plan ?s('scissors')==True{
Added task 312, time: 1787689360.170308
Added task 307, time: 1787689360.1785347
Output for task 314: ?iv('keys'), time: 1787689360.1786375
Output for task 315: mu(40);, time: 1787689360.1793349
Start executing task 314 for agent 9 on time 1787689360.179846 with plan ?iv('keys')
Start executing task 315 for agent 28 on time 1787689360.1813211 with plan mu(40);
Finish executing task 314 for agent 9 on time 1787689360.181486 with plan ?iv('keys')
Added task 314, time: 1787689360.1868749
Output for task 316: mu(40);, time: 1787689360.1869807
Start executing task 316 for agent 15 on time 1787689360.1880136 with plan mu(40);
Added task 309, time: 1787689360.1966987
Output for task 306: ->False;, time: 1787689360.196812
Output for task 311: ->False;, time: 1787689360.1994069
Output for task 308: ->{l('Yes');, time: 1787689360.21353
Output for task 312: ->False;, time: 1787689360.2144938
Start executing task 308 for agent 34 on time 1787689360.2147558 with plan ->{l('Yes');
Finish executing task 308 for agent 34 on time 1787689360.2160647 with plan ->{l('Yes');
Output for task 307: g('cat'), time: 1787689360.2169895
Output for task 314: &iv('wallet'), time: 1787689360.2297037
Output for task 309: g('cat'), time: 1787689360.2304657
Start executing task 314 for agent 9 on time 1787689360.2308397 with plan &iv('wallet')
Finish executing task 314 for agent 9 on time 1787689360.232223 with plan &iv('wallet')
Added task 314, time: 1787689360.241894
Added task 308, time: 1787689360.2519321
Added task 313, time: 1787689360.2606344
Added task 310, time: 1787689360.2684326
Added task 315, time: 1787689360.2782764
Added task 316, time: 1787689360.2865634
Output for task 314: ->{l('Yes');, time: 1787689360.3082678
Start executing task 314 for agent 9 on time 1787689360.3096912 with plan ->{l('Yes');
Finish executing task 314 for agent 9 on time 1787689360.3110225 with plan ->{l('Yes');
Output for task 313: g('scissors'), time: 1787689360.3141584
Output for task 308: ->True}l('No');, time: 1787689360.321082
Start executing task 308 for agent 34 on time 1787689360.3224442 with plan ->True}l('No');
Finish executing task 308 for agent 34 on time 1787689360.3237529 with plan ->True}l('No');
Added task 308, time: 1787689360.3356173
Added task 314, time: 1787689360.3443081
Output for task 310: ?iv('book')==True{, time: 1787689360.3444774
Added task 310, time: 1787689360.3536744
Output for task 315: ?iv('book')==True{, time: 1787689360.353858
Added task 315, time: 1787689360.3627973
Output for task 316: ?iv('book')==True{, time: 1787689360.3630843
Finish executing task 301 for agent 39 on time 1787689360.3633502 with plan g('toy')}
Start executing task 301 for agent 39 on time 1787689360.3636172 with plan ->False
Finish executing task 301 for agent 39 on time 1787689360.3639395 with plan ->False
Added task 316, time: 1787689360.3752322
Added task 307, time: 1787689360.3854754
Finish executing task 302 for agent 26 on time 1787689360.386784 with plan g('toy')}
Start executing task 302 for agent 26 on time 1787689360.3870316 with plan ->False
Finish executing task 302 for agent 26 on time 1787689360.3872886 with plan ->False
Output for task 308: ->False, time: 1787689360.3894334
Start executing task 308 for agent 34 on time 1787689360.389994 with plan ->False
Finish executing task 308 for agent 34 on time 1787689360.390275 with plan ->False
Output for task 310: tp()}, time: 1787689360.3982315
Output for task 315: tp()}, time: 1787689360.412579
Output for task 316: tp()}, time: 1787689360.4177353
Output for task 307: };, time: 1787689360.4191983
Output for task 314: ->True}l('No');, time: 1787689360.4232273
Start executing task 314 for agent 9 on time 1787689360.4247398 with plan ->True}l('No');
Finish executing task 314 for agent 9 on time 1787689360.4261122 with plan ->True}l('No');
Added task 314, time: 1787689360.4340174
Added task 310, time: 1787689360.4425335
Added task 315, time: 1787689360.4498692
Added task 316, time: 1787689360.4560938
Added task 309, time: 1787689360.4707832
Output for task 314: ->False, time: 1787689360.4838922
Start executing task 314 for agent 9 on time 1787689360.4844747 with plan ->False
Finish executing task 314 for agent 9 on time 1787689360.4847493 with plan ->False
Added task 313, time: 1787689360.493053
Output for task 310: ->False, time: 1787689360.4932244
Output for task 315: ->False, time: 1787689360.4978917
Output for task 316: ->False, time: 1787689360.49809
Output for task 309: };, time: 1787689360.499062
Output for task 313: }->False, time: 1787689360.522603
Finish executing task 295 for agent 16 on time 1787689360.5874474 with plan g('cat')
Start executing task 295 for agent 16 on time 1787689360.5877314 with plan };
Finish executing task 295 for agent 16 on time 1787689360.5880268 with plan };
Finish executing task 300 for agent 17 on time 1787689361.228408 with plan g('cat')
Start executing task 300 for agent 17 on time 1787689361.228723 with plan };
Finish executing task 300 for agent 17 on time 1787689361.2290168 with plan };
Finish executing task 313 for agent 13 on time 1787689361.7188637 with plan ?s('scissors')==True{
Start executing task 313 for agent 13 on time 1787689361.7192028 with plan g('scissors')
Finish executing task 304 for agent 31 on time 1787689361.9666376 with plan tc(45);
Start executing task 304 for agent 31 on time 1787689361.9669864 with plan 
Finish executing task 304 for agent 31 on time 1787689361.9672456 with plan 
Finish executing task 305 for agent 21 on time 1787689362.4589283 with plan tc(30);
Start executing task 305 for agent 21 on time 1787689362.4592333 with plan 
Finish executing task 305 for agent 21 on time 1787689362.4594893 with plan 
Finish executing task 310 for agent 41 on time 1787689362.634185 with plan mu(40);
Start executing task 310 for agent 41 on time 1787689362.6345062 with plan ?iv('book')==True{
Finish executing task 310 for agent 41 on time 1787689362.6358387 with plan ?iv('book')==True{
Start executing task 310 for agent 41 on time 1787689362.6359847 with plan tp()}
Finish executing task 310 for agent 41 on time 1787689362.6372194 with plan tp()}
Start executing task 310 for agent 41 on time 1787689362.6373425 with plan ->False
Finish executing task 310 for agent 41 on time 1787689362.637559 with plan ->False
Finish executing task 315 for agent 28 on time 1787689362.681397 with plan mu(40);
Start executing task 315 for agent 28 on time 1787689362.6817117 with plan ?iv('book')==True{
Finish executing task 315 for agent 28 on time 1787689362.6830642 with plan ?iv('book')==True{
Start executing task 315 for agent 28 on time 1787689362.683203 with plan tp()}
Finish executing task 315 for agent 28 on time 1787689362.684428 with plan tp()}
Start executing task 315 for agent 28 on time 1787689362.6845322 with plan ->False
Finish executing task 315 for agent 28 on time 1787689362.6847389 with plan ->False
Finish executing task 316 for agent 15 on time 1787689362.6877348 with plan mu(40);
Start executing task 316 for agent 15 on time 1787689362.6880624 with plan ?iv('book')==True{
Finish executing task 316 for agent 15 on time 1787689362.6893897 with plan ?iv('book')==True{
Start executing task 316 for agent 15 on time 1787689362.6895354 with plan tp()}
Finish executing task 316 for agent 15 on time 1787689362.6907654 with plan tp()}
Start executing task 316 for agent 15 on time 1787689362.6908917 with plan ->False
Finish executing task 316 for agent 15 on time 1787689362.691107 with plan ->False
Finish executing task 306 for agent 12 on time 1787689362.9005992 with plan ?iv('boy')==True{
Start executing task 306 for agent 12 on time 1787689362.9009511 with plan tc(45)}
Finish executing task 311 for agent 20 on time 1787689362.935758 with plan ?iv('boy')==True{
Start executing task 311 for agent 20 on time 1787689362.9360757 with plan tc(45)}
Finish executing task 312 for agent 30 on time 1787689362.9883063 with plan ?iv('boy')==True{
Start executing task 312 for agent 30 on time 1787689362.9886277 with plan tc(45)}
Generating request from task 317, time: 1787689363.5469155
Generating request from task 318, time: 1787689363.547503
Generating request from task 319, time: 1787689363.5483117
Generating request from task 320, time: 1787689363.5492756
Generating request from task 321, time: 1787689363.5502515
Generating request from task 322, time: 1787689363.5512607
Generating request from task 323, time: 1787689363.5525446
Added task 317, time: 1787689363.5632963
Added task 322, time: 1787689363.5808387
Added task 323, time: 1787689363.5962563
Added task 318, time: 1787689363.6152184
Added task 319, time: 1787689363.6260786
Added task 320, time: 1787689363.6363463
Added task 321, time: 1787689363.647336
Output for task 317: mu(40);, time: 1787689363.6474338
Start executing task 317 for agent 27 on time 1787689363.648701 with plan mu(40);
Output for task 322: tc(45);, time: 1787689363.6506162
Start executing task 322 for agent 1 on time 1787689363.6518395 with plan tc(45);
Output for task 323: ?iv('boy')==True{, time: 1787689363.6645522
Output for task 318: mu(40);, time: 1787689363.665292
Start executing task 323 for agent 14 on time 1787689363.6657088 with plan ?iv('boy')==True{
Start executing task 318 for agent 6 on time 1787689363.6667306 with plan mu(40);
Added task 323, time: 1787689363.6738348
Added task 322, time: 1787689363.6815813
Output for task 319: ?iv('keys'), time: 1787689363.6816823
Start executing task 319 for agent 38 on time 1787689363.6829524 with plan ?iv('keys')
Finish executing task 319 for agent 38 on time 1787689363.6844084 with plan ?iv('keys')
Added task 319, time: 1787689363.6870077
Added task 317, time: 1787689363.6936545
Output for task 320: ?s('scissors')==True{, time: 1787689363.6949453
Start executing task 320 for agent 24 on time 1787689363.6961381 with plan ?s('scissors')==True{
Output for task 321: ?s('scissors')==True{, time: 1787689363.7079086
Output for task 322: , time: 1787689363.7086806
Start executing task 321 for agent 8 on time 1787689363.7091994 with plan ?s('scissors')==True{
Output for task 323: tc(45)}, time: 1787689363.7191188
Output for task 319: &iv('wallet'), time: 1787689363.737526
Start executing task 319 for agent 38 on time 1787689363.73899 with plan &iv('wallet')
Finish executing task 319 for agent 38 on time 1787689363.740326 with plan &iv('wallet')
Added task 319, time: 1787689363.7526097
Added task 323, time: 1787689363.7609677
Finish executing task 307 for agent 3 on time 1787689363.764772 with plan ?s('cat')==True{
Start executing task 307 for agent 3 on time 1787689363.765111 with plan g('cat')
Added task 320, time: 1787689363.7689066
Output for task 317: ?iv('book')==True{, time: 1787689363.7690756
Added task 321, time: 1787689363.7787817
Added task 317, time: 1787689363.7950912
Output for task 319: ->{l('Yes');, time: 1787689363.817675
Output for task 323: ->False;, time: 1787689363.8188813
Output for task 317: tp()}, time: 1787689363.819056
Start executing task 319 for agent 38 on time 1787689363.8193805 with plan ->{l('Yes');
Finish executing task 319 for agent 38 on time 1787689363.820697 with plan ->{l('Yes');
Added task 319, time: 1787689363.8302217
Output for task 320: g('scissors'), time: 1787689363.8303967
Added task 317, time: 1787689363.838331
Output for task 321: g('scissors'), time: 1787689363.8385003
Added task 318, time: 1787689363.8459723
Added task 320, time: 1787689363.8566425
Finish executing task 309 for agent 37 on time 1787689363.8566647 with plan ?s('cat')==True{
Start executing task 309 for agent 37 on time 1787689363.856926 with plan g('cat')
Added task 321, time: 1787689363.8725355
Output for task 317: ->False, time: 1787689363.894907
Output for task 320: }->False, time: 1787689363.8957648
Output for task 321: }->False, time: 1787689363.9020104
Output for task 319: ->True}l('No');, time: 1787689363.9086008
Start executing task 319 for agent 38 on time 1787689363.9102786 with plan ->True}l('No');
Finish executing task 319 for agent 38 on time 1787689363.9116185 with plan ->True}l('No');
Added task 319, time: 1787689363.9187827
Output for task 318: ?iv('book')==True{, time: 1787689363.9189582
Added task 318, time: 1787689363.9253798
Output for task 319: ->False, time: 1787689363.9535923
Output for task 318: tp()}, time: 1787689363.953895
Start executing task 319 for agent 38 on time 1787689363.9541812 with plan ->False
Finish executing task 319 for agent 38 on time 1787689363.9544537 with plan ->False
Added task 318, time: 1787689363.9584072
Output for task 318: ->False, time: 1787689363.985186
Finish executing task 313 for agent 13 on time 1787689364.1808612 with plan g('scissors')
Start executing task 313 for agent 13 on time 1787689364.1812341 with plan }->False
Finish executing task 313 for agent 13 on time 1787689364.1816008 with plan }->False
Finish executing task 306 for agent 12 on time 1787689364.8789766 with plan tc(45)}
Start executing task 306 for agent 12 on time 1787689364.8793502 with plan ->False;
Finish executing task 306 for agent 12 on time 1787689364.8797402 with plan ->False;
Finish executing task 311 for agent 20 on time 1787689364.914099 with plan tc(45)}
Start executing task 311 for agent 20 on time 1787689364.9144514 with plan ->False;
Finish executing task 311 for agent 20 on time 1787689364.9147358 with plan ->False;
Finish executing task 312 for agent 30 on time 1787689364.9666572 with plan tc(45)}
Start executing task 312 for agent 30 on time 1787689364.9669552 with plan ->False;
Finish executing task 312 for agent 30 on time 1787689364.9672291 with plan ->False;
Finish executing task 320 for agent 24 on time 1787689365.2528844 with plan ?s('scissors')==True{
Start executing task 320 for agent 24 on time 1787689365.253201 with plan g('scissors')
Finish executing task 321 for agent 8 on time 1787689365.2659855 with plan ?s('scissors')==True{
Start executing task 321 for agent 8 on time 1787689365.266296 with plan g('scissors')
Finish executing task 322 for agent 1 on time 1787689365.7609267 with plan tc(45);
Start executing task 322 for agent 1 on time 1787689365.7612412 with plan 
Finish executing task 322 for agent 1 on time 1787689365.7614963 with plan 
Finish executing task 317 for agent 27 on time 1787689366.1487486 with plan mu(40);
Start executing task 317 for agent 27 on time 1787689366.149106 with plan ?iv('book')==True{
Finish executing task 317 for agent 27 on time 1787689366.1504436 with plan ?iv('book')==True{
Start executing task 317 for agent 27 on time 1787689366.150594 with plan tp()}
Finish executing task 317 for agent 27 on time 1787689366.1518366 with plan tp()}
Start executing task 317 for agent 27 on time 1787689366.1519673 with plan ->False
Finish executing task 317 for agent 27 on time 1787689366.1521869 with plan ->False
Finish executing task 318 for agent 6 on time 1787689366.166697 with plan mu(40);
Start executing task 318 for agent 6 on time 1787689366.1670318 with plan ?iv('book')==True{
Finish executing task 318 for agent 6 on time 1787689366.168363 with plan ?iv('book')==True{
Start executing task 318 for agent 6 on time 1787689366.1685064 with plan tp()}
Finish executing task 318 for agent 6 on time 1787689366.1697366 with plan tp()}
Start executing task 318 for agent 6 on time 1787689366.1698594 with plan ->False
Finish executing task 318 for agent 6 on time 1787689366.1700737 with plan ->False
Finish executing task 307 for agent 3 on time 1787689366.226726 with plan g('cat')
Start executing task 307 for agent 3 on time 1787689366.2270386 with plan };
Finish executing task 307 for agent 3 on time 1787689366.227306 with plan };
Finish executing task 309 for agent 37 on time 1787689366.3185415 with plan g('cat')
Start executing task 309 for agent 37 on time 1787689366.3188605 with plan };
Finish executing task 309 for agent 37 on time 1787689366.319205 with plan };
Finish executing task 323 for agent 14 on time 1787689366.6660044 with plan ?iv('boy')==True{
Start executing task 323 for agent 14 on time 1787689366.6663194 with plan tc(45)}
Finish executing task 320 for agent 24 on time 1787689367.7148666 with plan g('scissors')
Start executing task 320 for agent 24 on time 1787689367.7151866 with plan }->False
Finish executing task 320 for agent 24 on time 1787689367.7154665 with plan }->False
Finish executing task 321 for agent 8 on time 1787689367.7279675 with plan g('scissors')
Start executing task 321 for agent 8 on time 1787689367.7282703 with plan }->False
Finish executing task 321 for agent 8 on time 1787689367.7285528 with plan }->False
Finish executing task 323 for agent 14 on time 1787689368.6443446 with plan tc(45)}
Start executing task 323 for agent 14 on time 1787689368.6447086 with plan ->False;
Finish executing task 323 for agent 14 on time 1787689368.6450388 with plan ->False;
Generating request from task 324, time: 1787689369.3642874
Generating request from task 325, time: 1787689369.3648872
Generating request from task 326, time: 1787689369.3656542
Generating request from task 327, time: 1787689369.3666089
Generating request from task 328, time: 1787689369.3677177
Generating request from task 329, time: 1787689369.3686185
Generating request from task 330, time: 1787689369.3695977
Generating request from task 331, time: 1787689369.3705895
Generating request from task 332, time: 1787689369.3715878
Generating request from task 333, time: 1787689369.372581
Generating request from task 334, time: 1787689369.3735754
Generating request from task 335, time: 1787689369.3745732
Generating request from task 336, time: 1787689369.3756447
Generating request from task 337, time: 1787689369.3765976
Added task 324, time: 1787689369.3831944
Added task 326, time: 1787689369.404269
Added task 327, time: 1787689369.422056
Added task 329, time: 1787689369.441429
Output for task 324: ?iv('boy')==True{, time: 1787689369.4471426
Output for task 326: tc(30);, time: 1787689369.4480708
Start executing task 324 for agent 0 on time 1787689369.4487765 with plan ?iv('boy')==True{
Start executing task 326 for agent 36 on time 1787689369.4493775 with plan tc(30);
Added task 330, time: 1787689369.4656308
Added task 332, time: 1787689369.481545
Added task 336, time: 1787689369.4976373
Output for task 327: tc(30);, time: 1787689369.4977963
Start executing task 327 for agent 25 on time 1787689369.499059 with plan tc(30);
Added task 335, time: 1787689369.5132332
Added task 324, time: 1787689369.5199444
Added task 326, time: 1787689369.5283787
Output for task 329: tc(30);, time: 1787689369.5284765
Start executing task 329 for agent 18 on time 1787689369.529618 with plan tc(30);
Added task 327, time: 1787689369.53472
Added task 329, time: 1787689369.5395398
Added task 325, time: 1787689369.5535016
Output for task 330: tc(30);, time: 1787689369.5535982
Start executing task 330 for agent 22 on time 1787689369.5547132 with plan tc(30);
Added task 330, time: 1787689369.5586116
Added task 328, time: 1787689369.5712607
Added task 331, time: 1787689369.5814638
Output for task 332: tc(45);, time: 1787689369.5815532
Start executing task 332 for agent 32 on time 1787689369.582585 with plan tc(45);
Added task 333, time: 1787689369.593749
Added task 334, time: 1787689369.6045392
Output for task 326: , time: 1787689369.604912
Output for task 335: tc(45);, time: 1787689369.6054235
Output for task 327: , time: 1787689369.6060448
Output for task 329: , time: 1787689369.6061058
Start executing task 335 for agent 35 on time 1787689369.6066642 with plan tc(45);
Output for task 336: ?iv('boy')==True{, time: 1787689369.6082127
Output for task 324: tc(45)}, time: 1787689369.6089096
Start executing task 336 for agent 33 on time 1787689369.6092649 with plan ?iv('boy')==True{
Output for task 330: , time: 1787689369.6094646
Added task 336, time: 1787689369.6261563
Added task 337, time: 1787689369.6443074
Added task 332, time: 1787689369.6503959
Added task 335, time: 1787689369.6557066
Output for task 325: ?s('cat')==True{, time: 1787689369.6563616
Start executing task 325 for agent 19 on time 1787689369.6575124 with plan ?s('cat')==True{
Output for task 328: ?s('cat')==True{, time: 1787689369.6637805
Output for task 333: ?iv('keys'), time: 1787689369.6646998
Start executing task 328 for agent 2 on time 1787689369.6648443 with plan ?s('cat')==True{
Start executing task 333 for agent 23 on time 1787689369.6660109 with plan ?iv('keys')
Finish executing task 333 for agent 23 on time 1787689369.667468 with plan ?iv('keys')
Output for task 331: ?s('scissors')==True{, time: 1787689369.668292
Output for task 334: ?iv('keys'), time: 1787689369.669026
Start executing task 331 for agent 5 on time 1787689369.669518 with plan ?s('scissors')==True{
Output for task 336: tc(45)}, time: 1787689369.6696343
Start executing task 334 for agent 10 on time 1787689369.6699836 with plan ?iv('keys')
Finish executing task 334 for agent 10 on time 1787689369.6714482 with plan ?iv('keys')
Added task 334, time: 1787689369.6809483
Output for task 332: , time: 1787689369.6810539
Output for task 335: , time: 1787689369.6811793
Added task 333, time: 1787689369.68901
Added task 324, time: 1787689369.6960604
Output for task 337: md(40);, time: 1787689369.6961696
Start executing task 337 for agent 4 on time 1787689369.6974268 with plan md(40);
Added task 336, time: 1787689369.703539
Added task 325, time: 1787689369.7131367
Added task 328, time: 1787689369.7218666
Output for task 334: &iv('wallet'), time: 1787689369.7477381
Start executing task 334 for agent 10 on time 1787689369.7492542 with plan &iv('wallet')
Output for task 333: &iv('wallet'), time: 1787689369.7497132
Finish executing task 334 for agent 10 on time 1787689369.7505722 with plan &iv('wallet')
Output for task 324: ->False;, time: 1787689369.7506518
Start executing task 333 for agent 23 on time 1787689369.7512896 with plan &iv('wallet')
Finish executing task 333 for agent 23 on time 1787689369.7527058 with plan &iv('wallet')
Added task 333, time: 1787689369.7597468
Output for task 336: ->False;, time: 1787689369.759929
Added task 334, time: 1787689369.766423
Output for task 325: g('cat'), time: 1787689369.766555
Output for task 328: g('cat'), time: 1787689369.7674997
Added task 331, time: 1787689369.774538
Added task 337, time: 1787689369.7844179
Added task 325, time: 1787689369.7982085
Added task 328, time: 1787689369.8165426
Output for task 333: ->{l('Yes');, time: 1787689369.8420854
Output for task 325: };, time: 1787689369.8434534
Start executing task 333 for agent 23 on time 1787689369.8439524 with plan ->{l('Yes');
Finish executing task 333 for agent 23 on time 1787689369.8452759 with plan ->{l('Yes');
Output for task 334: ->{l('Yes');, time: 1787689369.845245
Output for task 331: g('scissors'), time: 1787689369.8463368
Start executing task 334 for agent 10 on time 1787689369.84696 with plan ->{l('Yes');
Output for task 328: };, time: 1787689369.8473034
Finish executing task 334 for agent 10 on time 1787689369.8483338 with plan ->{l('Yes');
Added task 334, time: 1787689369.8547404
Added task 333, time: 1787689369.8609054
Added task 331, time: 1787689369.8657546
Output for task 337: ?iv('toy')==True{, time: 1787689369.8659673
Added task 337, time: 1787689369.876455
Output for task 331: }->False, time: 1787689369.9103436
Output for task 337: g('toy')}, time: 1787689369.9185398
Output for task 334: ->True}l('No');, time: 1787689369.924935
Start executing task 334 for agent 10 on time 1787689369.92684 with plan ->True}l('No');
Finish executing task 334 for agent 10 on time 1787689369.9281683 with plan ->True}l('No');
Output for task 333: ->True}l('No');, time: 1787689369.9313617
Start executing task 333 for agent 23 on time 1787689369.9331865 with plan ->True}l('No');
Finish executing task 333 for agent 23 on time 1787689369.9345062 with plan ->True}l('No');
Added task 333, time: 1787689369.9392517
Added task 334, time: 1787689369.944674
Added task 337, time: 1787689369.9487216
Output for task 333: ->False, time: 1787689369.9815025
Start executing task 333 for agent 23 on time 1787689369.9821417 with plan ->False
Finish executing task 333 for agent 23 on time 1787689369.9824166 with plan ->False
Output for task 334: ->False, time: 1787689369.9828947
Output for task 337: ->False, time: 1787689369.983069
Start executing task 334 for agent 10 on time 1787689369.9838386 with plan ->False
Finish executing task 334 for agent 10 on time 1787689369.9841115 with plan ->False
Finish executing task 331 for agent 5 on time 1787689371.2263055 with plan ?s('scissors')==True{
Start executing task 331 for agent 5 on time 1787689371.2266595 with plan g('scissors')
Finish executing task 332 for agent 32 on time 1787689371.6916487 with plan tc(45);
Start executing task 332 for agent 32 on time 1787689371.6919463 with plan 
Finish executing task 332 for agent 32 on time 1787689371.6921937 with plan 
Finish executing task 335 for agent 35 on time 1787689371.7157643 with plan tc(45);
Start executing task 335 for agent 35 on time 1787689371.716077 with plan 
Finish executing task 335 for agent 35 on time 1787689371.71633 with plan 
Finish executing task 326 for agent 36 on time 1787689372.036487 with plan tc(30);
Start executing task 326 for agent 36 on time 1787689372.036816 with plan 
Finish executing task 326 for agent 36 on time 1787689372.0371013 with plan 
Finish executing task 327 for agent 25 on time 1787689372.0861273 with plan tc(30);
Start executing task 327 for agent 25 on time 1787689372.0864296 with plan 
Finish executing task 327 for agent 25 on time 1787689372.086683 with plan 
Finish executing task 329 for agent 18 on time 1787689372.1166983 with plan tc(30);
Start executing task 329 for agent 18 on time 1787689372.1170206 with plan 
Finish executing task 329 for agent 18 on time 1787689372.1172688 with plan 
Finish executing task 330 for agent 22 on time 1787689372.141579 with plan tc(30);
Start executing task 330 for agent 22 on time 1787689372.1418862 with plan 
Finish executing task 330 for agent 22 on time 1787689372.1421287 with plan 
Finish executing task 337 for agent 4 on time 1787689372.292241 with plan md(40);
Start executing task 337 for agent 4 on time 1787689372.2924693 with plan ?iv('toy')==True{
Finish executing task 337 for agent 4 on time 1787689372.2937708 with plan ?iv('toy')==True{
Start executing task 337 for agent 4 on time 1787689372.2939558 with plan g('toy')}
Finish executing task 324 for agent 0 on time 1787689372.449444 with plan ?iv('boy')==True{
Start executing task 324 for agent 0 on time 1787689372.4498053 with plan tc(45)}
Finish executing task 336 for agent 33 on time 1787689372.6097388 with plan ?iv('boy')==True{
Start executing task 336 for agent 33 on time 1787689372.6100802 with plan tc(45)}
Finish executing task 325 for agent 19 on time 1787689373.371243 with plan ?s('cat')==True{
Start executing task 325 for agent 19 on time 1787689373.3715332 with plan g('cat')
Finish executing task 328 for agent 2 on time 1787689373.3785434 with plan ?s('cat')==True{
Start executing task 328 for agent 2 on time 1787689373.3789005 with plan g('cat')
Finish executing task 331 for agent 5 on time 1787689373.6883705 with plan g('scissors')
Start executing task 331 for agent 5 on time 1787689373.6886704 with plan }->False
Finish executing task 331 for agent 5 on time 1787689373.688984 with plan }->False
Finish executing task 324 for agent 0 on time 1787689374.4279606 with plan tc(45)}
Start executing task 324 for agent 0 on time 1787689374.4282873 with plan ->False;
Finish executing task 324 for agent 0 on time 1787689374.4285617 with plan ->False;
Finish executing task 336 for agent 33 on time 1787689374.588104 with plan tc(45)}
Start executing task 336 for agent 33 on time 1787689374.5884304 with plan ->False;
Finish executing task 336 for agent 33 on time 1787689374.5887086 with plan ->False;
Finish executing task 337 for agent 4 on time 1787689375.0008109 with plan g('toy')}
Start executing task 337 for agent 4 on time 1787689375.0011365 with plan ->False
Finish executing task 337 for agent 4 on time 1787689375.0014164 with plan ->False
Finish executing task 325 for agent 19 on time 1787689375.8331594 with plan g('cat')
Start executing task 325 for agent 19 on time 1787689375.8334804 with plan };
Finish executing task 325 for agent 19 on time 1787689375.8337526 with plan };
Finish executing task 328 for agent 2 on time 1787689375.8405414 with plan g('cat')
Start executing task 328 for agent 2 on time 1787689375.840877 with plan };
Finish executing task 328 for agent 2 on time 1787689375.8411498 with plan };
Generating request from task 338, time: 1787689384.0995975
Generating request from task 339, time: 1787689384.1002223
Generating request from task 340, time: 1787689384.1010795
Generating request from task 341, time: 1787689384.102068
Generating request from task 342, time: 1787689384.1029675
Generating request from task 343, time: 1787689384.1039424
Generating request from task 344, time: 1787689384.1049364
Added task 339, time: 1787689384.1175401
Added task 340, time: 1787689384.1351774
Added task 342, time: 1787689384.1499212
Added task 338, time: 1787689384.1745632
Output for task 339: tc(30);, time: 1787689384.180657
Start executing task 339 for agent 40 on time 1787689384.1822457 with plan tc(30);
Output for task 342: tc(45);, time: 1787689384.2007945
Start executing task 342 for agent 34 on time 1787689384.2023227 with plan tc(45);
Added task 339, time: 1787689384.2096422
Added task 342, time: 1787689384.2152245
Output for task 340: ?iv('boy')==True{, time: 1787689384.2153764
Start executing task 340 for agent 11 on time 1787689384.2170553 with plan ?iv('boy')==True{
Added task 340, time: 1787689384.224149
Output for task 338: mu(40);, time: 1787689384.2242982
Start executing task 338 for agent 7 on time 1787689384.2259023 with plan mu(40);
Added task 341, time: 1787689384.2651517
Added task 343, time: 1787689384.2842052
Output for task 339: , time: 1787689384.2843874
Output for task 342: , time: 1787689384.2844925
Added task 344, time: 1787689384.303567
Output for task 340: tc(45)}, time: 1787689384.3045752
Added task 340, time: 1787689384.312197
Added task 338, time: 1787689384.315647
Output for task 341: ?s('scissors')==True{, time: 1787689384.3456454
Start executing task 341 for agent 29 on time 1787689384.3472886 with plan ?s('scissors')==True{
Added task 341, time: 1787689384.3556728
Output for task 343: ?s('cat')==True{, time: 1787689384.3571742
Start executing task 343 for agent 9 on time 1787689384.358964 with plan ?s('cat')==True{
Added task 343, time: 1787689384.3624077
Output for task 344: mu(40);, time: 1787689384.3625786
Start executing task 344 for agent 39 on time 1787689384.3643193 with plan mu(40);
Added task 344, time: 1787689384.3671796
Output for task 340: ->False;, time: 1787689384.3673227
Output for task 338: ?iv('book')==True{, time: 1787689384.406657
Added task 338, time: 1787689384.4114897
Output for task 341: g('scissors'), time: 1787689384.417589
Output for task 343: g('cat'), time: 1787689384.4186053
Added task 341, time: 1787689384.4296715
Added task 343, time: 1787689384.4370828
Output for task 344: ?iv('book')==True{, time: 1787689384.438648
Output for task 338: tp()}, time: 1787689384.439635
Added task 338, time: 1787689384.4509
Added task 344, time: 1787689384.4641232
Output for task 341: }->False, time: 1787689384.4791734
Output for task 343: };, time: 1787689384.4793732
Output for task 338: ->False, time: 1787689384.484782
Output for task 344: tp()}, time: 1787689384.484972
Added task 344, time: 1787689384.4893506
Output for task 344: ->False, time: 1787689384.5181828
Finish executing task 341 for agent 29 on time 1787689385.9040976 with plan ?s('scissors')==True{
Start executing task 341 for agent 29 on time 1787689385.9044406 with plan g('scissors')
Finish executing task 342 for agent 34 on time 1787689386.3114276 with plan tc(45);
Start executing task 342 for agent 34 on time 1787689386.3117824 with plan 
Finish executing task 342 for agent 34 on time 1787689386.312083 with plan 
Finish executing task 338 for agent 7 on time 1787689386.7258637 with plan mu(40);
Start executing task 338 for agent 7 on time 1787689386.7262335 with plan ?iv('book')==True{
Finish executing task 338 for agent 7 on time 1787689386.7275777 with plan ?iv('book')==True{
Start executing task 338 for agent 7 on time 1787689386.7277267 with plan tp()}
Finish executing task 338 for agent 7 on time 1787689386.7289717 with plan tp()}
Start executing task 338 for agent 7 on time 1787689386.7290914 with plan ->False
Finish executing task 338 for agent 7 on time 1787689386.7293031 with plan ->False
Finish executing task 339 for agent 40 on time 1787689386.7693672 with plan tc(30);
Start executing task 339 for agent 40 on time 1787689386.7696612 with plan 
Finish executing task 339 for agent 40 on time 1787689386.7699225 with plan 
Finish executing task 344 for agent 39 on time 1787689386.8642933 with plan mu(40);
Start executing task 344 for agent 39 on time 1787689386.86462 with plan ?iv('book')==True{
Finish executing task 344 for agent 39 on time 1787689386.8659768 with plan ?iv('book')==True{
Start executing task 344 for agent 39 on time 1787689386.8661234 with plan tp()}
Finish executing task 344 for agent 39 on time 1787689386.8673558 with plan tp()}
Start executing task 344 for agent 39 on time 1787689386.8674803 with plan ->False
Finish executing task 344 for agent 39 on time 1787689386.867695 with plan ->False
Finish executing task 340 for agent 11 on time 1787689387.2175322 with plan ?iv('boy')==True{
Start executing task 340 for agent 11 on time 1787689387.2178965 with plan tc(45)}
Finish executing task 343 for agent 9 on time 1787689388.0726607 with plan ?s('cat')==True{
Start executing task 343 for agent 9 on time 1787689388.07303 with plan g('cat')
Finish executing task 341 for agent 29 on time 1787689388.3660765 with plan g('scissors')
Start executing task 341 for agent 29 on time 1787689388.3663805 with plan }->False
Finish executing task 341 for agent 29 on time 1787689388.366659 with plan }->False
Finish executing task 340 for agent 11 on time 1787689389.1959796 with plan tc(45)}
Start executing task 340 for agent 11 on time 1787689389.196306 with plan ->False;
Finish executing task 340 for agent 11 on time 1787689389.196591 with plan ->False;
Generating request from task 345, time: 1787689390.2493496
Generating request from task 346, time: 1787689390.2501793
Generating request from task 347, time: 1787689390.2507894
Generating request from task 348, time: 1787689390.2517147
Generating request from task 349, time: 1787689390.2526844
Generating request from task 350, time: 1787689390.2536888
Generating request from task 351, time: 1787689390.2546725
Generating request from task 352, time: 1787689390.2556648
Generating request from task 353, time: 1787689390.2566621
Generating request from task 354, time: 1787689390.2576673
Generating request from task 355, time: 1787689390.2587366
Generating request from task 356, time: 1787689390.259678
Generating request from task 357, time: 1787689390.260659
Added task 345, time: 1787689390.267239
Added task 346, time: 1787689390.2887955
Added task 347, time: 1787689390.3072133
Added task 348, time: 1787689390.3264036
Output for task 345: ?iv('boy')==True{, time: 1787689390.3321908
Start executing task 345 for agent 26 on time 1787689390.3336515 with plan ?iv('boy')==True{
Added task 350, time: 1787689390.3485627
Added task 351, time: 1787689390.3631191
Added task 357, time: 1787689390.3781507
Output for task 346: ?iv('boy')==True{, time: 1787689390.3782566
Start executing task 346 for agent 16 on time 1787689390.3795516 with plan ?iv('boy')==True{
Added task 355, time: 1787689390.39211
Added task 346, time: 1787689390.3982995
Added task 345, time: 1787689390.403317
Output for task 347: ?iv('boy')==True{, time: 1787689390.4034142
Output for task 348: tc(30);, time: 1787689390.4041321
Start executing task 347 for agent 17 on time 1787689390.4045968 with plan ?iv('boy')==True{
Start executing task 348 for agent 41 on time 1787689390.4058018 with plan tc(30);
Added task 347, time: 1787689390.4119375
Added task 348, time: 1787689390.4184654
Added task 349, time: 1787689390.4312072
Added task 352, time: 1787689390.4408517
Added task 353, time: 1787689390.4516575
Added task 354, time: 1787689390.4626625
Output for task 350: ?iv('boy')==True{, time: 1787689390.4646833
Start executing task 350 for agent 15 on time 1787689390.465843 with plan ?iv('boy')==True{
Output for task 351: ?iv('boy')==True{, time: 1787689390.4660766
Output for task 348: , time: 1787689390.4667678
Start executing task 351 for agent 38 on time 1787689390.4671347 with plan ?iv('boy')==True{
Output for task 357: ?iv('boy')==True{, time: 1787689390.4674783
Output for task 346: tc(45)}, time: 1787689390.468048
Start executing task 357 for agent 30 on time 1787689390.4683678 with plan ?iv('boy')==True{
Output for task 345: tc(45)}, time: 1787689390.4685633
Output for task 347: tc(45)}, time: 1787689390.4710243
Added task 357, time: 1787689390.4787033
Output for task 355: ?iv('boy')==True{, time: 1787689390.4787793
Start executing task 355 for agent 12 on time 1787689390.479633 with plan ?iv('boy')==True{
Added task 355, time: 1787689390.4865134
Added task 351, time: 1787689390.4962938
Output for task 349: mu(40);, time: 1787689390.4963822
Start executing task 349 for agent 28 on time 1787689390.4974902 with plan mu(40);
Added task 350, time: 1787689390.508214
Added task 356, time: 1787689390.5238383
Added task 346, time: 1787689390.529074
Finish executing task 343 for agent 9 on time 1787689390.5346587 with plan g('cat')
Start executing task 343 for agent 9 on time 1787689390.5349376 with plan };
Added task 345, time: 1787689390.535153
Finish executing task 343 for agent 9 on time 1787689390.5352087 with plan };
Output for task 354: mu(40);, time: 1787689390.5352378
Start executing task 354 for agent 21 on time 1787689390.5362961 with plan mu(40);
Added task 347, time: 1787689390.540646
Output for task 352: ?iv('keys'), time: 1787689390.5407333
Output for task 357: tc(45)}, time: 1787689390.5413888
Output for task 355: tc(45)}, time: 1787689390.5419252
Start executing task 352 for agent 13 on time 1787689390.5418108 with plan ?iv('keys')
Finish executing task 352 for agent 13 on time 1787689390.5432637 with plan ?iv('keys')
Added task 352, time: 1787689390.5504553
Output for task 353: ?s('cat')==True{, time: 1787689390.5505447
Start executing task 353 for agent 31 on time 1787689390.551568 with plan ?s('cat')==True{
Output for task 351: tc(45)}, time: 1787689390.5542812
Output for task 350: tc(45)}, time: 1787689390.5854566
Added task 355, time: 1787689390.5983472
Output for task 356: ?iv('keys'), time: 1787689390.5996773
Output for task 346: ->False;, time: 1787689390.6005473
Output for task 345: ->False;, time: 1787689390.6007488
Output for task 347: ->False;, time: 1787689390.600858
Start executing task 356 for agent 20 on time 1787689390.6010988 with plan ?iv('keys')
Finish executing task 356 for agent 20 on time 1787689390.6025546 with plan ?iv('keys')
Output for task 352: &iv('wallet'), time: 1787689390.6116989
Start executing task 352 for agent 13 on time 1787689390.6130447 with plan &iv('wallet')
Finish executing task 352 for agent 13 on time 1787689390.6143706 with plan &iv('wallet')
Added task 352, time: 1787689390.6272469
Added task 356, time: 1787689390.6380715
Added task 357, time: 1787689390.647683
Added task 351, time: 1787689390.6562443
Output for task 355: ->False;, time: 1787689390.6563985
Added task 350, time: 1787689390.663927
Added task 353, time: 1787689390.673348
Added task 349, time: 1787689390.6813676
Output for task 352: ->{l('Yes');, time: 1787689390.7127895
Start executing task 352 for agent 13 on time 1787689390.7143865 with plan ->{l('Yes');
Output for task 356: &iv('wallet'), time: 1787689390.7152731
Finish executing task 352 for agent 13 on time 1787689390.7157362 with plan ->{l('Yes');
Output for task 357: ->False;, time: 1787689390.716252
Start executing task 356 for agent 20 on time 1787689390.716745 with plan &iv('wallet')
Finish executing task 356 for agent 20 on time 1787689390.7180786 with plan &iv('wallet')
Added task 356, time: 1787689390.7228956
Output for task 351: ->False;, time: 1787689390.7230496
Output for task 350: ->False;, time: 1787689390.7232985
Added task 352, time: 1787689390.729048
Output for task 353: g('cat'), time: 1787689390.7292058
Added task 354, time: 1787689390.734733
Added task 353, time: 1787689390.7461731
Output for task 349: ?iv('book')==True{, time: 1787689390.766481
Added task 349, time: 1787689390.7869725
Output for task 353: };, time: 1787689390.7919896
Output for task 356: ->{l('Yes');, time: 1787689390.793063
Start executing task 356 for agent 20 on time 1787689390.79477 with plan ->{l('Yes');
Finish executing task 356 for agent 20 on time 1787689390.7960913 with plan ->{l('Yes');
Output for task 352: ->True}l('No');, time: 1787689390.8107433
Output for task 354: ?iv('book')==True{, time: 1787689390.8119195
Start executing task 352 for agent 13 on time 1787689390.8124368 with plan ->True}l('No');
Output for task 349: tp()}, time: 1787689390.8128717
Finish executing task 352 for agent 13 on time 1787689390.8137567 with plan ->True}l('No');
Added task 352, time: 1787689390.8211687
Added task 356, time: 1787689390.8276439
Added task 349, time: 1787689390.8324323
Added task 354, time: 1787689390.8404105
Output for task 352: ->False, time: 1787689390.8729749
Output for task 349: ->False, time: 1787689390.8743563
Output for task 354: tp()}, time: 1787689390.87452
Start executing task 352 for agent 13 on time 1787689390.8748531 with plan ->False
Finish executing task 352 for agent 13 on time 1787689390.8751984 with plan ->False
Output for task 356: ->True}l('No');, time: 1787689390.895356
Start executing task 356 for agent 20 on time 1787689390.8970425 with plan ->True}l('No');
Finish executing task 356 for agent 20 on time 1787689390.8983848 with plan ->True}l('No');
Added task 356, time: 1787689390.901533
Added task 354, time: 1787689390.9051554
Output for task 356: ->False, time: 1787689390.934902
Output for task 354: ->False, time: 1787689390.9351401
Start executing task 356 for agent 20 on time 1787689390.9358435 with plan ->False
Finish executing task 356 for agent 20 on time 1787689390.9361162 with plan ->False
Finish executing task 348 for agent 41 on time 1787689392.9928675 with plan tc(30);
Start executing task 348 for agent 41 on time 1787689392.9932315 with plan 
Finish executing task 348 for agent 41 on time 1787689392.9935246 with plan 
Finish executing task 349 for agent 28 on time 1787689392.9974794 with plan mu(40);
Start executing task 349 for agent 28 on time 1787689392.9978168 with plan ?iv('book')==True{
Finish executing task 349 for agent 28 on time 1787689392.999184 with plan ?iv('book')==True{
Start executing task 349 for agent 28 on time 1787689392.9993238 with plan tp()}
Finish executing task 349 for agent 28 on time 1787689393.0005493 with plan tp()}
Start executing task 349 for agent 28 on time 1787689393.0006642 with plan ->False
Finish executing task 349 for agent 28 on time 1787689393.000836 with plan ->False
Finish executing task 354 for agent 21 on time 1787689393.0362618 with plan mu(40);
Start executing task 354 for agent 21 on time 1787689393.0365808 with plan ?iv('book')==True{
Finish executing task 354 for agent 21 on time 1787689393.037923 with plan ?iv('book')==True{
Start executing task 354 for agent 21 on time 1787689393.0380716 with plan tp()}
Finish executing task 354 for agent 21 on time 1787689393.039309 with plan tp()}
Start executing task 354 for agent 21 on time 1787689393.0394745 with plan ->False
Finish executing task 354 for agent 21 on time 1787689393.0397086 with plan ->False
Finish executing task 345 for agent 26 on time 1787689393.334183 with plan ?iv('boy')==True{
Start executing task 345 for agent 26 on time 1787689393.3344846 with plan tc(45)}
Finish executing task 346 for agent 16 on time 1787689393.380073 with plan ?iv('boy')==True{
Start executing task 346 for agent 16 on time 1787689393.3803964 with plan tc(45)}
Finish executing task 347 for agent 17 on time 1787689393.4050007 with plan ?iv('boy')==True{
Start executing task 347 for agent 17 on time 1787689393.4052079 with plan tc(45)}
Finish executing task 350 for agent 15 on time 1787689393.466462 with plan ?iv('boy')==True{
Start executing task 350 for agent 15 on time 1787689393.4667757 with plan tc(45)}
Finish executing task 351 for agent 38 on time 1787689393.4675853 with plan ?iv('boy')==True{
Start executing task 351 for agent 38 on time 1787689393.4678805 with plan tc(45)}
Finish executing task 357 for agent 30 on time 1787689393.4688325 with plan ?iv('boy')==True{
Start executing task 357 for agent 30 on time 1787689393.4691522 with plan tc(45)}
Finish executing task 355 for agent 12 on time 1787689393.4798555 with plan ?iv('boy')==True{
Start executing task 355 for agent 12 on time 1787689393.4801705 with plan tc(45)}
Finish executing task 353 for agent 31 on time 1787689394.265266 with plan ?s('cat')==True{
Start executing task 353 for agent 31 on time 1787689394.2656026 with plan g('cat')
Generating request from task 358, time: 1787689394.4580648
Generating request from task 359, time: 1787689394.4586635
Generating request from task 360, time: 1787689394.4596512
Generating request from task 361, time: 1787689394.4603934
Generating request from task 362, time: 1787689394.4613473
Generating request from task 363, time: 1787689394.4623256
Generating request from task 364, time: 1787689394.4632993
Generating request from task 365, time: 1787689394.4642842
Generating request from task 366, time: 1787689394.465272
Generating request from task 367, time: 1787689394.466273
Generating request from task 368, time: 1787689394.467273
Generating request from task 369, time: 1787689394.4682636
Added task 358, time: 1787689394.4837282
Added task 359, time: 1787689394.5039828
Added task 362, time: 1787689394.5219553
Added task 363, time: 1787689394.5401654
Output for task 358: ?iv('boy')==True{, time: 1787689394.5575004
Start executing task 358 for agent 27 on time 1787689394.5589168 with plan ?iv('boy')==True{
Added task 364, time: 1787689394.579932
Added task 367, time: 1787689394.5955913
Output for task 362: tc(30);, time: 1787689394.5957122
Start executing task 362 for agent 24 on time 1787689394.5970035 with plan tc(30);
Added task 366, time: 1787689394.6126685
Output for task 359: ?iv('boy')==True{, time: 1787689394.612781
Start executing task 359 for agent 6 on time 1787689394.6139684 with plan ?iv('boy')==True{
Added task 359, time: 1787689394.6206484
Output for task 363: tc(45);, time: 1787689394.6207612
Start executing task 363 for agent 8 on time 1787689394.6220372 with plan tc(45);
Added task 358, time: 1787689394.6282926
Added task 362, time: 1787689394.634158
Added task 360, time: 1787689394.6514435
Added task 361, time: 1787689394.665944
Added task 363, time: 1787689394.6698465
Added task 365, time: 1787689394.6821382
Added task 368, time: 1787689394.694064
Output for task 362: , time: 1787689394.694501
Output for task 364: ?iv('boy')==True{, time: 1787689394.6968236
Output for task 366: tc(30);, time: 1787689394.6976166
Start executing task 364 for agent 1 on time 1787689394.6979282 with plan ?iv('boy')==True{
Start executing task 366 for agent 23 on time 1787689394.698656 with plan tc(30);
Output for task 367: ?iv('boy')==True{, time: 1787689394.7003574
Output for task 359: tc(45)}, time: 1787689394.7010179
Output for task 358: tc(45)}, time: 1787689394.7015574
Start executing task 367 for agent 10 on time 1787689394.7014775 with plan ?iv('boy')==True{
Output for task 363: , time: 1787689394.702125
Added task 367, time: 1787689394.7087362
Added task 364, time: 1787689394.722071
Added task 366, time: 1787689394.7290986
Output for task 361: mu(40);, time: 1787689394.7291965
Start executing task 361 for agent 37 on time 1787689394.7302415 with plan mu(40);
Added task 369, time: 1787689394.744836
Output for task 360: ?s('cat')==True{, time: 1787689394.7449343
Start executing task 360 for agent 3 on time 1787689394.7461443 with plan ?s('cat')==True{
Added task 359, time: 1787689394.751277
Output for task 365: mu(40);, time: 1787689394.751366
Start executing task 365 for agent 14 on time 1787689394.7524679 with plan mu(40);
Added task 358, time: 1787689394.7593741
Output for task 368: md(40);, time: 1787689394.759472
Output for task 367: tc(45)}, time: 1787689394.760627
Start executing task 368 for agent 5 on time 1787689394.7605624 with plan md(40);
Output for task 366: , time: 1787689394.767144
Output for task 364: tc(45)}, time: 1787689394.778958
Added task 367, time: 1787689394.7893417
Added task 364, time: 1787689394.7966235
Added task 360, time: 1787689394.8031266
Output for task 369: mu(40);, time: 1787689394.8032439
Output for task 359: ->False;, time: 1787689394.804036
Start executing task 369 for agent 32 on time 1787689394.8043816 with plan mu(40);
Added task 361, time: 1787689394.8102567
Output for task 358: ->False;, time: 1787689394.8103712
Added task 365, time: 1787689394.8151956
Added task 368, time: 1787689394.8293831
Added task 369, time: 1787689394.84908
Output for task 367: ->False;, time: 1787689394.8730721
Output for task 364: ->False;, time: 1787689394.877786
Output for task 360: g('cat'), time: 1787689394.8779805
Added task 360, time: 1787689394.883309
Output for task 361: ?iv('book')==True{, time: 1787689394.9061332
Output for task 365: ?iv('book')==True{, time: 1787689394.9072745
Added task 361, time: 1787689394.918157
Output for task 368: ?iv('toy')==True{, time: 1787689394.918329
Added task 365, time: 1787689394.9252543
Output for task 369: ?iv('book')==True{, time: 1787689394.9254303
Output for task 360: };, time: 1787689394.9264777
Added task 368, time: 1787689394.931652
Added task 369, time: 1787689394.935365
Output for task 361: tp()}, time: 1787689394.9542558
Added task 361, time: 1787689394.9664867
Output for task 365: tp()}, time: 1787689394.966662
Added task 365, time: 1787689394.9717999
Output for task 369: tp()}, time: 1787689394.9719665
Added task 369, time: 1787689394.9765418
Output for task 368: g('toy')}, time: 1787689394.9778364
Added task 368, time: 1787689394.9873638
Output for task 361: ->False, time: 1787689395.0142753
Output for task 365: ->False, time: 1787689395.0155108
Output for task 369: ->False, time: 1787689395.0156858
Output for task 368: ->False, time: 1787689395.017642
Finish executing task 345 for agent 26 on time 1787689395.3125014 with plan tc(45)}
Start executing task 345 for agent 26 on time 1787689395.3128688 with plan ->False;
Finish executing task 345 for agent 26 on time 1787689395.3131845 with plan ->False;
Finish executing task 346 for agent 16 on time 1787689395.3584247 with plan tc(45)}
Start executing task 346 for agent 16 on time 1787689395.3587668 with plan ->False;
Finish executing task 346 for agent 16 on time 1787689395.3590677 with plan ->False;
Finish executing task 347 for agent 17 on time 1787689395.3831959 with plan tc(45)}
Start executing task 347 for agent 17 on time 1787689395.383366 with plan ->False;
Finish executing task 347 for agent 17 on time 1787689395.3836045 with plan ->False;
Finish executing task 350 for agent 15 on time 1787689395.4448566 with plan tc(45)}
Start executing task 350 for agent 15 on time 1787689395.4451795 with plan ->False;
Finish executing task 350 for agent 15 on time 1787689395.445456 with plan ->False;
Finish executing task 351 for agent 38 on time 1787689395.4459083 with plan tc(45)}
Start executing task 351 for agent 38 on time 1787689395.4462295 with plan ->False;
Finish executing task 351 for agent 38 on time 1787689395.4465108 with plan ->False;
Finish executing task 357 for agent 30 on time 1787689395.4471774 with plan tc(45)}
Start executing task 357 for agent 30 on time 1787689395.4474893 with plan ->False;
Finish executing task 357 for agent 30 on time 1787689395.4477704 with plan ->False;
Finish executing task 355 for agent 12 on time 1787689395.4581938 with plan tc(45)}
Start executing task 355 for agent 12 on time 1787689395.4585068 with plan ->False;
Finish executing task 355 for agent 12 on time 1787689395.458789 with plan ->False;
Finish executing task 353 for agent 31 on time 1787689396.7272704 with plan g('cat')
Start executing task 353 for agent 31 on time 1787689396.7276442 with plan };
Finish executing task 353 for agent 31 on time 1787689396.727958 with plan };
Finish executing task 363 for agent 8 on time 1787689396.7311141 with plan tc(45);
Start executing task 363 for agent 8 on time 1787689396.7314749 with plan 
Finish executing task 363 for agent 8 on time 1787689396.7317338 with plan 
Generating request from task 370, time: 1787689397.0187306
Generating request from task 371, time: 1787689397.0193582
Generating request from task 372, time: 1787689397.0202253
Generating request from task 373, time: 1787689397.021178
Generating request from task 374, time: 1787689397.0221546
Generating request from task 375, time: 1787689397.0232072
Generating request from task 376, time: 1787689397.0241494
Generating request from task 377, time: 1787689397.0251439
Generating request from task 378, time: 1787689397.026165
Generating request from task 379, time: 1787689397.0271358
Generating request from task 380, time: 1787689397.0281327
Generating request from task 381, time: 1787689397.0291233
Generating request from task 382, time: 1787689397.0301278
Generating request from task 383, time: 1787689397.031126
Generating request from task 384, time: 1787689397.0321298
Generating request from task 385, time: 1787689397.03317
Added task 370, time: 1787689397.0376658
Added task 372, time: 1787689397.0599678
Added task 373, time: 1787689397.0800939
Added task 378, time: 1787689397.0992696
Output for task 370: ?iv('boy')==True{, time: 1787689397.1027212
Start executing task 370 for agent 35 on time 1787689397.1041365 with plan ?iv('boy')==True{
Added task 380, time: 1787689397.1229064
Output for task 372: tc(30);, time: 1787689397.1230178
Start executing task 372 for agent 25 on time 1787689397.1242023 with plan tc(30);
Added task 382, time: 1787689397.140436
Added task 385, time: 1787689397.1564293
Added task 384, time: 1787689397.1733608
Output for task 373: tc(45);, time: 1787689397.1734595
Start executing task 373 for agent 18 on time 1787689397.1746187 with plan tc(45);
Finish executing task 362 for agent 24 on time 1787689397.184058 with plan tc(30);
Start executing task 362 for agent 24 on time 1787689397.184322 with plan 
Finish executing task 362 for agent 24 on time 1787689397.1845548 with plan 
Added task 383, time: 1787689397.1893737
Added task 370, time: 1787689397.1966057
Added task 372, time: 1787689397.20497
Output for task 378: tc(45);, time: 1787689397.2050679
Start executing task 378 for agent 19 on time 1787689397.2061691 with plan tc(45);
Added task 373, time: 1787689397.2119963
Added task 371, time: 1787689397.2251704
Finish executing task 361 for agent 37 on time 1787689397.2302272 with plan mu(40);
Start executing task 361 for agent 37 on time 1787689397.230549 with plan ?iv('book')==True{
Finish executing task 361 for agent 37 on time 1787689397.2318487 with plan ?iv('book')==True{
Start executing task 361 for agent 37 on time 1787689397.2320008 with plan tp()}
Finish executing task 361 for agent 37 on time 1787689397.2332401 with plan tp()}
Start executing task 361 for agent 37 on time 1787689397.2333767 with plan ->False
Finish executing task 361 for agent 37 on time 1787689397.233599 with plan ->False
Added task 374, time: 1787689397.239036
Output for task 380: tc(30);, time: 1787689397.239128
Start executing task 380 for agent 7 on time 1787689397.2403188 with plan tc(30);
Added task 380, time: 1787689397.2450466
Finish executing task 365 for agent 14 on time 1787689397.2525015 with plan mu(40);
Start executing task 365 for agent 14 on time 1787689397.2528558 with plan ?iv('book')==True{
Finish executing task 365 for agent 14 on time 1787689397.2542324 with plan ?iv('book')==True{
Start executing task 365 for agent 14 on time 1787689397.2543907 with plan tp()}
Finish executing task 365 for agent 14 on time 1787689397.2556903 with plan tp()}
Start executing task 365 for agent 14 on time 1787689397.2558382 with plan ->False
Finish executing task 365 for agent 14 on time 1787689397.256108 with plan ->False
Added task 375, time: 1787689397.2565434
Added task 376, time: 1787689397.26868
Output for task 382: tc(45);, time: 1787689397.2687683
Start executing task 382 for agent 29 on time 1787689397.2699502 with plan tc(45);
Added task 377, time: 1787689397.280234
Finish executing task 366 for agent 23 on time 1787689397.2857482 with plan tc(30);
Start executing task 366 for agent 23 on time 1787689397.286081 with plan 
Finish executing task 366 for agent 23 on time 1787689397.2863402 with plan 
Added task 379, time: 1787689397.2919617
Added task 381, time: 1787689397.3012784
Output for task 385: tc(30);, time: 1787689397.30136
Start executing task 385 for agent 11 on time 1787689397.3024366 with plan tc(30);
Finish executing task 369 for agent 32 on time 1787689397.3043203 with plan mu(40);
Start executing task 369 for agent 32 on time 1787689397.3044791 with plan ?iv('book')==True{
Finish executing task 369 for agent 32 on time 1787689397.305679 with plan ?iv('book')==True{
Start executing task 369 for agent 32 on time 1787689397.3058033 with plan tp()}
Added task 385, time: 1787689397.3062372
Finish executing task 369 for agent 32 on time 1787689397.3069906 with plan tp()}
Start executing task 369 for agent 32 on time 1787689397.3070772 with plan ->False
Finish executing task 369 for agent 32 on time 1787689397.307194 with plan ->False
Added task 378, time: 1787689397.3113992
Output for task 384: tc(45);, time: 1787689397.3114784
Start executing task 384 for agent 40 on time 1787689397.312585 with plan tc(45);
Added task 382, time: 1787689397.3168547
Output for task 372: , time: 1787689397.3169396
Output for task 373: , time: 1787689397.317296
Output for task 370: tc(45)}, time: 1787689397.31936
Output for task 383: ?iv('boy')==True{, time: 1787689397.3222682
Output for task 380: , time: 1787689397.3229477
Start executing task 383 for agent 34 on time 1787689397.3233507 with plan ?iv('boy')==True{
Added task 383, time: 1787689397.3301
Output for task 371: ?iv('keys'), time: 1787689397.3302088
Start executing task 371 for agent 36 on time 1787689397.331093 with plan ?iv('keys')
Finish executing task 371 for agent 36 on time 1787689397.3325634 with plan ?iv('keys')
Added task 371, time: 1787689397.3365781
Output for task 374: md(40);, time: 1787689397.33666
Start executing task 374 for agent 22 on time 1787689397.3375642 with plan md(40);
Added task 384, time: 1787689397.3427656
Finish executing task 368 for agent 5 on time 1787689397.3553967 with plan md(40);
Start executing task 368 for agent 5 on time 1787689397.355669 with plan ?iv('toy')==True{
Finish executing task 368 for agent 5 on time 1787689397.3569791 with plan ?iv('toy')==True{
Start executing task 368 for agent 5 on time 1787689397.357106 with plan g('toy')}
Added task 370, time: 1787689397.3575213
Output for task 375: mu(40);, time: 1787689397.3575969
Start executing task 375 for agent 0 on time 1787689397.3586442 with plan mu(40);
Added task 374, time: 1787689397.3616152
Output for task 385: , time: 1787689397.3616948
Output for task 378: , time: 1787689397.3617473
Output for task 382: , time: 1787689397.3617914
Added task 375, time: 1787689397.3683372
Output for task 376: ?s('cat')==True{, time: 1787689397.3684635
Output for task 379: md(40);, time: 1787689397.3691711
Start executing task 376 for agent 33 on time 1787689397.3696244 with plan ?s('cat')==True{
Start executing task 379 for agent 2 on time 1787689397.3710878 with plan md(40);
Added task 376, time: 1787689397.3817892
Output for task 381: md(40);, time: 1787689397.3818984
Output for task 384: , time: 1787689397.3826275
Start executing task 381 for agent 39 on time 1787689397.3829658 with plan md(40);
Output for task 377: ?s('scissors')==True{, time: 1787689397.3902807
Start executing task 377 for agent 4 on time 1787689397.3915856 with plan ?s('scissors')==True{
Output for task 383: tc(45)}, time: 1787689397.400779
Output for task 371: &iv('wallet'), time: 1787689397.4041944
Output for task 370: ->False;, time: 1787689397.404909
Start executing task 371 for agent 36 on time 1787689397.405242 with plan &iv('wallet')
Finish executing task 371 for agent 36 on time 1787689397.4065719 with plan &iv('wallet')
Added task 371, time: 1787689397.4176831
Added task 383, time: 1787689397.4245057
Output for task 376: g('cat'), time: 1787689397.4246385
Added task 377, time: 1787689397.4319098
Added task 379, time: 1787689397.4416263
Output for task 374: ?iv('toy')==True{, time: 1787689397.4417636
Output for task 375: ?iv('book')==True{, time: 1787689397.4425907
Added task 374, time: 1787689397.4549186
Output for task 371: ->{l('Yes');, time: 1787689397.4758475
Output for task 383: ->False;, time: 1787689397.4768996
Start executing task 371 for agent 36 on time 1787689397.4773335 with plan ->{l('Yes');
Finish executing task 371 for agent 36 on time 1787689397.4786358 with plan ->{l('Yes');
Added task 371, time: 1787689397.489232
Output for task 377: g('scissors'), time: 1787689397.489385
Added task 375, time: 1787689397.497814
Output for task 374: g('toy')}, time: 1787689397.497983
Added task 381, time: 1787689397.5058432
Added task 376, time: 1787689397.5123074
Output for task 379: ?iv('toy')==True{, time: 1787689397.5124583
Added task 379, time: 1787689397.5263467
Output for task 375: tp()}, time: 1787689397.5485399
Output for task 376: };, time: 1787689397.5536964
Finish executing task 358 for agent 27 on time 1787689397.5594044 with plan ?iv('boy')==True{
Start executing task 358 for agent 27 on time 1787689397.5597007 with plan tc(45)}
Output for task 371: ->True}l('No');, time: 1787689397.5628746
Output for task 379: g('toy')}, time: 1787689397.5639586
Start executing task 371 for agent 36 on time 1787689397.5644946 with plan ->True}l('No');
Finish executing task 371 for agent 36 on time 1787689397.5658379 with plan ->True}l('No');
Added task 371, time: 1787689397.5773425
Added task 375, time: 1787689397.5855012
Output for task 381: ?iv('toy')==True{, time: 1787689397.585671
Added task 381, time: 1787689397.5947554
Added task 377, time: 1787689397.6010559
Finish executing task 359 for agent 6 on time 1787689397.6144822 with plan ?iv('boy')==True{
Start executing task 359 for agent 6 on time 1787689397.6147914 with plan tc(45)}
Added task 374, time: 1787689397.616304
Output for task 371: ->False, time: 1787689397.6349406
Added task 379, time: 1787689397.6431167
Output for task 375: ->False, time: 1787689397.6432896
Start executing task 371 for agent 36 on time 1787689397.643509 with plan ->False
Finish executing task 371 for agent 36 on time 1787689397.643779 with plan ->False
Output for task 377: }->False, time: 1787689397.6444309
Output for task 381: g('toy')}, time: 1787689397.6457782
Output for task 374: ->False, time: 1787689397.6468487
Added task 381, time: 1787689397.6526868
Output for task 379: ->False, time: 1787689397.6780164
Output for task 381: ->False, time: 1787689397.683616
Finish executing task 364 for agent 1 on time 1787689397.698445 with plan ?iv('boy')==True{
Start executing task 364 for agent 1 on time 1787689397.6987472 with plan tc(45)}
Finish executing task 367 for agent 10 on time 1787689397.7019594 with plan ?iv('boy')==True{
Start executing task 367 for agent 10 on time 1787689397.7023032 with plan tc(45)}
Finish executing task 360 for agent 3 on time 1787689398.4598117 with plan ?s('cat')==True{
Start executing task 360 for agent 3 on time 1787689398.4603 with plan g('cat')
Finish executing task 377 for agent 4 on time 1787689398.948358 with plan ?s('scissors')==True{
Start executing task 377 for agent 4 on time 1787689398.9487014 with plan g('scissors')
Generating request from task 386, time: 1787689399.0999014
Generating request from task 387, time: 1787689399.1004925
Generating request from task 388, time: 1787689399.1013365
Generating request from task 389, time: 1787689399.1022277
Generating request from task 390, time: 1787689399.103195
Generating request from task 391, time: 1787689399.1041977
Generating request from task 392, time: 1787689399.1052117
Generating request from task 393, time: 1787689399.1061978
Generating request from task 394, time: 1787689399.107194
Generating request from task 395, time: 1787689399.1081748
Generating request from task 396, time: 1787689399.1091857
Generating request from task 397, time: 1787689399.1101823
Generating request from task 398, time: 1787689399.1111763
Generating request from task 399, time: 1787689399.1121686
Generating request from task 400, time: 1787689399.11318
Added task 388, time: 1787689399.1177564
Added task 386, time: 1787689399.1375396
Added task 387, time: 1787689399.1561475
Added task 389, time: 1787689399.1736166
Output for task 388: ?iv('boy')==True{, time: 1787689399.1792336
Start executing task 388 for agent 9 on time 1787689399.1807153 with plan ?iv('boy')==True{
Added task 388, time: 1787689399.1872091
Output for task 386: ?iv('keys'), time: 1787689399.1873212
Start executing task 386 for agent 13 on time 1787689399.1885412 with plan ?iv('keys')
Finish executing task 386 for agent 13 on time 1787689399.1900477 with plan ?iv('keys')
Added task 386, time: 1787689399.2032423
Added task 390, time: 1787689399.2225251
Output for task 387: mu(40);, time: 1787689399.2226527
Start executing task 387 for agent 20 on time 1787689399.2240481 with plan mu(40);
Added task 391, time: 1787689399.241727
Output for task 389: ?iv('keys'), time: 1787689399.2447507
Output for task 388: tc(45)}, time: 1787689399.2455194
Start executing task 389 for agent 28 on time 1787689399.2459965 with plan ?iv('keys')
Finish executing task 389 for agent 28 on time 1787689399.2474766 with plan ?iv('keys')
Output for task 386: &iv('wallet'), time: 1787689399.2489583
Start executing task 386 for agent 13 on time 1787689399.2500665 with plan &iv('wallet')
Finish executing task 386 for agent 13 on time 1787689399.251392 with plan &iv('wallet')
Added task 386, time: 1787689399.266512
Added task 389, time: 1787689399.2780735
Finish executing task 373 for agent 18 on time 1787689399.2836 with plan tc(45);
Start executing task 373 for agent 18 on time 1787689399.2839437 with plan 
Finish executing task 373 for agent 18 on time 1787689399.2841964 with plan 
Added task 388, time: 1787689399.2863514
Output for task 390: ?iv('keys'), time: 1787689399.28648
Start executing task 390 for agent 21 on time 1787689399.2878468 with plan ?iv('keys')
Finish executing task 390 for agent 21 on time 1787689399.289347 with plan ?iv('keys')
Added task 390, time: 1787689399.2950625
Added task 392, time: 1787689399.311841
Finish executing task 378 for agent 19 on time 1787689399.3152714 with plan tc(45);
Start executing task 378 for agent 19 on time 1787689399.3156202 with plan 
Finish executing task 378 for agent 19 on time 1787689399.3158495 with plan 
Added task 393, time: 1787689399.328406
Added task 394, time: 1787689399.3445704
Output for task 391: ?s('cat')==True{, time: 1787689399.344682
Start executing task 391 for agent 41 on time 1787689399.34535 with plan ?s('cat')==True{
Output for task 386: ->{l('Yes');, time: 1787689399.350185
Start executing task 386 for agent 13 on time 1787689399.3512352 with plan ->{l('Yes');
Finish executing task 386 for agent 13 on time 1787689399.352594 with plan ->{l('Yes');
Output for task 389: &iv('wallet'), time: 1787689399.3532002
Output for task 388: ->False;, time: 1787689399.3538978
Start executing task 389 for agent 28 on time 1787689399.3542414 with plan &iv('wallet')
Output for task 390: &iv('wallet'), time: 1787689399.35449
Start executing task 390 for agent 21 on time 1787689399.3554938 with plan &iv('wallet')
Finish executing task 389 for agent 28 on time 1787689399.3557622 with plan &iv('wallet')
Finish executing task 390 for agent 21 on time 1787689399.356811 with plan &iv('wallet')
Added task 390, time: 1787689399.3661892
Added task 389, time: 1787689399.3764412
Output for task 392: mu(40);, time: 1787689399.3765452
Start executing task 392 for agent 26 on time 1787689399.3777359 with plan mu(40);
Finish executing task 382 for agent 29 on time 1787689399.3791933 with plan tc(45);
Start executing task 382 for agent 29 on time 1787689399.379509 with plan 
Finish executing task 382 for agent 29 on time 1787689399.3797617 with plan 
Added task 386, time: 1787689399.3851273
Added task 395, time: 1787689399.4006467
Added task 396, time: 1787689399.415459
Output for task 393: ?iv('keys'), time: 1787689399.415564
Start executing task 393 for agent 16 on time 1787689399.4167826 with plan ?iv('keys')
Finish executing task 393 for agent 16 on time 1787689399.4182525 with plan ?iv('keys')
Finish executing task 384 for agent 40 on time 1787689399.4216459 with plan tc(45);
Start executing task 384 for agent 40 on time 1787689399.4217641 with plan 
Finish executing task 384 for agent 40 on time 1787689399.421884 with plan 
Added task 393, time: 1787689399.4249492
Added task 397, time: 1787689399.4409397
Added task 398, time: 1787689399.4549968
Output for task 394: ?s('scissors')==True{, time: 1787689399.4550967
Start executing task 394 for agent 17 on time 1787689399.4562144 with plan ?s('scissors')==True{
Output for task 390: ->{l('Yes');, time: 1787689399.4563901
Start executing task 390 for agent 21 on time 1787689399.4572914 with plan ->{l('Yes');
Finish executing task 390 for agent 21 on time 1787689399.4586 with plan ->{l('Yes');
Output for task 389: ->{l('Yes');, time: 1787689399.459099
Start executing task 389 for agent 28 on time 1787689399.460019 with plan ->{l('Yes');
Finish executing task 389 for agent 28 on time 1787689399.4613512 with plan ->{l('Yes');
Output for task 386: ->True}l('No');, time: 1787689399.4621606
Output for task 395: md(40);, time: 1787689399.4628818
Start executing task 386 for agent 13 on time 1787689399.4631386 with plan ->True}l('No');
Start executing task 395 for agent 15 on time 1787689399.4640734 with plan md(40);
Finish executing task 386 for agent 13 on time 1787689399.4644837 with plan ->True}l('No');
Added task 386, time: 1787689399.4747071
Output for task 396: md(40);, time: 1787689399.4751852
Start executing task 396 for agent 38 on time 1787689399.4761176 with plan md(40);
Output for task 393: &iv('wallet'), time: 1787689399.4801452
Start executing task 393 for agent 16 on time 1787689399.4811277 with plan &iv('wallet')
Finish executing task 393 for agent 16 on time 1787689399.4824343 with plan &iv('wallet')
Added task 393, time: 1787689399.4915721
Output for task 397: mu(40);, time: 1787689399.4916668
Start executing task 397 for agent 12 on time 1787689399.4927082 with plan mu(40);
Added task 389, time: 1787689399.503196
Added task 390, time: 1787689399.5153034
Added task 399, time: 1787689399.5329235
Finish executing task 358 for agent 27 on time 1787689399.5377405 with plan tc(45)}
Start executing task 358 for agent 27 on time 1787689399.5380871 with plan ->False;
Finish executing task 358 for agent 27 on time 1787689399.5383735 with plan ->False;
Added task 400, time: 1787689399.5519855
Output for task 386: ->False, time: 1787689399.552105
Start executing task 386 for agent 13 on time 1787689399.5532823 with plan ->False
Finish executing task 386 for agent 13 on time 1787689399.5536342 with plan ->False
Added task 391, time: 1787689399.5610852
Output for task 398: ?s('scissors')==True{, time: 1787689399.5612028
Start executing task 398 for agent 30 on time 1787689399.5624092 with plan ?s('scissors')==True{
Added task 394, time: 1787689399.5723486
Added task 398, time: 1787689399.5802498
Added task 387, time: 1787689399.589581
Output for task 393: ->{l('Yes');, time: 1787689399.5897055
Start executing task 393 for agent 16 on time 1787689399.5908682 with plan ->{l('Yes');
Finish executing task 393 for agent 16 on time 1787689399.5922902 with plan ->{l('Yes');
Finish executing task 359 for agent 6 on time 1787689399.5928218 with plan tc(45)}
Start executing task 359 for agent 6 on time 1787689399.5931365 with plan ->False;
Finish executing task 359 for agent 6 on time 1787689399.5934227 with plan ->False;
Output for task 389: ->True}l('No');, time: 1787689399.5938091
Start executing task 389 for agent 28 on time 1787689399.5950313 with plan ->True}l('No');
Finish executing task 389 for agent 28 on time 1787689399.596359 with plan ->True}l('No');
Output for task 390: ->True}l('No');, time: 1787689399.5975742
Output for task 399: mu(40);, time: 1787689399.598358
Start executing task 390 for agent 21 on time 1787689399.598759 with plan ->True}l('No');
Start executing task 399 for agent 36 on time 1787689399.5998397 with plan mu(40);
Finish executing task 390 for agent 21 on time 1787689399.600255 with plan ->True}l('No');
Added task 390, time: 1787689399.61063
Added task 389, time: 1787689399.621992
Added task 393, time: 1787689399.6321778
Added task 392, time: 1787689399.6428747
Output for task 391: g('cat'), time: 1787689399.6429894
Added task 395, time: 1787689399.6509578
Output for task 400: ?s('cat')==True{, time: 1787689399.651075
Start executing task 400 for agent 37 on time 1787689399.6522772 with plan ?s('cat')==True{
Added task 400, time: 1787689399.659134
Output for task 394: g('scissors'), time: 1787689399.6592526
Added task 396, time: 1787689399.6696603
Output for task 398: g('scissors'), time: 1787689399.6697822
Finish executing task 364 for agent 1 on time 1787689399.6767797 with plan tc(45)}
Start executing task 364 for agent 1 on time 1787689399.677116 with plan ->False;
Finish executing task 364 for agent 1 on time 1787689399.6774073 with plan ->False;
Added task 397, time: 1787689399.677763
Finish executing task 367 for agent 10 on time 1787689399.6803575 with plan tc(45)}
Start executing task 367 for agent 10 on time 1787689399.6806672 with plan ->False;
Finish executing task 367 for agent 10 on time 1787689399.6809647 with plan ->False;
Added task 399, time: 1787689399.6862535
Output for task 390: ->False, time: 1787689399.6863725
Start executing task 390 for agent 21 on time 1787689399.6924107 with plan ->False
Finish executing task 390 for agent 21 on time 1787689399.692739 with plan ->False
Added task 391, time: 1787689399.6943595
Output for task 387: ?iv('book')==True{, time: 1787689399.6944768
Output for task 389: ->False, time: 1787689399.7000818
Start executing task 389 for agent 28 on time 1787689399.7058394 with plan ->False
Finish executing task 389 for agent 28 on time 1787689399.706199 with plan ->False
Finish executing task 372 for agent 25 on time 1787689399.71114 with plan tc(30);
Start executing task 372 for agent 25 on time 1787689399.7114599 with plan 
Finish executing task 372 for agent 25 on time 1787689399.7117083 with plan 
Output for task 400: g('cat'), time: 1787689399.7231672
Output for task 393: ->True}l('No');, time: 1787689399.724908
Output for task 391: };, time: 1787689399.7257493
Start executing task 393 for agent 16 on time 1787689399.7262247 with plan ->True}l('No');
Finish executing task 393 for agent 16 on time 1787689399.72764 with plan ->True}l('No');
Added task 393, time: 1787689399.738509
Output for task 392: ?iv('book')==True{, time: 1787689399.7386816
Output for task 395: ?iv('toy')==True{, time: 1787689399.7394886
Added task 387, time: 1787689399.748523
Added task 392, time: 1787689399.75664
Output for task 396: ?iv('toy')==True{, time: 1787689399.756778
Added task 395, time: 1787689399.766128
Output for task 397: ?iv('book')==True{, time: 1787689399.766267
Output for task 399: ?iv('book')==True{, time: 1787689399.767107
Added task 396, time: 1787689399.7793639
Output for task 393: ->False, time: 1787689399.7858002
Output for task 387: tp()}, time: 1787689399.7860215
Start executing task 393 for agent 16 on time 1787689399.7878487 with plan ->False
Finish executing task 393 for agent 16 on time 1787689399.7881763 with plan ->False
Added task 387, time: 1787689399.798432
Output for task 392: tp()}, time: 1787689399.7985725
Added task 392, time: 1787689399.8080678
Added task 397, time: 1787689399.8154616
Added task 399, time: 1787689399.8246439
Output for task 395: g('toy')}, time: 1787689399.8247736
Finish executing task 380 for agent 7 on time 1787689399.8275604 with plan tc(30);
Start executing task 380 for agent 7 on time 1787689399.8278906 with plan 
Finish executing task 380 for agent 7 on time 1787689399.8281393 with plan 
Added task 394, time: 1787689399.831991
Added task 398, time: 1787689399.8375444
Added task 400, time: 1787689399.8452742
Output for task 396: g('toy')}, time: 1787689399.8454142
Added task 395, time: 1787689399.8533616
Finish executing task 375 for agent 0 on time 1787689399.8586504 with plan mu(40);
Start executing task 375 for agent 0 on time 1787689399.8589787 with plan ?iv('book')==True{
Added task 396, time: 1787689399.859123
Output for task 387: ->False, time: 1787689399.8592446
Finish executing task 375 for agent 0 on time 1787689399.8603015 with plan ?iv('book')==True{
Start executing task 375 for agent 0 on time 1787689399.8604393 with plan tp()}
Finish executing task 375 for agent 0 on time 1787689399.8616655 with plan tp()}
Start executing task 375 for agent 0 on time 1787689399.8617768 with plan ->False
Finish executing task 375 for agent 0 on time 1787689399.8619938 with plan ->False
Output for task 392: ->False, time: 1787689399.8629508
Output for task 397: tp()}, time: 1787689399.8631015
Added task 397, time: 1787689399.87037
Output for task 399: tp()}, time: 1787689399.8704956
Added task 399, time: 1787689399.8861365
Finish executing task 385 for agent 11 on time 1787689399.8895245 with plan tc(30);
Start executing task 385 for agent 11 on time 1787689399.889867 with plan 
Finish executing task 385 for agent 11 on time 1787689399.8901234 with plan 
Output for task 394: }->False, time: 1787689399.8919451
Output for task 400: };, time: 1787689399.892092
Output for task 398: }->False, time: 1787689399.8952372
Output for task 395: ->False, time: 1787689399.896026
Output for task 396: ->False, time: 1787689399.8961308
Output for task 397: ->False, time: 1787689399.902984
Output for task 399: ->False, time: 1787689399.9129326
Finish executing task 374 for agent 22 on time 1787689399.9321947 with plan md(40);
Start executing task 374 for agent 22 on time 1787689399.9323473 with plan ?iv('toy')==True{
Finish executing task 374 for agent 22 on time 1787689399.9335213 with plan ?iv('toy')==True{
Start executing task 374 for agent 22 on time 1787689399.9335845 with plan g('toy')}
Finish executing task 379 for agent 2 on time 1787689399.9659169 with plan md(40);
Start executing task 379 for agent 2 on time 1787689399.966171 with plan ?iv('toy')==True{
Finish executing task 379 for agent 2 on time 1787689399.9674733 with plan ?iv('toy')==True{
Start executing task 379 for agent 2 on time 1787689399.967603 with plan g('toy')}
Finish executing task 381 for agent 39 on time 1787689399.9778492 with plan md(40);
Start executing task 381 for agent 39 on time 1787689399.9781885 with plan ?iv('toy')==True{
Finish executing task 381 for agent 39 on time 1787689399.9795456 with plan ?iv('toy')==True{
Start executing task 381 for agent 39 on time 1787689399.9796953 with plan g('toy')}
Finish executing task 368 for agent 5 on time 1787689400.0639484 with plan g('toy')}
Start executing task 368 for agent 5 on time 1787689400.0642617 with plan ->False
Finish executing task 368 for agent 5 on time 1787689400.0645387 with plan ->False
Finish executing task 370 for agent 35 on time 1787689400.1046655 with plan ?iv('boy')==True{
Start executing task 370 for agent 35 on time 1787689400.105017 with plan tc(45)}
Finish executing task 383 for agent 34 on time 1787689400.3237522 with plan ?iv('boy')==True{
Start executing task 383 for agent 34 on time 1787689400.3240836 with plan tc(45)}
Finish executing task 360 for agent 3 on time 1787689400.9219651 with plan g('cat')
Start executing task 360 for agent 3 on time 1787689400.9223077 with plan };
Finish executing task 360 for agent 3 on time 1787689400.9225805 with plan };
Finish executing task 394 for agent 17 on time 1787689401.0129282 with plan ?s('scissors')==True{
Start executing task 394 for agent 17 on time 1787689401.0132363 with plan g('scissors')
Finish executing task 376 for agent 33 on time 1787689401.0833743 with plan ?s('cat')==True{
Start executing task 376 for agent 33 on time 1787689401.083693 with plan g('cat')
Finish executing task 398 for agent 30 on time 1787689401.1191907 with plan ?s('scissors')==True{
Start executing task 398 for agent 30 on time 1787689401.1195111 with plan g('scissors')
Finish executing task 377 for agent 4 on time 1787689401.4104173 with plan g('scissors')
Start executing task 377 for agent 4 on time 1787689401.4107275 with plan }->False
Finish executing task 377 for agent 4 on time 1787689401.4110441 with plan }->False
Finish executing task 387 for agent 20 on time 1787689401.7240415 with plan mu(40);
Start executing task 387 for agent 20 on time 1787689401.7243443 with plan ?iv('book')==True{
Finish executing task 387 for agent 20 on time 1787689401.7256646 with plan ?iv('book')==True{
Start executing task 387 for agent 20 on time 1787689401.7258146 with plan tp()}
Finish executing task 387 for agent 20 on time 1787689401.7270799 with plan tp()}
Start executing task 387 for agent 20 on time 1787689401.7271972 with plan ->False
Finish executing task 387 for agent 20 on time 1787689401.727403 with plan ->False
Finish executing task 392 for agent 26 on time 1787689401.8776512 with plan mu(40);
Start executing task 392 for agent 26 on time 1787689401.8780031 with plan ?iv('book')==True{
Finish executing task 392 for agent 26 on time 1787689401.879334 with plan ?iv('book')==True{
Start executing task 392 for agent 26 on time 1787689401.8794832 with plan tp()}
Finish executing task 392 for agent 26 on time 1787689401.8807187 with plan tp()}
Start executing task 392 for agent 26 on time 1787689401.8808448 with plan ->False
Finish executing task 392 for agent 26 on time 1787689401.8810582 with plan ->False
Finish executing task 397 for agent 12 on time 1787689401.9926689 with plan mu(40);
Start executing task 397 for agent 12 on time 1787689401.992929 with plan ?iv('book')==True{
Finish executing task 397 for agent 12 on time 1787689401.9942174 with plan ?iv('book')==True{
Start executing task 397 for agent 12 on time 1787689401.9943447 with plan tp()}
Finish executing task 397 for agent 12 on time 1787689401.9955726 with plan tp()}
Start executing task 397 for agent 12 on time 1787689401.9956884 with plan ->False
Finish executing task 397 for agent 12 on time 1787689401.995914 with plan ->False
Finish executing task 395 for agent 15 on time 1787689402.0589485 with plan md(40);
Start executing task 395 for agent 15 on time 1787689402.059271 with plan ?iv('toy')==True{
Finish executing task 395 for agent 15 on time 1787689402.060596 with plan ?iv('toy')==True{
Start executing task 395 for agent 15 on time 1787689402.0607398 with plan g('toy')}
Finish executing task 396 for agent 38 on time 1787689402.0709617 with plan md(40);
Start executing task 396 for agent 38 on time 1787689402.0713143 with plan ?iv('toy')==True{
Finish executing task 396 for agent 38 on time 1787689402.072648 with plan ?iv('toy')==True{
Start executing task 396 for agent 38 on time 1787689402.0727942 with plan g('toy')}
Finish executing task 370 for agent 35 on time 1787689402.0830286 with plan tc(45)}
Start executing task 370 for agent 35 on time 1787689402.0833495 with plan ->False;
Finish executing task 370 for agent 35 on time 1787689402.0836308 with plan ->False;
Finish executing task 399 for agent 36 on time 1787689402.099822 with plan mu(40);
Start executing task 399 for agent 36 on time 1787689402.1002462 with plan ?iv('book')==True{
Finish executing task 399 for agent 36 on time 1787689402.1017158 with plan ?iv('book')==True{
Start executing task 399 for agent 36 on time 1787689402.1019692 with plan tp()}
Finish executing task 399 for agent 36 on time 1787689402.1033254 with plan tp()}
Start executing task 399 for agent 36 on time 1787689402.103532 with plan ->False
Finish executing task 399 for agent 36 on time 1787689402.103841 with plan ->False
Finish executing task 388 for agent 9 on time 1787689402.1812513 with plan ?iv('boy')==True{
Start executing task 388 for agent 9 on time 1787689402.1815689 with plan tc(45)}
Finish executing task 383 for agent 34 on time 1787689402.302103 with plan tc(45)}
Start executing task 383 for agent 34 on time 1787689402.3024065 with plan ->False;
Finish executing task 383 for agent 34 on time 1787689402.3026867 with plan ->False;
Finish executing task 374 for agent 22 on time 1787689402.6403377 with plan g('toy')}
Start executing task 374 for agent 22 on time 1787689402.640634 with plan ->False
Finish executing task 374 for agent 22 on time 1787689402.6409435 with plan ->False
Finish executing task 379 for agent 2 on time 1787689402.6744545 with plan g('toy')}
Start executing task 379 for agent 2 on time 1787689402.6747181 with plan ->False
Finish executing task 379 for agent 2 on time 1787689402.6749847 with plan ->False
Finish executing task 381 for agent 39 on time 1787689402.6865647 with plan g('toy')}
Start executing task 381 for agent 39 on time 1787689402.68687 with plan ->False
Finish executing task 381 for agent 39 on time 1787689402.6871421 with plan ->False
Finish executing task 391 for agent 41 on time 1787689403.0590403 with plan ?s('cat')==True{
Start executing task 391 for agent 41 on time 1787689403.0593545 with plan g('cat')
Finish executing task 400 for agent 37 on time 1787689403.3659801 with plan ?s('cat')==True{
Start executing task 400 for agent 37 on time 1787689403.3663177 with plan g('cat')
Finish executing task 394 for agent 17 on time 1787689403.474858 with plan g('scissors')
Start executing task 394 for agent 17 on time 1787689403.4751759 with plan }->False
Finish executing task 394 for agent 17 on time 1787689403.4754498 with plan }->False
Finish executing task 376 for agent 33 on time 1787689403.5453382 with plan g('cat')
Start executing task 376 for agent 33 on time 1787689403.545658 with plan };
Finish executing task 376 for agent 33 on time 1787689403.5459573 with plan };
Finish executing task 398 for agent 30 on time 1787689403.5811408 with plan g('scissors')
Start executing task 398 for agent 30 on time 1787689403.581457 with plan }->False
Finish executing task 398 for agent 30 on time 1787689403.5817351 with plan }->False
Finish executing task 388 for agent 9 on time 1787689404.1595914 with plan tc(45)}
Start executing task 388 for agent 9 on time 1787689404.1599355 with plan ->False;
Finish executing task 388 for agent 9 on time 1787689404.1602156 with plan ->False;
Finish executing task 395 for agent 15 on time 1787689404.767605 with plan g('toy')}
Start executing task 395 for agent 15 on time 1787689404.7679424 with plan ->False
Finish executing task 395 for agent 15 on time 1787689404.7682288 with plan ->False
Finish executing task 396 for agent 38 on time 1787689404.7796617 with plan g('toy')}
Start executing task 396 for agent 38 on time 1787689404.7800374 with plan ->False
Finish executing task 396 for agent 38 on time 1787689404.7803504 with plan ->False
Finish executing task 391 for agent 41 on time 1787689405.5209782 with plan g('cat')
Start executing task 391 for agent 41 on time 1787689405.5213163 with plan };
Finish executing task 391 for agent 41 on time 1787689405.521584 with plan };
Finish executing task 400 for agent 37 on time 1787689405.8279629 with plan g('cat')
Start executing task 400 for agent 37 on time 1787689405.8282933 with plan };
Finish executing task 400 for agent 37 on time 1787689405.828565 with plan };
Generating request from task 401, time: 1787689406.4131052
Generating request from task 402, time: 1787689406.4137187
Generating request from task 403, time: 1787689406.4145133
Generating request from task 404, time: 1787689406.4154723
Generating request from task 405, time: 1787689406.416438
Generating request from task 406, time: 1787689406.4174283
Generating request from task 407, time: 1787689406.4184244
Generating request from task 408, time: 1787689406.4194381
Generating request from task 409, time: 1787689406.4204266
Generating request from task 410, time: 1787689406.421412
Generating request from task 411, time: 1787689406.422413
Generating request from task 412, time: 1787689406.4234152
Generating request from task 413, time: 1787689406.4244096
Added task 401, time: 1787689406.4248383
Added task 403, time: 1787689406.4407983
Added task 405, time: 1787689406.455801
Added task 413, time: 1787689406.472088
Output for task 401: ?iv('boy')==True{, time: 1787689406.4790485
Start executing task 401 for agent 14 on time 1787689406.4804323 with plan ?iv('boy')==True{
Added task 401, time: 1787689406.4948354
Added task 402, time: 1787689406.5118032
Output for task 405: tc(30);, time: 1787689406.5119355
Start executing task 405 for agent 13 on time 1787689406.5132034 with plan tc(30);
Added task 405, time: 1787689406.5187929
Output for task 403: ?iv('boy')==True{, time: 1787689406.5189185
Start executing task 403 for agent 31 on time 1787689406.5201192 with plan ?iv('boy')==True{
Added task 403, time: 1787689406.5255551
Added task 404, time: 1787689406.5413349
Output for task 413: tc(30);, time: 1787689406.5414462
Start executing task 413 for agent 1 on time 1787689406.5427737 with plan tc(30);
Output for task 401: tc(45)}, time: 1787689406.558167
Added task 413, time: 1787689406.574768
Output for task 405: , time: 1787689406.5749257
Output for task 403: tc(45)}, time: 1787689406.5805404
Added task 401, time: 1787689406.6046023
Added task 406, time: 1787689406.626003
Output for task 402: ?s('scissors')==True{, time: 1787689406.626152
Output for task 413: , time: 1787689406.6271355
Start executing task 402 for agent 32 on time 1787689406.6275811 with plan ?s('scissors')==True{
Added task 407, time: 1787689406.644501
Added task 408, time: 1787689406.65986
Output for task 404: ?s('scissors')==True{, time: 1787689406.6599774
Start executing task 404 for agent 8 on time 1787689406.6611319 with plan ?s('scissors')==True{
Added task 409, time: 1787689406.6765392
Added task 410, time: 1787689406.692915
Added task 411, time: 1787689406.7067661
Added task 403, time: 1787689406.711802
Added task 412, time: 1787689406.7254553
Output for task 401: ->False;, time: 1787689406.7255516
Output for task 406: ?iv('keys'), time: 1787689406.7282736
Start executing task 406 for agent 28 on time 1787689406.7293284 with plan ?iv('keys')
Finish executing task 406 for agent 28 on time 1787689406.7308075 with plan ?iv('keys')
Added task 406, time: 1787689406.7349434
Added task 402, time: 1787689406.7383873
Added task 404, time: 1787689406.7411733
Output for task 407: ?iv('keys'), time: 1787689406.7412627
Start executing task 407 for agent 21 on time 1787689406.7423549 with plan ?iv('keys')
Finish executing task 407 for agent 21 on time 1787689406.743822 with plan ?iv('keys')
Added task 407, time: 1787689406.7463238
Output for task 408: ?iv('keys'), time: 1787689406.747089
Start executing task 408 for agent 16 on time 1787689406.7482367 with plan ?iv('keys')
Finish executing task 408 for agent 16 on time 1787689406.74971 with plan ?iv('keys')
Added task 408, time: 1787689406.7519367
Output for task 409: mu(40);, time: 1787689406.7526495
Start executing task 409 for agent 24 on time 1787689406.75368 with plan mu(40);
Added task 409, time: 1787689406.757485
Output for task 410: ?s('scissors')==True{, time: 1787689406.7740493
Output for task 403: ->False;, time: 1787689406.7747717
Start executing task 410 for agent 23 on time 1787689406.7751715 with plan ?s('scissors')==True{
Output for task 412: mu(40);, time: 1787689406.7771945
Start executing task 412 for agent 6 on time 1787689406.7782438 with plan mu(40);
Output for task 411: ?s('scissors')==True{, time: 1787689406.7933517
Start executing task 411 for agent 27 on time 1787689406.794481 with plan ?s('scissors')==True{
Output for task 406: &iv('wallet'), time: 1787689406.7964396
Output for task 402: g('scissors'), time: 1787689406.797212
Start executing task 406 for agent 28 on time 1787689406.7976358 with plan &iv('wallet')
Finish executing task 406 for agent 28 on time 1787689406.798973 with plan &iv('wallet')
Output for task 404: g('scissors'), time: 1787689406.7994869
Output for task 407: &iv('wallet'), time: 1787689406.8003523
Start executing task 407 for agent 21 on time 1787689406.8013442 with plan &iv('wallet')
Finish executing task 407 for agent 21 on time 1787689406.8026536 with plan &iv('wallet')
Output for task 408: &iv('wallet'), time: 1787689406.8121736
Start executing task 408 for agent 16 on time 1787689406.8132396 with plan &iv('wallet')
Finish executing task 408 for agent 16 on time 1787689406.814584 with plan &iv('wallet')
Added task 408, time: 1787689406.8301094
Added task 407, time: 1787689406.8408947
Added task 406, time: 1787689406.8507593
Output for task 409: ?iv('book')==True{, time: 1787689406.8509212
Added task 410, time: 1787689406.8608365
Added task 411, time: 1787689406.8720539
Added task 409, time: 1787689406.8826132
Added task 412, time: 1787689406.891928
Output for task 408: ->{l('Yes');, time: 1787689406.901953
Start executing task 408 for agent 16 on time 1787689406.9034922 with plan ->{l('Yes');
Finish executing task 408 for agent 16 on time 1787689406.904857 with plan ->{l('Yes');
Output for task 407: ->{l('Yes');, time: 1787689406.9162817
Start executing task 407 for agent 21 on time 1787689406.9178348 with plan ->{l('Yes');
Finish executing task 407 for agent 21 on time 1787689406.9191818 with plan ->{l('Yes');
Output for task 406: ->{l('Yes');, time: 1787689406.9212239
Output for task 409: tp()}, time: 1787689406.922325
Start executing task 406 for agent 28 on time 1787689406.922816 with plan ->{l('Yes');
Finish executing task 406 for agent 28 on time 1787689406.9241846 with plan ->{l('Yes');
Added task 406, time: 1787689406.9338677
Output for task 410: g('scissors'), time: 1787689406.934045
Added task 407, time: 1787689406.9456878
Output for task 411: g('scissors'), time: 1787689406.9458778
Added task 408, time: 1787689406.9565878
Added task 409, time: 1787689406.9656477
Added task 402, time: 1787689406.973454
Added task 404, time: 1787689406.984091
Output for task 412: ?iv('book')==True{, time: 1787689406.984264
Added task 412, time: 1787689406.9946866
Added task 410, time: 1787689407.0034127
Output for task 409: ->False, time: 1787689407.017095
Output for task 406: ->True}l('No');, time: 1787689407.0249891
Output for task 402: }->False, time: 1787689407.0261514
Start executing task 406 for agent 28 on time 1787689407.0267167 with plan ->True}l('No');
Finish executing task 406 for agent 28 on time 1787689407.0281162 with plan ->True}l('No');
Output for task 407: ->True}l('No');, time: 1787689407.0307026
Output for task 404: }->False, time: 1787689407.031723
Output for task 412: tp()}, time: 1787689407.0319757
Start executing task 407 for agent 21 on time 1787689407.0322602 with plan ->True}l('No');
Finish executing task 407 for agent 21 on time 1787689407.0336168 with plan ->True}l('No');
Output for task 408: ->True}l('No');, time: 1787689407.0336223
Start executing task 408 for agent 16 on time 1787689407.0350904 with plan ->True}l('No');
Finish executing task 408 for agent 16 on time 1787689407.036525 with plan ->True}l('No');
Added task 408, time: 1787689407.0449605
Output for task 410: }->False, time: 1787689407.0451176
Added task 407, time: 1787689407.0520604
Added task 406, time: 1787689407.0580244
Added task 412, time: 1787689407.0752602
Added task 411, time: 1787689407.0827444
Output for task 408: ->False, time: 1787689407.0872443
Output for task 407: ->False, time: 1787689407.0879633
Start executing task 407 for agent 21 on time 1787689407.088678 with plan ->False
Finish executing task 407 for agent 21 on time 1787689407.0890226 with plan ->False
Start executing task 408 for agent 16 on time 1787689407.0892067 with plan ->False
Finish executing task 408 for agent 16 on time 1787689407.0895216 with plan ->False
Output for task 406: ->False, time: 1787689407.0978436
Output for task 412: ->False, time: 1787689407.1029391
Start executing task 406 for agent 28 on time 1787689407.1061237 with plan ->False
Finish executing task 406 for agent 28 on time 1787689407.1064303 with plan ->False
Output for task 411: }->False, time: 1787689407.109046
Finish executing task 402 for agent 32 on time 1787689408.1841567 with plan ?s('scissors')==True{
Start executing task 402 for agent 32 on time 1787689408.184523 with plan g('scissors')
Finish executing task 404 for agent 8 on time 1787689408.2176976 with plan ?s('scissors')==True{
Start executing task 404 for agent 8 on time 1787689408.2178864 with plan g('scissors')
Finish executing task 410 for agent 23 on time 1787689408.331972 with plan ?s('scissors')==True{
Start executing task 410 for agent 23 on time 1787689408.332325 with plan g('scissors')
Finish executing task 411 for agent 27 on time 1787689408.3512273 with plan ?s('scissors')==True{
Start executing task 411 for agent 27 on time 1787689408.3515167 with plan g('scissors')
Finish executing task 405 for agent 13 on time 1787689409.1002934 with plan tc(30);
Start executing task 405 for agent 13 on time 1787689409.1006243 with plan 
Finish executing task 405 for agent 13 on time 1787689409.100841 with plan 
Finish executing task 413 for agent 1 on time 1787689409.1298501 with plan tc(30);
Start executing task 413 for agent 1 on time 1787689409.130183 with plan 
Finish executing task 413 for agent 1 on time 1787689409.130434 with plan 
Finish executing task 409 for agent 24 on time 1787689409.2536755 with plan mu(40);
Start executing task 409 for agent 24 on time 1787689409.2540276 with plan ?iv('book')==True{
Finish executing task 409 for agent 24 on time 1787689409.255351 with plan ?iv('book')==True{
Start executing task 409 for agent 24 on time 1787689409.2554924 with plan tp()}
Finish executing task 409 for agent 24 on time 1787689409.2567208 with plan tp()}
Start executing task 409 for agent 24 on time 1787689409.2568376 with plan ->False
Finish executing task 409 for agent 24 on time 1787689409.2570524 with plan ->False
Finish executing task 412 for agent 6 on time 1787689409.278163 with plan mu(40);
Start executing task 412 for agent 6 on time 1787689409.27828 with plan ?iv('book')==True{
Finish executing task 412 for agent 6 on time 1787689409.279524 with plan ?iv('book')==True{
Start executing task 412 for agent 6 on time 1787689409.2796237 with plan tp()}
Finish executing task 412 for agent 6 on time 1787689409.28084 with plan tp()}
Start executing task 412 for agent 6 on time 1787689409.28095 with plan ->False
Finish executing task 412 for agent 6 on time 1787689409.2811534 with plan ->False
Finish executing task 401 for agent 14 on time 1787689409.4809644 with plan ?iv('boy')==True{
Start executing task 401 for agent 14 on time 1787689409.4812627 with plan tc(45)}
Finish executing task 403 for agent 31 on time 1787689409.520492 with plan ?iv('boy')==True{
Start executing task 403 for agent 31 on time 1787689409.5207772 with plan tc(45)}
Finish executing task 402 for agent 32 on time 1787689410.6461706 with plan g('scissors')
Start executing task 402 for agent 32 on time 1787689410.6465096 with plan }->False
Finish executing task 402 for agent 32 on time 1787689410.6468565 with plan }->False
Finish executing task 404 for agent 8 on time 1787689410.6794615 with plan g('scissors')
Start executing task 404 for agent 8 on time 1787689410.6796408 with plan }->False
Finish executing task 404 for agent 8 on time 1787689410.6798387 with plan }->False
Finish executing task 410 for agent 23 on time 1787689410.7939644 with plan g('scissors')
Start executing task 410 for agent 23 on time 1787689410.79429 with plan }->False
Finish executing task 410 for agent 23 on time 1787689410.794578 with plan }->False
Finish executing task 411 for agent 27 on time 1787689410.8131654 with plan g('scissors')
Start executing task 411 for agent 27 on time 1787689410.813485 with plan }->False
Finish executing task 411 for agent 27 on time 1787689410.813767 with plan }->False
Finish executing task 401 for agent 14 on time 1787689411.4592814 with plan tc(45)}
Start executing task 401 for agent 14 on time 1787689411.4596019 with plan ->False;
Finish executing task 401 for agent 14 on time 1787689411.4599066 with plan ->False;
Finish executing task 403 for agent 31 on time 1787689411.49884 with plan tc(45)}
Start executing task 403 for agent 31 on time 1787689411.4991908 with plan ->False;
Finish executing task 403 for agent 31 on time 1787689411.4995835 with plan ->False;
Generating request from task 414, time: 1787689413.0771408
Generating request from task 415, time: 1787689413.0777273
Generating request from task 416, time: 1787689413.0785918
Generating request from task 417, time: 1787689413.0795336
Generating request from task 418, time: 1787689413.080498
Generating request from task 419, time: 1787689413.0815065
Generating request from task 420, time: 1787689413.0824904
Generating request from task 421, time: 1787689413.0834947
Generating request from task 422, time: 1787689413.0844803
Generating request from task 423, time: 1787689413.0854871
Generating request from task 424, time: 1787689413.086484
Added task 415, time: 1787689413.0956767
Added task 421, time: 1787689413.1155922
Added task 422, time: 1787689413.1320112
Added task 424, time: 1787689413.1496232
Output for task 415: tc(30);, time: 1787689413.150517
Start executing task 415 for agent 5 on time 1787689413.1519227 with plan tc(30);
Added task 415, time: 1787689413.1675773
Output for task 415: , time: 1787689413.19979
Output for task 424: tc(30);, time: 1787689413.2113574
Start executing task 424 for agent 7 on time 1787689413.213255 with plan tc(30);
Output for task 421: ?iv('boy')==True{, time: 1787689413.2181766
Start executing task 421 for agent 40 on time 1787689413.2199378 with plan ?iv('boy')==True{
Added task 421, time: 1787689413.2330787
Output for task 422: ?iv('boy')==True{, time: 1787689413.2332573
Start executing task 422 for agent 3 on time 1787689413.2350066 with plan ?iv('boy')==True{
Added task 422, time: 1787689413.2425418
Added task 424, time: 1787689413.249667
Added task 414, time: 1787689413.2689486
Added task 416, time: 1787689413.287871
Output for task 421: tc(45)}, time: 1787689413.2918177
Output for task 424: , time: 1787689413.2927842
Output for task 422: tc(45)}, time: 1787689413.303839
Added task 417, time: 1787689413.3232248
Added task 418, time: 1787689413.3399174
Output for task 414: md(40);, time: 1787689413.3400466
Start executing task 414 for agent 10 on time 1787689413.3414795 with plan md(40);
Added task 419, time: 1787689413.3565028
Added task 420, time: 1787689413.3718982
Added task 423, time: 1787689413.385569
Added task 421, time: 1787689413.3926668
Output for task 416: ?s('cat')==True{, time: 1787689413.392773
Start executing task 416 for agent 0 on time 1787689413.3940394 with plan ?s('cat')==True{
Output for task 417: ?iv('keys'), time: 1787689413.3964605
Start executing task 417 for agent 4 on time 1787689413.3977978 with plan ?iv('keys')
Finish executing task 417 for agent 4 on time 1787689413.3992977 with plan ?iv('keys')
Added task 417, time: 1787689413.4049933
Added task 422, time: 1787689413.4099598
Output for task 418: md(40);, time: 1787689413.4100633
Start executing task 418 for agent 18 on time 1787689413.4112735 with plan md(40);
Added task 416, time: 1787689413.4155467
Added task 414, time: 1787689413.4213557
Added task 418, time: 1787689413.4263527
Output for task 419: ?iv('keys'), time: 1787689413.426457
Start executing task 419 for agent 19 on time 1787689413.427684 with plan ?iv('keys')
Finish executing task 419 for agent 19 on time 1787689413.4291084 with plan ?iv('keys')
Added task 419, time: 1787689413.4318414
Generating request from task 425, time: 1787689413.4602635
Generating request from task 426, time: 1787689413.460806
Generating request from task 427, time: 1787689413.4617975
Generating request from task 428, time: 1787689413.4627712
Output for task 420: ?iv('keys'), time: 1787689413.4634643
Generating request from task 429, time: 1787689413.4638789
Generating request from task 430, time: 1787689413.4648125
Start executing task 420 for agent 29 on time 1787689413.4648356 with plan ?iv('keys')
Generating request from task 431, time: 1787689413.4657733
Finish executing task 420 for agent 29 on time 1787689413.4662926 with plan ?iv('keys')
Generating request from task 432, time: 1787689413.4667494
Output for task 421: ->False;, time: 1787689413.4670374
Generating request from task 433, time: 1787689413.4677444
Output for task 423: ?s('cat')==True{, time: 1787689413.4689438
Output for task 422: ->False;, time: 1787689413.4696913
Start executing task 423 for agent 25 on time 1787689413.4702375 with plan ?s('cat')==True{
Output for task 417: &iv('wallet'), time: 1787689413.4770935
Output for task 416: g('cat'), time: 1787689413.4779906
Start executing task 417 for agent 4 on time 1787689413.478564 with plan &iv('wallet')
Finish executing task 417 for agent 4 on time 1787689413.4798396 with plan &iv('wallet')
Output for task 414: ?iv('toy')==True{, time: 1787689413.4941595
Output for task 418: ?iv('toy')==True{, time: 1787689413.5009131
Output for task 419: &iv('wallet'), time: 1787689413.5018048
Start executing task 419 for agent 19 on time 1787689413.5030444 with plan &iv('wallet')
Finish executing task 419 for agent 19 on time 1787689413.5043445 with plan &iv('wallet')
Added task 431, time: 1787689413.5326827
Added task 419, time: 1787689413.5474472
Added task 417, time: 1787689413.5615764
Added task 420, time: 1787689413.5742323
Added task 425, time: 1787689413.6019104
Added task 426, time: 1787689413.6227934
Added task 427, time: 1787689413.642213
Added task 428, time: 1787689413.6630585
Output for task 431: tc(45);, time: 1787689413.663179
Start executing task 431 for agent 34 on time 1787689413.6646018 with plan tc(45);
Added task 429, time: 1787689413.6841779
Added task 430, time: 1787689413.7012153
Added task 432, time: 1787689413.7195618
Output for task 419: ->{l('Yes');, time: 1787689413.7201672
Output for task 417: ->{l('Yes');, time: 1787689413.72134
Start executing task 419 for agent 19 on time 1787689413.7213967 with plan ->{l('Yes');
Start executing task 417 for agent 4 on time 1787689413.7225049 with plan ->{l('Yes');
Finish executing task 419 for agent 19 on time 1787689413.7227676 with plan ->{l('Yes');
Finish executing task 417 for agent 4 on time 1787689413.7238135 with plan ->{l('Yes');
Output for task 420: &iv('wallet'), time: 1787689413.7246006
Start executing task 420 for agent 29 on time 1787689413.7258403 with plan &iv('wallet')
Finish executing task 420 for agent 29 on time 1787689413.7272606 with plan &iv('wallet')
Added task 420, time: 1787689413.7354238
Added task 417, time: 1787689413.7447982
Added task 419, time: 1787689413.7534616
Output for task 425: md(40);, time: 1787689413.7535813
Start executing task 425 for agent 11 on time 1787689413.755022 with plan md(40);
Added task 433, time: 1787689413.7742708
Added task 431, time: 1787689413.7822168
Added task 423, time: 1787689413.7891397
Added task 414, time: 1787689413.7976954
Output for task 426: md(40);, time: 1787689413.7978053
Start executing task 426 for agent 20 on time 1787689413.7990134 with plan md(40);
Added task 418, time: 1787689413.8066316
Added task 425, time: 1787689413.8117318
Added task 426, time: 1787689413.81582
Added task 416, time: 1787689413.8214264
Output for task 427: ?iv('keys'), time: 1787689413.8215535
Start executing task 427 for agent 26 on time 1787689413.8229954 with plan ?iv('keys')
Finish executing task 427 for agent 26 on time 1787689413.8244712 with plan ?iv('keys')
Added task 427, time: 1787689413.8280213
Output for task 428: ?iv('keys'), time: 1787689413.8281317
Start executing task 428 for agent 12 on time 1787689413.8293188 with plan ?iv('keys')
Finish executing task 428 for agent 12 on time 1787689413.830758 with plan ?iv('keys')
Added task 428, time: 1787689413.8316915
Output for task 429: ?iv('keys'), time: 1787689413.835279
Output for task 430: md(40);, time: 1787689413.8360388
Start executing task 429 for agent 36 on time 1787689413.8365417 with plan ?iv('keys')
Start executing task 430 for agent 35 on time 1787689413.837533 with plan md(40);
Finish executing task 429 for agent 36 on time 1787689413.8381128 with plan ?iv('keys')
Added task 429, time: 1787689413.8426473
Added task 430, time: 1787689413.8475456
Output for task 420: ->{l('Yes');, time: 1787689413.8493068
Start executing task 420 for agent 29 on time 1787689413.8504913 with plan ->{l('Yes');
Finish executing task 420 for agent 29 on time 1787689413.8519015 with plan ->{l('Yes');
Added task 420, time: 1787689413.8528404
Output for task 432: ?s('scissors')==True{, time: 1787689413.8529382
Start executing task 432 for agent 22 on time 1787689413.8541238 with plan ?s('scissors')==True{
Added task 432, time: 1787689413.8562214
Output for task 417: ->True}l('No');, time: 1787689413.8590956
Start executing task 417 for agent 4 on time 1787689413.8602765 with plan ->True}l('No');
Finish executing task 417 for agent 4 on time 1787689413.8616605 with plan ->True}l('No');
Output for task 431: , time: 1787689413.8871212
Output for task 419: ->True}l('No');, time: 1787689413.8973842
Start executing task 419 for agent 19 on time 1787689413.8987055 with plan ->True}l('No');
Finish executing task 419 for agent 19 on time 1787689413.900081 with plan ->True}l('No');
Added task 419, time: 1787689413.90462
Output for task 433: md(40);, time: 1787689413.904732
Start executing task 433 for agent 2 on time 1787689413.9059215 with plan md(40);
Added task 417, time: 1787689413.909946
Output for task 423: g('cat'), time: 1787689413.9100566
Output for task 414: g('toy')}, time: 1787689413.910785
Output for task 418: g('toy')}, time: 1787689413.9114501
Output for task 416: };, time: 1787689413.912104
Added task 433, time: 1787689413.9185443
Added task 423, time: 1787689413.9372756
Output for task 425: ?iv('toy')==True{, time: 1787689413.9485993
Output for task 426: ?iv('toy')==True{, time: 1787689413.9495244
Output for task 427: &iv('wallet'), time: 1787689413.9514103
Output for task 428: &iv('wallet'), time: 1787689413.9521363
Start executing task 427 for agent 26 on time 1787689413.952564 with plan &iv('wallet')
Start executing task 428 for agent 12 on time 1787689413.953426 with plan &iv('wallet')
Finish executing task 427 for agent 26 on time 1787689413.9540567 with plan &iv('wallet')
Finish executing task 428 for agent 12 on time 1787689413.9548078 with plan &iv('wallet')
Added task 428, time: 1787689413.9650156
Output for task 429: &iv('wallet'), time: 1787689413.9651456
Start executing task 429 for agent 36 on time 1787689413.9657886 with plan &iv('wallet')
Output for task 432: g('scissors'), time: 1787689413.966112
Finish executing task 429 for agent 36 on time 1787689413.967132 with plan &iv('wallet')
Output for task 430: ?iv('toy')==True{, time: 1787689413.9907506
Output for task 420: ->True}l('No');, time: 1787689413.9917493
Start executing task 420 for agent 29 on time 1787689413.9931834 with plan ->True}l('No');
Finish executing task 420 for agent 29 on time 1787689413.99457 with plan ->True}l('No');
Output for task 423: };, time: 1787689413.9958172
Output for task 419: ->False, time: 1787689413.9965353
Output for task 417: ->False, time: 1787689413.9966574
Start executing task 419 for agent 19 on time 1787689413.9980607 with plan ->False
Finish executing task 419 for agent 19 on time 1787689413.9983938 with plan ->False
Start executing task 417 for agent 4 on time 1787689413.998537 with plan ->False
Finish executing task 417 for agent 4 on time 1787689413.998806 with plan ->False
Added task 420, time: 1787689414.0092587
Added task 429, time: 1787689414.0205488
Added task 427, time: 1787689414.0317206
Output for task 428: ->{l('Yes');, time: 1787689414.031891
Start executing task 428 for agent 12 on time 1787689414.033261 with plan ->{l('Yes');
Finish executing task 428 for agent 12 on time 1787689414.0345988 with plan ->{l('Yes');
Added task 428, time: 1787689414.043736
Output for task 433: ?iv('toy')==True{, time: 1787689414.0439577
Added task 425, time: 1787689414.0550013
Added task 426, time: 1787689414.0675623
Added task 430, time: 1787689414.0793355
Added task 433, time: 1787689414.0898013
Output for task 420: ->False, time: 1787689414.089964
Output for task 429: ->{l('Yes');, time: 1787689414.0976772
Start executing task 429 for agent 36 on time 1787689414.0991564 with plan ->{l('Yes');
Finish executing task 429 for agent 36 on time 1787689414.1004543 with plan ->{l('Yes');
Output for task 427: ->{l('Yes');, time: 1787689414.1019924
Start executing task 427 for agent 26 on time 1787689414.103384 with plan ->{l('Yes');
Output for task 425: g('toy')}, time: 1787689414.103453
Start executing task 420 for agent 29 on time 1787689414.1036692 with plan ->False
Finish executing task 420 for agent 29 on time 1787689414.104044 with plan ->False
Finish executing task 427 for agent 26 on time 1787689414.1047268 with plan ->{l('Yes');
Output for task 428: ->True}l('No');, time: 1787689414.1081278
Output for task 426: g('toy')}, time: 1787689414.109034
Start executing task 428 for agent 12 on time 1787689414.109397 with plan ->True}l('No');
Finish executing task 428 for agent 12 on time 1787689414.1107128 with plan ->True}l('No');
Added task 428, time: 1787689414.1236582
Added task 427, time: 1787689414.1340728
Output for task 430: g('toy')}, time: 1787689414.134213
Added task 429, time: 1787689414.1447482
Added task 432, time: 1787689414.1538537
Output for task 433: g('toy')}, time: 1787689414.1539927
Added task 414, time: 1787689414.1631937
Added task 418, time: 1787689414.1739743
Added task 425, time: 1787689414.1835597
Added task 426, time: 1787689414.1921546
Output for task 428: ->False, time: 1787689414.1923108
Output for task 432: }->False, time: 1787689414.2017832
Start executing task 428 for agent 12 on time 1787689414.2050385 with plan ->False
Finish executing task 428 for agent 12 on time 1787689414.2052922 with plan ->False
Output for task 414: ->False, time: 1787689414.2076726
Output for task 427: ->True}l('No');, time: 1787689414.2110786
Output for task 418: ->False, time: 1787689414.211984
Start executing task 427 for agent 26 on time 1787689414.2123988 with plan ->True}l('No');
Finish executing task 427 for agent 26 on time 1787689414.2137194 with plan ->True}l('No');
Output for task 429: ->True}l('No');, time: 1787689414.214176
Output for task 425: ->False, time: 1787689414.2149587
Start executing task 429 for agent 36 on time 1787689414.2154243 with plan ->True}l('No');
Finish executing task 429 for agent 36 on time 1787689414.216789 with plan ->True}l('No');
Added task 429, time: 1787689414.2265737
Output for task 426: ->False, time: 1787689414.2267134
Added task 427, time: 1787689414.2320774
Added task 430, time: 1787689414.236137
Added task 433, time: 1787689414.2555327
Output for task 429: ->False, time: 1787689414.2633922
Start executing task 429 for agent 36 on time 1787689414.263917 with plan ->False
Finish executing task 429 for agent 36 on time 1787689414.2641864 with plan ->False
Output for task 427: ->False, time: 1787689414.2661488
Output for task 430: ->False, time: 1787689414.266297
Start executing task 427 for agent 26 on time 1787689414.266839 with plan ->False
Finish executing task 427 for agent 26 on time 1787689414.26711 with plan ->False
Output for task 433: ->False, time: 1787689414.2832294
Generating request from task 434, time: 1787689414.816166
Generating request from task 435, time: 1787689414.8167715
Generating request from task 436, time: 1787689414.8175948
Generating request from task 437, time: 1787689414.8185594
Generating request from task 438, time: 1787689414.8195407
Generating request from task 439, time: 1787689414.8205912
Generating request from task 440, time: 1787689414.8215637
Generating request from task 441, time: 1787689414.8225513
Generating request from task 442, time: 1787689414.8235297
Added task 434, time: 1787689414.8325536
Added task 438, time: 1787689414.851097
Added task 439, time: 1787689414.8671744
Added task 440, time: 1787689414.8833632
Added task 435, time: 1787689414.8967385
Added task 436, time: 1787689414.9080575
Added task 437, time: 1787689414.9205985
Output for task 434: md(40);, time: 1787689414.9206967
Start executing task 434 for agent 39 on time 1787689414.9218488 with plan md(40);
Output for task 438: ?iv('boy')==True{, time: 1787689414.9513717
Output for task 439: tc(30);, time: 1787689414.9522197
Start executing task 438 for agent 15 on time 1787689414.9528177 with plan ?iv('boy')==True{
Start executing task 439 for agent 38 on time 1787689414.9533844 with plan tc(30);
Added task 438, time: 1787689414.9597404
Added task 439, time: 1787689414.968462
Output for task 435: mu(40);, time: 1787689414.9685912
Start executing task 435 for agent 17 on time 1787689414.9699 with plan mu(40);
Added task 441, time: 1787689414.984868
Output for task 436: md(40);, time: 1787689414.9849892
Start executing task 436 for agent 30 on time 1787689414.9862437 with plan md(40);
Added task 442, time: 1787689415.001117
Output for task 440: ?iv('boy')==True{, time: 1787689415.0012252
Output for task 437: ?iv('keys'), time: 1787689415.0020282
Start executing task 440 for agent 33 on time 1787689415.0026202 with plan ?iv('boy')==True{
Start executing task 437 for agent 9 on time 1787689415.0031826 with plan ?iv('keys')
Finish executing task 437 for agent 9 on time 1787689415.0046268 with plan ?iv('keys')
Added task 440, time: 1787689415.0122125
Output for task 439: , time: 1787689415.0126934
Output for task 438: tc(45)}, time: 1787689415.0230978
Added task 437, time: 1787689415.0362587
Output for task 442: md(40);, time: 1787689415.0401008
Start executing task 442 for agent 37 on time 1787689415.04144 with plan md(40);
Output for task 441: ?s('cat')==True{, time: 1787689415.0500937
Output for task 440: tc(45)}, time: 1787689415.0509334
Start executing task 441 for agent 41 on time 1787689415.0513766 with plan ?s('cat')==True{
Added task 438, time: 1787689415.0652573
Output for task 437: &iv('wallet'), time: 1787689415.0824366
Start executing task 437 for agent 9 on time 1787689415.0840096 with plan &iv('wallet')
Finish executing task 437 for agent 9 on time 1787689415.0853527 with plan &iv('wallet')
Added task 437, time: 1787689415.0992303
Added task 440, time: 1787689415.1098073
Added task 441, time: 1787689415.1188855
Added task 434, time: 1787689415.1264873
Output for task 438: ->False;, time: 1787689415.1266532
Added task 435, time: 1787689415.1328118
Added task 436, time: 1787689415.1416
Output for task 437: ->{l('Yes');, time: 1787689415.1850724
Output for task 440: ->False;, time: 1787689415.186282
Start executing task 437 for agent 9 on time 1787689415.1867888 with plan ->{l('Yes');
Finish executing task 437 for agent 9 on time 1787689415.188263 with plan ->{l('Yes');
Added task 437, time: 1787689415.1924844
Output for task 441: g('cat'), time: 1787689415.1926477
Added task 442, time: 1787689415.199029
Added task 441, time: 1787689415.2030916
Output for task 434: ?iv('toy')==True{, time: 1787689415.2147977
Added task 434, time: 1787689415.2390106
Output for task 435: ?iv('book')==True{, time: 1787689415.2391822
Output for task 436: ?iv('toy')==True{, time: 1787689415.2402034
Output for task 441: };, time: 1787689415.2489226
Output for task 437: ->True}l('No');, time: 1787689415.2646182
Start executing task 437 for agent 9 on time 1787689415.2662332 with plan ->True}l('No');
Finish executing task 437 for agent 9 on time 1787689415.267595 with plan ->True}l('No');
Added task 437, time: 1787689415.2779875
Output for task 442: ?iv('toy')==True{, time: 1787689415.2781634
Added task 435, time: 1787689415.2858
Output for task 434: g('toy')}, time: 1787689415.2859776
Added task 436, time: 1787689415.2930264
Added task 442, time: 1787689415.3038619
Added task 434, time: 1787689415.3185625
Output for task 437: ->False, time: 1787689415.3377652
Output for task 435: tp()}, time: 1787689415.3379953
Start executing task 437 for agent 9 on time 1787689415.340015 with plan ->False
Finish executing task 437 for agent 9 on time 1787689415.3402948 with plan ->False
Added task 435, time: 1787689415.3465126
Output for task 436: g('toy')}, time: 1787689415.3478558
Added task 436, time: 1787689415.3537557
Output for task 442: g('toy')}, time: 1787689415.353928
Output for task 434: ->False, time: 1787689415.3549597
Added task 442, time: 1787689415.3639076
Output for task 435: ->False, time: 1787689415.3877382
Output for task 436: ->False, time: 1787689415.388839
Output for task 442: ->False, time: 1787689415.394443
Finish executing task 432 for agent 22 on time 1787689415.4109151 with plan ?s('scissors')==True{
Start executing task 432 for agent 22 on time 1787689415.4112172 with plan g('scissors')
Finish executing task 415 for agent 5 on time 1787689415.7390485 with plan tc(30);
Start executing task 415 for agent 5 on time 1787689415.7393806 with plan 
Finish executing task 415 for agent 5 on time 1787689415.7396333 with plan 
Finish executing task 431 for agent 34 on time 1787689415.7737203 with plan tc(45);
Start executing task 431 for agent 34 on time 1787689415.7740722 with plan 
Finish executing task 431 for agent 34 on time 1787689415.7743278 with plan 
Finish executing task 424 for agent 7 on time 1787689415.8003678 with plan tc(30);
Start executing task 424 for agent 7 on time 1787689415.8006973 with plan 
Finish executing task 424 for agent 7 on time 1787689415.8009584 with plan 
Finish executing task 414 for agent 10 on time 1787689415.936393 with plan md(40);
Start executing task 414 for agent 10 on time 1787689415.9367123 with plan ?iv('toy')==True{
Finish executing task 414 for agent 10 on time 1787689415.9380612 with plan ?iv('toy')==True{
Start executing task 414 for agent 10 on time 1787689415.9382038 with plan g('toy')}
Finish executing task 418 for agent 18 on time 1787689416.006152 with plan md(40);
Start executing task 418 for agent 18 on time 1787689416.0064058 with plan ?iv('toy')==True{
Finish executing task 418 for agent 18 on time 1787689416.007718 with plan ?iv('toy')==True{
Start executing task 418 for agent 18 on time 1787689416.0078897 with plan g('toy')}
Finish executing task 421 for agent 40 on time 1787689416.220439 with plan ?iv('boy')==True{
Start executing task 421 for agent 40 on time 1787689416.2207594 with plan tc(45)}
Finish executing task 422 for agent 3 on time 1787689416.2354972 with plan ?iv('boy')==True{
Start executing task 422 for agent 3 on time 1787689416.2358508 with plan tc(45)}
Finish executing task 425 for agent 11 on time 1787689416.3499057 with plan md(40);
Start executing task 425 for agent 11 on time 1787689416.3502216 with plan ?iv('toy')==True{
Finish executing task 425 for agent 11 on time 1787689416.3515463 with plan ?iv('toy')==True{
Start executing task 425 for agent 11 on time 1787689416.351721 with plan g('toy')}
Finish executing task 426 for agent 20 on time 1787689416.3938918 with plan md(40);
Start executing task 426 for agent 20 on time 1787689416.3941965 with plan ?iv('toy')==True{
Finish executing task 426 for agent 20 on time 1787689416.3955195 with plan ?iv('toy')==True{
Start executing task 426 for agent 20 on time 1787689416.3956614 with plan g('toy')}
Finish executing task 430 for agent 35 on time 1787689416.4324307 with plan md(40);
Start executing task 430 for agent 35 on time 1787689416.4327347 with plan ?iv('toy')==True{
Finish executing task 430 for agent 35 on time 1787689416.4340734 with plan ?iv('toy')==True{
Start executing task 430 for agent 35 on time 1787689416.4342515 with plan g('toy')}
Finish executing task 433 for agent 2 on time 1787689416.500662 with plan md(40);
Start executing task 433 for agent 2 on time 1787689416.5009873 with plan ?iv('toy')==True{
Finish executing task 433 for agent 2 on time 1787689416.5023146 with plan ?iv('toy')==True{
Start executing task 433 for agent 2 on time 1787689416.5024571 with plan g('toy')}
Finish executing task 416 for agent 0 on time 1787689417.1077063 with plan ?s('cat')==True{
Start executing task 416 for agent 0 on time 1787689417.1080732 with plan g('cat')
Finish executing task 423 for agent 25 on time 1787689417.1839397 with plan ?s('cat')==True{
Start executing task 423 for agent 25 on time 1787689417.184275 with plan g('cat')
Finish executing task 435 for agent 17 on time 1787689417.4698606 with plan mu(40);
Start executing task 435 for agent 17 on time 1787689417.4702425 with plan ?iv('book')==True{
Finish executing task 435 for agent 17 on time 1787689417.4716992 with plan ?iv('book')==True{
Start executing task 435 for agent 17 on time 1787689417.4719539 with plan tp()}
Finish executing task 435 for agent 17 on time 1787689417.4733112 with plan tp()}
Start executing task 435 for agent 17 on time 1787689417.473506 with plan ->False
Finish executing task 435 for agent 17 on time 1787689417.4738443 with plan ->False
Finish executing task 434 for agent 39 on time 1787689417.5167656 with plan md(40);
Start executing task 434 for agent 39 on time 1787689417.5170999 with plan ?iv('toy')==True{
Finish executing task 434 for agent 39 on time 1787689417.518431 with plan ?iv('toy')==True{
Start executing task 434 for agent 39 on time 1787689417.5186026 with plan g('toy')}
Finish executing task 439 for agent 38 on time 1787689417.540458 with plan tc(30);
Start executing task 439 for agent 38 on time 1787689417.5407743 with plan 
Finish executing task 439 for agent 38 on time 1787689417.541043 with plan 
Finish executing task 436 for agent 30 on time 1787689417.5811298 with plan md(40);
Start executing task 436 for agent 30 on time 1787689417.5814476 with plan ?iv('toy')==True{
Finish executing task 436 for agent 30 on time 1787689417.58278 with plan ?iv('toy')==True{
Start executing task 436 for agent 30 on time 1787689417.582959 with plan g('toy')}
Finish executing task 442 for agent 37 on time 1787689417.6363516 with plan md(40);
Start executing task 442 for agent 37 on time 1787689417.6366751 with plan ?iv('toy')==True{
Finish executing task 442 for agent 37 on time 1787689417.638046 with plan ?iv('toy')==True{
Start executing task 442 for agent 37 on time 1787689417.6382034 with plan g('toy')}
Finish executing task 432 for agent 22 on time 1787689417.872851 with plan g('scissors')
Start executing task 432 for agent 22 on time 1787689417.8731694 with plan }->False
Finish executing task 432 for agent 22 on time 1787689417.8734543 with plan }->False
Finish executing task 438 for agent 15 on time 1787689417.9533696 with plan ?iv('boy')==True{
Start executing task 438 for agent 15 on time 1787689417.9536965 with plan tc(45)}
Finish executing task 440 for agent 33 on time 1787689418.0031178 with plan ?iv('boy')==True{
Start executing task 440 for agent 33 on time 1787689418.0034425 with plan tc(45)}
Finish executing task 421 for agent 40 on time 1787689418.1988242 with plan tc(45)}
Start executing task 421 for agent 40 on time 1787689418.1991742 with plan ->False;
Finish executing task 421 for agent 40 on time 1787689418.19946 with plan ->False;
Finish executing task 422 for agent 3 on time 1787689418.2138894 with plan tc(45)}
Start executing task 422 for agent 3 on time 1787689418.2142317 with plan ->False;
Finish executing task 422 for agent 3 on time 1787689418.2145648 with plan ->False;
Finish executing task 414 for agent 10 on time 1787689418.6450593 with plan g('toy')}
Start executing task 414 for agent 10 on time 1787689418.6454003 with plan ->False
Finish executing task 414 for agent 10 on time 1787689418.6456876 with plan ->False
Finish executing task 418 for agent 18 on time 1787689418.7147667 with plan g('toy')}
Start executing task 418 for agent 18 on time 1787689418.715192 with plan ->False
Finish executing task 418 for agent 18 on time 1787689418.7154875 with plan ->False
Finish executing task 441 for agent 41 on time 1787689418.7650087 with plan ?s('cat')==True{
Start executing task 441 for agent 41 on time 1787689418.7653227 with plan g('cat')
Finish executing task 425 for agent 11 on time 1787689419.0586164 with plan g('toy')}
Start executing task 425 for agent 11 on time 1787689419.0589848 with plan ->False
Finish executing task 425 for agent 11 on time 1787689419.0592666 with plan ->False
Finish executing task 426 for agent 20 on time 1787689419.1025317 with plan g('toy')}
Start executing task 426 for agent 20 on time 1787689419.102851 with plan ->False
Finish executing task 426 for agent 20 on time 1787689419.103206 with plan ->False
Finish executing task 430 for agent 35 on time 1787689419.141113 with plan g('toy')}
Start executing task 430 for agent 35 on time 1787689419.1414099 with plan ->False
Finish executing task 430 for agent 35 on time 1787689419.1416879 with plan ->False
Finish executing task 433 for agent 2 on time 1787689419.2093043 with plan g('toy')}
Start executing task 433 for agent 2 on time 1787689419.2095962 with plan ->False
Finish executing task 433 for agent 2 on time 1787689419.209839 with plan ->False
Finish executing task 416 for agent 0 on time 1787689419.5696993 with plan g('cat')
Start executing task 416 for agent 0 on time 1787689419.570055 with plan };
Finish executing task 416 for agent 0 on time 1787689419.5703278 with plan };
Finish executing task 423 for agent 25 on time 1787689419.6459317 with plan g('cat')
Start executing task 423 for agent 25 on time 1787689419.6462603 with plan };
Finish executing task 423 for agent 25 on time 1787689419.6465344 with plan };
Finish executing task 438 for agent 15 on time 1787689419.9317563 with plan tc(45)}
Start executing task 438 for agent 15 on time 1787689419.9321008 with plan ->False;
Finish executing task 438 for agent 15 on time 1787689419.9323835 with plan ->False;
Finish executing task 440 for agent 33 on time 1787689419.981471 with plan tc(45)}
Start executing task 440 for agent 33 on time 1787689419.9817903 with plan ->False;
Finish executing task 440 for agent 33 on time 1787689419.982082 with plan ->False;
Finish executing task 434 for agent 39 on time 1787689420.2254553 with plan g('toy')}
Start executing task 434 for agent 39 on time 1787689420.2257662 with plan ->False
Finish executing task 434 for agent 39 on time 1787689420.2260587 with plan ->False
Finish executing task 436 for agent 30 on time 1787689420.289815 with plan g('toy')}
Start executing task 436 for agent 30 on time 1787689420.290141 with plan ->False
Finish executing task 436 for agent 30 on time 1787689420.2904253 with plan ->False
Finish executing task 442 for agent 37 on time 1787689420.3450766 with plan g('toy')}
Start executing task 442 for agent 37 on time 1787689420.3453975 with plan ->False
Finish executing task 442 for agent 37 on time 1787689420.3456812 with plan ->False
Generating request from task 443, time: 1787689420.7933369
Added task 443, time: 1787689420.811548
Output for task 443: ?iv('boy')==True{, time: 1787689420.8660328
Start executing task 443 for agent 28 on time 1787689420.8683321 with plan ?iv('boy')==True{
Added task 443, time: 1787689420.8712869
Output for task 443: tc(45)}, time: 1787689420.908949
Added task 443, time: 1787689420.9135091
Output for task 443: ->False;, time: 1787689420.957783
Finish executing task 441 for agent 41 on time 1787689421.2269692 with plan g('cat')
Start executing task 441 for agent 41 on time 1787689421.227298 with plan };
Finish executing task 441 for agent 41 on time 1787689421.2275665 with plan };
Finish executing task 443 for agent 28 on time 1787689423.868852 with plan ?iv('boy')==True{
Start executing task 443 for agent 28 on time 1787689423.8692183 with plan tc(45)}
Finish executing task 443 for agent 28 on time 1787689425.8472626 with plan tc(45)}
Start executing task 443 for agent 28 on time 1787689425.847616 with plan ->False;
Finish executing task 443 for agent 28 on time 1787689425.8479767 with plan ->False;
Generating request from task 444, time: 1787689427.1543758
Generating request from task 445, time: 1787689427.1549783
Generating request from task 446, time: 1787689427.155853
Generating request from task 447, time: 1787689427.1568036
Generating request from task 448, time: 1787689427.157805
Generating request from task 449, time: 1787689427.158773
Generating request from task 450, time: 1787689427.1597605
Added task 444, time: 1787689427.1709676
Added task 445, time: 1787689427.1886525
Added task 446, time: 1787689427.2034764
Added task 447, time: 1787689427.2409832
Output for task 444: tc(30);, time: 1787689427.2483213
Start executing task 444 for agent 21 on time 1787689427.2501132 with plan tc(30);
Added task 448, time: 1787689427.2808967
Output for task 445: ?iv('boy')==True{, time: 1787689427.2851584
Start executing task 445 for agent 16 on time 1787689427.2867584 with plan ?iv('boy')==True{
Added task 445, time: 1787689427.2924135
Output for task 446: ?iv('boy')==True{, time: 1787689427.2925751
Start executing task 446 for agent 24 on time 1787689427.2941177 with plan ?iv('boy')==True{
Added task 446, time: 1787689427.3080432
Added task 444, time: 1787689427.3166435
Added task 449, time: 1787689427.335818
Output for task 447: ?iv('boy')==True{, time: 1787689427.3359609
Start executing task 447 for agent 6 on time 1787689427.3375394 with plan ?iv('boy')==True{
Output for task 448: tc(45);, time: 1787689427.3472445
Start executing task 448 for agent 32 on time 1787689427.3488238 with plan tc(45);
Output for task 445: tc(45)}, time: 1787689427.355997
Output for task 444: , time: 1787689427.356869
Output for task 446: tc(45)}, time: 1787689427.3637617
Added task 447, time: 1787689427.3778539
Added task 450, time: 1787689427.3984194
Output for task 449: md(40);, time: 1787689427.3985875
Start executing task 449 for agent 8 on time 1787689427.4002788 with plan md(40);
Added task 448, time: 1787689427.4065933
Added task 445, time: 1787689427.412692
Added task 446, time: 1787689427.4216015
Output for task 447: tc(45)}, time: 1787689427.4390516
Added task 447, time: 1787689427.4550006
Output for task 448: , time: 1787689427.455182
Added task 449, time: 1787689427.462892
Output for task 445: ->False;, time: 1787689427.4648933
Output for task 446: ->False;, time: 1787689427.4750993
Output for task 450: ?s('scissors')==True{, time: 1787689427.4960217
Start executing task 450 for agent 23 on time 1787689427.4977913 with plan ?s('scissors')==True{
Generating request from task 451, time: 1787689427.5035663
Generating request from task 452, time: 1787689427.5042634
Added task 450, time: 1787689427.5046008
Added task 452, time: 1787689427.5225089
Added task 451, time: 1787689427.5379028
Output for task 447: ->False;, time: 1787689427.5380626
Output for task 449: ?iv('toy')==True{, time: 1787689427.5443547
Added task 449, time: 1787689427.5519512
Output for task 450: g('scissors'), time: 1787689427.5527444
Output for task 452: tc(45);, time: 1787689427.5696785
Start executing task 452 for agent 13 on time 1787689427.5714822 with plan tc(45);
Added task 452, time: 1787689427.579385
Added task 450, time: 1787689427.5834968
Output for task 451: mu(40);, time: 1787689427.5847795
Start executing task 451 for agent 27 on time 1787689427.5866482 with plan mu(40);
Added task 451, time: 1787689427.5913515
Output for task 449: g('toy')}, time: 1787689427.5915203
Generating request from task 453, time: 1787689427.6019647
Generating request from task 454, time: 1787689427.60257
Added task 449, time: 1787689427.6032133
Output for task 452: , time: 1787689427.6034427
Generating request from task 455, time: 1787689427.6035511
Generating request from task 456, time: 1787689427.6045418
Added task 453, time: 1787689427.632323
Added task 454, time: 1787689427.6514018
Added task 455, time: 1787689427.667429
Output for task 450: }->False, time: 1787689427.6675544
Added task 456, time: 1787689427.6791267
Output for task 449: ->False, time: 1787689427.6798217
Output for task 451: ?iv('book')==True{, time: 1787689427.6835864
Output for task 453: tc(45);, time: 1787689427.687118
Start executing task 453 for agent 1 on time 1787689427.6882446 with plan tc(45);
Output for task 454: tc(45);, time: 1787689427.6933525
Start executing task 454 for agent 14 on time 1787689427.694842 with plan tc(45);
Output for task 455: tc(30);, time: 1787689427.7051778
Start executing task 455 for agent 31 on time 1787689427.7064645 with plan tc(30);
Added task 455, time: 1787689427.717917
Added task 453, time: 1787689427.7235289
Added task 454, time: 1787689427.730668
Added task 451, time: 1787689427.7502418
Output for task 456: ?s('scissors')==True{, time: 1787689427.7504137
Start executing task 456 for agent 4 on time 1787689427.7521398 with plan ?s('scissors')==True{
Added task 456, time: 1787689427.7551856
Output for task 455: , time: 1787689427.7554338
Output for task 453: , time: 1787689427.7586167
Output for task 454: , time: 1787689427.7587802
Output for task 451: tp()}, time: 1787689427.783915
Added task 451, time: 1787689427.7886176
Output for task 456: g('scissors'), time: 1787689427.8063672
Added task 456, time: 1787689427.812242
Output for task 451: ->False, time: 1787689427.8161538
Output for task 456: }->False, time: 1787689427.8406835
Generating request from task 457, time: 1787689428.048955
Generating request from task 458, time: 1787689428.049502
Generating request from task 459, time: 1787689428.0504487
Generating request from task 460, time: 1787689428.0514107
Generating request from task 461, time: 1787689428.0523872
Generating request from task 462, time: 1787689428.053388
Generating request from task 463, time: 1787689428.0543866
Generating request from task 464, time: 1787689428.0553896
Generating request from task 465, time: 1787689428.0563846
Generating request from task 466, time: 1787689428.057374
Generating request from task 467, time: 1787689428.058379
Generating request from task 468, time: 1787689428.059366
Generating request from task 469, time: 1787689428.060364
Added task 457, time: 1787689428.0652335
Added task 460, time: 1787689428.0857296
Added task 461, time: 1787689428.1042123
Added task 466, time: 1787689428.122255
Added task 458, time: 1787689428.1368084
Added task 459, time: 1787689428.1495006
Added task 462, time: 1787689428.1635184
Output for task 457: ?iv('keys'), time: 1787689428.1640618
Start executing task 457 for agent 19 on time 1787689428.1653364 with plan ?iv('keys')
Finish executing task 457 for agent 19 on time 1787689428.1668437 with plan ?iv('keys')
Output for task 460: tc(30);, time: 1787689428.1671255
Start executing task 460 for agent 12 on time 1787689428.1684158 with plan tc(30);
Added task 457, time: 1787689428.173766
Added task 460, time: 1787689428.1790907
Added task 463, time: 1787689428.1926682
Added task 464, time: 1787689428.204337
Added task 465, time: 1787689428.2151625
Added task 467, time: 1787689428.2242322
Output for task 461: ?iv('boy')==True{, time: 1787689428.2243152
Output for task 466: tc(30);, time: 1787689428.2250392
Start executing task 461 for agent 36 on time 1787689428.225369 with plan ?iv('boy')==True{
Start executing task 466 for agent 7 on time 1787689428.226236 with plan tc(30);
Added task 461, time: 1787689428.2314482
Added task 466, time: 1787689428.2361615
Output for task 460: , time: 1787689428.236556
Output for task 458: ?s('scissors')==True{, time: 1787689428.2513595
Output for task 459: ?s('cat')==True{, time: 1787689428.252161
Start executing task 458 for agent 29 on time 1787689428.2525427 with plan ?s('scissors')==True{
Output for task 462: ?s('cat')==True{, time: 1787689428.2570858
Start executing task 459 for agent 26 on time 1787689428.2564209 with plan ?s('cat')==True{
Output for task 457: &iv('wallet'), time: 1787689428.2578547
Start executing task 457 for agent 19 on time 1787689428.2590966 with plan &iv('wallet')
Start executing task 462 for agent 9 on time 1787689428.25944 with plan ?s('cat')==True{
Finish executing task 457 for agent 19 on time 1787689428.2607014 with plan &iv('wallet')
Added task 457, time: 1787689428.2762666
Output for task 464: md(40);, time: 1787689428.2763662
Start executing task 464 for agent 22 on time 1787689428.27776 with plan md(40);
Added task 468, time: 1787689428.294559
Output for task 465: md(40);, time: 1787689428.2946658
Output for task 467: mu(40);, time: 1787689428.2953877
Output for task 466: , time: 1787689428.2960443
Start executing task 465 for agent 5 on time 1787689428.2960398 with plan md(40);
Output for task 463: ?s('cat')==True{, time: 1787689428.2968416
Start executing task 467 for agent 40 on time 1787689428.2973342 with plan mu(40);
Start executing task 463 for agent 17 on time 1787689428.2984872 with plan ?s('cat')==True{
Output for task 461: tc(45)}, time: 1787689428.3002203
Output for task 457: ->{l('Yes');, time: 1787689428.3171716
Start executing task 457 for agent 19 on time 1787689428.3182352 with plan ->{l('Yes');
Finish executing task 457 for agent 19 on time 1787689428.3195243 with plan ->{l('Yes');
Added task 457, time: 1787689428.3354237
Added task 469, time: 1787689428.3587549
Added task 461, time: 1787689428.3700483
Added task 458, time: 1787689428.3801847
Output for task 468: ?s('cat')==True{, time: 1787689428.3803256
Start executing task 468 for agent 3 on time 1787689428.3820972 with plan ?s('cat')==True{
Added task 459, time: 1787689428.3937469
Output for task 457: ->True}l('No');, time: 1787689428.4099429
Start executing task 457 for agent 19 on time 1787689428.411385 with plan ->True}l('No');
Finish executing task 457 for agent 19 on time 1787689428.4127207 with plan ->True}l('No');
Added task 457, time: 1787689428.4240246
Output for task 469: mu(40);, time: 1787689428.424168
Start executing task 469 for agent 34 on time 1787689428.4258413 with plan mu(40);
Added task 462, time: 1787689428.435084
Output for task 461: ->False;, time: 1787689428.4352262
Added task 463, time: 1787689428.4442294
Added task 468, time: 1787689428.4527032
Output for task 458: g('scissors'), time: 1787689428.4528496
Output for task 459: g('cat'), time: 1787689428.4537032
Added task 464, time: 1787689428.463319
Added task 465, time: 1787689428.4747221
Output for task 457: ->False, time: 1787689428.4808552
Start executing task 457 for agent 19 on time 1787689428.4814126 with plan ->False
Finish executing task 457 for agent 19 on time 1787689428.4816897 with plan ->False
Added task 467, time: 1787689428.4976633
Added task 469, time: 1787689428.5124156
Output for task 462: g('cat'), time: 1787689428.5125694
Added task 458, time: 1787689428.5228212
Output for task 463: g('cat'), time: 1787689428.5229874
Added task 459, time: 1787689428.5334554
Output for task 468: g('cat'), time: 1787689428.533613
Added task 462, time: 1787689428.5403118
Added task 463, time: 1787689428.5450814
Added task 468, time: 1787689428.5517032
Output for task 464: ?iv('toy')==True{, time: 1787689428.5557683
Added task 464, time: 1787689428.560361
Output for task 465: ?iv('toy')==True{, time: 1787689428.560493
Added task 465, time: 1787689428.5756962
Output for task 467: ?iv('book')==True{, time: 1787689428.5758588
Output for task 458: }->False, time: 1787689428.5768225
Added task 467, time: 1787689428.5920637
Output for task 459: };, time: 1787689428.5922194
Output for task 462: };, time: 1787689428.599332
Output for task 463: };, time: 1787689428.59948
Output for task 469: ?iv('book')==True{, time: 1787689428.6036336
Output for task 468: };, time: 1787689428.6045609
Added task 469, time: 1787689428.6081557
Output for task 464: g('toy')}, time: 1787689428.609188
Added task 464, time: 1787689428.6175919
Output for task 465: g('toy')}, time: 1787689428.617733
Added task 465, time: 1787689428.6219895
Output for task 467: tp()}, time: 1787689428.622111
Added task 467, time: 1787689428.6306415
Output for task 469: tp()}, time: 1787689428.6386356
Added task 469, time: 1787689428.6534975
Output for task 464: ->False, time: 1787689428.6582592
Output for task 465: ->False, time: 1787689428.6585636
Output for task 467: ->False, time: 1787689428.6601014
Output for task 469: ->False, time: 1787689428.6849434
Finish executing task 450 for agent 23 on time 1787689429.0546434 with plan ?s('scissors')==True{
Start executing task 450 for agent 23 on time 1787689429.0550349 with plan g('scissors')
Finish executing task 456 for agent 4 on time 1787689429.3089447 with plan ?s('scissors')==True{
Start executing task 456 for agent 4 on time 1787689429.3093216 with plan g('scissors')
Finish executing task 448 for agent 32 on time 1787689429.4580145 with plan tc(45);
Start executing task 448 for agent 32 on time 1787689429.458342 with plan 
Finish executing task 448 for agent 32 on time 1787689429.4586008 with plan 
Finish executing task 452 for agent 13 on time 1787689429.6806371 with plan tc(45);
Start executing task 452 for agent 13 on time 1787689429.6810324 with plan 
Finish executing task 452 for agent 13 on time 1787689429.6813478 with plan 
Finish executing task 453 for agent 1 on time 1787689429.7972765 with plan tc(45);
Start executing task 453 for agent 1 on time 1787689429.7976286 with plan 
Finish executing task 453 for agent 1 on time 1787689429.7979608 with plan 
Finish executing task 454 for agent 14 on time 1787689429.8039489 with plan tc(45);
Start executing task 454 for agent 14 on time 1787689429.804301 with plan 
Finish executing task 454 for agent 14 on time 1787689429.8045845 with plan 
Finish executing task 458 for agent 29 on time 1787689429.8127565 with plan ?s('scissors')==True{
Start executing task 458 for agent 29 on time 1787689429.8131213 with plan g('scissors')
Finish executing task 444 for agent 21 on time 1787689429.837337 with plan tc(30);
Start executing task 444 for agent 21 on time 1787689429.8375363 with plan 
Finish executing task 444 for agent 21 on time 1787689429.8377643 with plan 
Finish executing task 449 for agent 8 on time 1787689429.995175 with plan md(40);
Start executing task 449 for agent 8 on time 1787689429.9955168 with plan ?iv('toy')==True{
Finish executing task 449 for agent 8 on time 1787689429.99684 with plan ?iv('toy')==True{
Start executing task 449 for agent 8 on time 1787689429.996984 with plan g('toy')}
Finish executing task 451 for agent 27 on time 1787689430.0866716 with plan mu(40);
Start executing task 451 for agent 27 on time 1787689430.0870228 with plan ?iv('book')==True{
Finish executing task 451 for agent 27 on time 1787689430.0883543 with plan ?iv('book')==True{
Start executing task 451 for agent 27 on time 1787689430.0884976 with plan tp()}
Finish executing task 451 for agent 27 on time 1787689430.089771 with plan tp()}
Start executing task 451 for agent 27 on time 1787689430.0898993 with plan ->False
Finish executing task 451 for agent 27 on time 1787689430.0901103 with plan ->False
Finish executing task 445 for agent 16 on time 1787689430.2873998 with plan ?iv('boy')==True{
Start executing task 445 for agent 16 on time 1787689430.2877727 with plan tc(45)}
Finish executing task 455 for agent 31 on time 1787689430.293583 with plan tc(30);
Start executing task 455 for agent 31 on time 1787689430.2939155 with plan 
Finish executing task 455 for agent 31 on time 1787689430.2941728 with plan 
Finish executing task 446 for agent 24 on time 1787689430.2947552 with plan ?iv('boy')==True{
Start executing task 446 for agent 24 on time 1787689430.295138 with plan tc(45)}
Finish executing task 447 for agent 6 on time 1787689430.3381217 with plan ?iv('boy')==True{
Start executing task 447 for agent 6 on time 1787689430.3383355 with plan tc(45)}
Finish executing task 460 for agent 12 on time 1787689430.755635 with plan tc(30);
Start executing task 460 for agent 12 on time 1787689430.7559865 with plan 
Finish executing task 460 for agent 12 on time 1787689430.75626 with plan 
Finish executing task 467 for agent 40 on time 1787689430.7975209 with plan mu(40);
Start executing task 467 for agent 40 on time 1787689430.7978961 with plan ?iv('book')==True{
Finish executing task 467 for agent 40 on time 1787689430.7992363 with plan ?iv('book')==True{
Start executing task 467 for agent 40 on time 1787689430.7994041 with plan tp()}
Finish executing task 467 for agent 40 on time 1787689430.8006759 with plan tp()}
Start executing task 467 for agent 40 on time 1787689430.8008077 with plan ->False
Finish executing task 467 for agent 40 on time 1787689430.801029 with plan ->False
Finish executing task 466 for agent 7 on time 1787689430.8134162 with plan tc(30);
Start executing task 466 for agent 7 on time 1787689430.8137434 with plan 
Finish executing task 466 for agent 7 on time 1787689430.8140135 with plan 
Finish executing task 464 for agent 22 on time 1787689430.873462 with plan md(40);
Start executing task 464 for agent 22 on time 1787689430.8737762 with plan ?iv('toy')==True{
Finish executing task 464 for agent 22 on time 1787689430.8751628 with plan ?iv('toy')==True{
Start executing task 464 for agent 22 on time 1787689430.8753097 with plan g('toy')}
Finish executing task 465 for agent 5 on time 1787689430.8917923 with plan md(40);
Start executing task 465 for agent 5 on time 1787689430.892109 with plan ?iv('toy')==True{
Finish executing task 465 for agent 5 on time 1787689430.8934264 with plan ?iv('toy')==True{
Start executing task 465 for agent 5 on time 1787689430.8935661 with plan g('toy')}
Finish executing task 469 for agent 34 on time 1787689430.9258158 with plan mu(40);
Start executing task 469 for agent 34 on time 1787689430.9260836 with plan ?iv('book')==True{
Finish executing task 469 for agent 34 on time 1787689430.9273877 with plan ?iv('book')==True{
Start executing task 469 for agent 34 on time 1787689430.9275184 with plan tp()}
Finish executing task 469 for agent 34 on time 1787689430.9287558 with plan tp()}
Start executing task 469 for agent 34 on time 1787689430.9288833 with plan ->False
Finish executing task 469 for agent 34 on time 1787689430.929101 with plan ->False
Finish executing task 461 for agent 36 on time 1787689431.2260618 with plan ?iv('boy')==True{
Start executing task 461 for agent 36 on time 1787689431.2263837 with plan tc(45)}
Finish executing task 450 for agent 23 on time 1787689431.5167325 with plan g('scissors')
Start executing task 450 for agent 23 on time 1787689431.517084 with plan }->False
Finish executing task 450 for agent 23 on time 1787689431.517368 with plan }->False
Finish executing task 456 for agent 4 on time 1787689431.7709804 with plan g('scissors')
Start executing task 456 for agent 4 on time 1787689431.7713547 with plan }->False
Finish executing task 456 for agent 4 on time 1787689431.7716465 with plan }->False
Generating request from task 470, time: 1787689431.8617885
Generating request from task 471, time: 1787689431.8624346
Generating request from task 472, time: 1787689431.8633008
Generating request from task 473, time: 1787689431.8641882
Generating request from task 474, time: 1787689431.8651588
Generating request from task 475, time: 1787689431.866148
Generating request from task 476, time: 1787689431.8671432
Generating request from task 477, time: 1787689431.8681417
Generating request from task 478, time: 1787689431.8691359
Generating request from task 479, time: 1787689431.8701289
Added task 471, time: 1787689431.8798943
Added task 473, time: 1787689431.897726
Added task 475, time: 1787689431.9138181
Added task 476, time: 1787689431.9305904
Output for task 471: tc(45);, time: 1787689431.9335568
Start executing task 471 for agent 18 on time 1787689431.9350061 with plan tc(45);
Output for task 473: ?iv('boy')==True{, time: 1787689431.952721
Output for task 475: tc(45);, time: 1787689431.953584
Start executing task 473 for agent 20 on time 1787689431.9541204 with plan ?iv('boy')==True{
Start executing task 475 for agent 2 on time 1787689431.955498 with plan tc(45);
Added task 473, time: 1787689431.9671664
Finish executing task 459 for agent 26 on time 1787689431.9709558 with plan ?s('cat')==True{
Start executing task 459 for agent 26 on time 1787689431.971244 with plan g('cat')
Finish executing task 462 for agent 9 on time 1787689431.973954 with plan ?s('cat')==True{
Start executing task 462 for agent 9 on time 1787689431.9741843 with plan g('cat')
Added task 471, time: 1787689431.974683
Output for task 476: tc(30);, time: 1787689431.9748461
Start executing task 476 for agent 38 on time 1787689431.9762938 with plan tc(30);
Added task 476, time: 1787689431.9825878
Added task 475, time: 1787689431.9883564
Added task 470, time: 1787689432.0063362
Output for task 471: , time: 1787689432.0115974
Finish executing task 463 for agent 17 on time 1787689432.0130112 with plan ?s('cat')==True{
Start executing task 463 for agent 17 on time 1787689432.0133286 with plan g('cat')
Output for task 476: , time: 1787689432.0222838
Output for task 473: tc(45)}, time: 1787689432.0275307
Output for task 475: , time: 1787689432.0284724
Added task 472, time: 1787689432.0482805
Added task 474, time: 1787689432.0644138
Added task 477, time: 1787689432.0791879
Added task 473, time: 1787689432.0833697
Added task 478, time: 1787689432.0960977
Output for task 470: ?s('cat')==True{, time: 1787689432.096214
Finish executing task 468 for agent 3 on time 1787689432.0961354 with plan ?s('cat')==True{
Start executing task 468 for agent 3 on time 1787689432.0964506 with plan g('cat')
Start executing task 470 for agent 10 on time 1787689432.0975983 with plan ?s('cat')==True{
Added task 479, time: 1787689432.111242
Added task 470, time: 1787689432.1139903
Output for task 472: mu(40);, time: 1787689432.1172101
Start executing task 472 for agent 11 on time 1787689432.1185071 with plan mu(40);
Added task 472, time: 1787689432.1227417
Output for task 474: ?iv('keys'), time: 1787689432.1416442
Start executing task 474 for agent 35 on time 1787689432.143037 with plan ?iv('keys')
Finish executing task 474 for agent 35 on time 1787689432.1445167 with plan ?iv('keys')
Added task 474, time: 1787689432.161235
Output for task 477: mu(40);, time: 1787689432.1614103
Start executing task 477 for agent 15 on time 1787689432.162946 with plan mu(40);
Added task 477, time: 1787689432.1687253
Output for task 473: ->False;, time: 1787689432.168879
Output for task 478: md(40);, time: 1787689432.1701899
Start executing task 478 for agent 33 on time 1787689432.171806 with plan md(40);
Added task 478, time: 1787689432.1746545
Output for task 470: g('cat'), time: 1787689432.1747842
Added task 470, time: 1787689432.1823733
Output for task 479: ?s('scissors')==True{, time: 1787689432.2134879
Start executing task 479 for agent 39 on time 1787689432.2153597 with plan ?s('scissors')==True{
Output for task 472: ?iv('book')==True{, time: 1787689432.2188475
Output for task 470: };, time: 1787689432.2205467
Output for task 474: &iv('wallet'), time: 1787689432.222165
Start executing task 474 for agent 35 on time 1787689432.2237055 with plan &iv('wallet')
Finish executing task 474 for agent 35 on time 1787689432.2250373 with plan &iv('wallet')
Added task 474, time: 1787689432.234504
Added task 479, time: 1787689432.2398431
Added task 472, time: 1787689432.2477524
Output for task 477: ?iv('book')==True{, time: 1787689432.2479289
Output for task 478: ?iv('toy')==True{, time: 1787689432.248915
Added task 477, time: 1787689432.2599971
Finish executing task 445 for agent 16 on time 1787689432.2658567 with plan tc(45)}
Start executing task 445 for agent 16 on time 1787689432.2661712 with plan ->False;
Finish executing task 445 for agent 16 on time 1787689432.2664397 with plan ->False;
Finish executing task 446 for agent 24 on time 1787689432.2731774 with plan tc(45)}
Start executing task 446 for agent 24 on time 1787689432.27355 with plan ->False;
Finish executing task 446 for agent 24 on time 1787689432.2738557 with plan ->False;
Finish executing task 458 for agent 29 on time 1787689432.2747588 with plan g('scissors')
Start executing task 458 for agent 29 on time 1787689432.2749052 with plan }->False
Finish executing task 458 for agent 29 on time 1787689432.2751267 with plan }->False
Added task 478, time: 1787689432.2772386
Output for task 472: tp()}, time: 1787689432.2855487
Output for task 477: tp()}, time: 1787689432.287399
Output for task 474: ->{l('Yes');, time: 1787689432.2921968
Output for task 479: g('scissors'), time: 1787689432.293223
Start executing task 474 for agent 35 on time 1787689432.293731 with plan ->{l('Yes');
Finish executing task 474 for agent 35 on time 1787689432.2950597 with plan ->{l('Yes');
Added task 474, time: 1787689432.3071878
Added task 472, time: 1787689432.3139668
Finish executing task 447 for agent 6 on time 1787689432.316315 with plan tc(45)}
Start executing task 447 for agent 6 on time 1787689432.316501 with plan ->False;
Finish executing task 447 for agent 6 on time 1787689432.3167462 with plan ->False;
Added task 477, time: 1787689432.3191385
Added task 479, time: 1787689432.327488
Output for task 478: g('toy')}, time: 1787689432.3276482
Added task 478, time: 1787689432.3424299
Output for task 472: ->False, time: 1787689432.3623145
Output for task 477: ->False, time: 1787689432.3625784
Output for task 479: }->False, time: 1787689432.3633058
Output for task 478: ->False, time: 1787689432.3692417
Output for task 474: ->True}l('No');, time: 1787689432.3756957
Start executing task 474 for agent 35 on time 1787689432.3772967 with plan ->True}l('No');
Finish executing task 474 for agent 35 on time 1787689432.3785982 with plan ->True}l('No');
Added task 474, time: 1787689432.3804717
Output for task 474: ->False, time: 1787689432.4071798
Start executing task 474 for agent 35 on time 1787689432.4077466 with plan ->False
Finish executing task 474 for agent 35 on time 1787689432.408001 with plan ->False
Finish executing task 449 for agent 8 on time 1787689432.7038507 with plan g('toy')}
Start executing task 449 for agent 8 on time 1787689432.7041874 with plan ->False
Finish executing task 449 for agent 8 on time 1787689432.7044754 with plan ->False
Finish executing task 461 for agent 36 on time 1787689433.2044048 with plan tc(45)}
Start executing task 461 for agent 36 on time 1787689433.2047355 with plan ->False;
Finish executing task 461 for agent 36 on time 1787689433.2050493 with plan ->False;
Finish executing task 464 for agent 22 on time 1787689433.5821671 with plan g('toy')}
Start executing task 464 for agent 22 on time 1787689433.5825152 with plan ->False
Finish executing task 464 for agent 22 on time 1787689433.582805 with plan ->False
Finish executing task 465 for agent 5 on time 1787689433.6004224 with plan g('toy')}
Start executing task 465 for agent 5 on time 1787689433.6007748 with plan ->False
Finish executing task 465 for agent 5 on time 1787689433.6010833 with plan ->False
Finish executing task 479 for agent 39 on time 1787689433.7721763 with plan ?s('scissors')==True{
Start executing task 479 for agent 39 on time 1787689433.772503 with plan g('scissors')
Finish executing task 471 for agent 18 on time 1787689434.0449948 with plan tc(45);
Start executing task 471 for agent 18 on time 1787689434.0452545 with plan 
Finish executing task 471 for agent 18 on time 1787689434.045482 with plan 
Finish executing task 475 for agent 2 on time 1787689434.064961 with plan tc(45);
Start executing task 475 for agent 2 on time 1787689434.0653121 with plan 
Finish executing task 475 for agent 2 on time 1787689434.065577 with plan 
Finish executing task 459 for agent 26 on time 1787689434.4328575 with plan g('cat')
Start executing task 459 for agent 26 on time 1787689434.433215 with plan };
Finish executing task 459 for agent 26 on time 1787689434.43349 with plan };
Finish executing task 462 for agent 9 on time 1787689434.435777 with plan g('cat')
Start executing task 462 for agent 9 on time 1787689434.4361818 with plan };
Finish executing task 462 for agent 9 on time 1787689434.43646 with plan };
Finish executing task 463 for agent 17 on time 1787689434.4749713 with plan g('cat')
Start executing task 463 for agent 17 on time 1787689434.4754336 with plan };
Finish executing task 463 for agent 17 on time 1787689434.4758224 with plan };
Finish executing task 468 for agent 3 on time 1787689434.5580583 with plan g('cat')
Start executing task 468 for agent 3 on time 1787689434.558383 with plan };
Finish executing task 468 for agent 3 on time 1787689434.55866 with plan };
Finish executing task 476 for agent 38 on time 1787689434.5633824 with plan tc(30);
Start executing task 476 for agent 38 on time 1787689434.5637145 with plan 
Finish executing task 476 for agent 38 on time 1787689434.5640204 with plan 
Finish executing task 472 for agent 11 on time 1787689434.6192703 with plan mu(40);
Start executing task 472 for agent 11 on time 1787689434.619615 with plan ?iv('book')==True{
Finish executing task 472 for agent 11 on time 1787689434.6209736 with plan ?iv('book')==True{
Start executing task 472 for agent 11 on time 1787689434.6213067 with plan tp()}
Finish executing task 472 for agent 11 on time 1787689434.6226304 with plan tp()}
Start executing task 472 for agent 11 on time 1787689434.6227758 with plan ->False
Finish executing task 472 for agent 11 on time 1787689434.623007 with plan ->False
Finish executing task 477 for agent 15 on time 1787689434.6636474 with plan mu(40);
Start executing task 477 for agent 15 on time 1787689434.663972 with plan ?iv('book')==True{
Finish executing task 477 for agent 15 on time 1787689434.6652925 with plan ?iv('book')==True{
Start executing task 477 for agent 15 on time 1787689434.66548 with plan tp()}
Finish executing task 477 for agent 15 on time 1787689434.666715 with plan tp()}
Start executing task 477 for agent 15 on time 1787689434.6668363 with plan ->False
Finish executing task 477 for agent 15 on time 1787689434.667051 with plan ->False
Finish executing task 478 for agent 33 on time 1787689434.7667058 with plan md(40);
Start executing task 478 for agent 33 on time 1787689434.7670493 with plan ?iv('toy')==True{
Finish executing task 478 for agent 33 on time 1787689434.7683713 with plan ?iv('toy')==True{
Start executing task 478 for agent 33 on time 1787689434.768513 with plan g('toy')}
Finish executing task 473 for agent 20 on time 1787689434.9555612 with plan ?iv('boy')==True{
Start executing task 473 for agent 20 on time 1787689434.955911 with plan tc(45)}
Finish executing task 470 for agent 10 on time 1787689435.811988 with plan ?s('cat')==True{
Start executing task 470 for agent 10 on time 1787689435.8123055 with plan g('cat')
Generating request from task 480, time: 1787689436.217536
Generating request from task 481, time: 1787689436.2181697
Generating request from task 482, time: 1787689436.218976
Generating request from task 483, time: 1787689436.2199109
Added task 480, time: 1787689436.2340198
Finish executing task 479 for agent 39 on time 1787689436.2341442 with plan g('scissors')
Start executing task 479 for agent 39 on time 1787689436.2344618 with plan }->False
Finish executing task 479 for agent 39 on time 1787689436.2347455 with plan }->False
Added task 482, time: 1787689436.2494934
Added task 481, time: 1787689436.2638137
Added task 483, time: 1787689436.2787986
Output for task 480: mu(40);, time: 1787689436.2864513
Start executing task 480 for agent 30 on time 1787689436.288098 with plan mu(40);
Output for task 482: tc(45);, time: 1787689436.2998466
Start executing task 482 for agent 0 on time 1787689436.3012748 with plan tc(45);
Added task 482, time: 1787689436.3078592
Output for task 481: md(40);, time: 1787689436.3080087
Start executing task 481 for agent 37 on time 1787689436.3094807 with plan md(40);
Added task 480, time: 1787689436.315454
Added task 481, time: 1787689436.321153
Output for task 483: md(40);, time: 1787689436.3213022
Start executing task 483 for agent 25 on time 1787689436.32296 with plan md(40);
Added task 483, time: 1787689436.3283477
Output for task 482: , time: 1787689436.3285446
Output for task 480: ?iv('book')==True{, time: 1787689436.4026341
Output for task 481: ?iv('toy')==True{, time: 1787689436.4037776
Added task 480, time: 1787689436.4132788
Output for task 483: ?iv('toy')==True{, time: 1787689436.4134655
Added task 481, time: 1787689436.4214203
Added task 483, time: 1787689436.4348562
Output for task 480: tp()}, time: 1787689436.4609566
Added task 480, time: 1787689436.4692118
Output for task 481: g('toy')}, time: 1787689436.472985
Added task 481, time: 1787689436.4864144
Output for task 483: g('toy')}, time: 1787689436.4865825
Added task 483, time: 1787689436.4947762
Output for task 480: ->False, time: 1787689436.5033777
Output for task 481: ->False, time: 1787689436.5211413
Output for task 483: ->False, time: 1787689436.527116
Finish executing task 473 for agent 20 on time 1787689436.93394 with plan tc(45)}
Start executing task 473 for agent 20 on time 1787689436.9342492 with plan ->False;
Finish executing task 473 for agent 20 on time 1787689436.9345798 with plan ->False;
Finish executing task 478 for agent 33 on time 1787689437.4753628 with plan g('toy')}
Start executing task 478 for agent 33 on time 1787689437.475716 with plan ->False
Finish executing task 478 for agent 33 on time 1787689437.4760535 with plan ->False
Generating request from task 484, time: 1787689437.8646634
Generating request from task 485, time: 1787689437.8652825
Generating request from task 486, time: 1787689437.8661149
Generating request from task 487, time: 1787689437.8671637
Generating request from task 488, time: 1787689437.8680863
Generating request from task 489, time: 1787689437.869059
Added task 484, time: 1787689437.8785346
Added task 487, time: 1787689437.8932238
Added task 485, time: 1787689437.9060585
Added task 486, time: 1787689437.9195547
Output for task 484: tc(45);, time: 1787689437.9363072
Start executing task 484 for agent 41 on time 1787689437.9376683 with plan tc(45);
Output for task 487: tc(30);, time: 1787689437.9422066
Start executing task 487 for agent 27 on time 1787689437.9436574 with plan tc(30);
Added task 487, time: 1787689437.9534633
Output for task 485: md(40);, time: 1787689437.95359
Start executing task 485 for agent 28 on time 1787689437.9550364 with plan md(40);
Added task 484, time: 1787689437.9617789
Added task 488, time: 1787689437.9992638
Added task 489, time: 1787689438.0160987
Output for task 486: ?s('cat')==True{, time: 1787689438.0162444
Output for task 487: , time: 1787689438.0171995
Start executing task 486 for agent 19 on time 1787689438.0178359 with plan ?s('cat')==True{
Added task 486, time: 1787689438.022173
Output for task 484: , time: 1787689438.0223806
Added task 485, time: 1787689438.0258343
Output for task 488: ?s('scissors')==True{, time: 1787689438.0705838
Start executing task 488 for agent 40 on time 1787689438.0723207 with plan ?s('scissors')==True{
Added task 488, time: 1787689438.0803413
Output for task 486: g('cat'), time: 1787689438.0805178
Added task 486, time: 1787689438.0876715
Output for task 489: ?s('cat')==True{, time: 1787689438.087848
Start executing task 489 for agent 34 on time 1787689438.0895767 with plan ?s('cat')==True{
Added task 489, time: 1787689438.0997872
Output for task 485: ?iv('toy')==True{, time: 1787689438.1127808
Added task 485, time: 1787689438.1258135
Output for task 486: };, time: 1787689438.130284
Output for task 488: g('scissors'), time: 1787689438.1340523
Added task 488, time: 1787689438.1462216
Output for task 489: g('cat'), time: 1787689438.1463857
Added task 489, time: 1787689438.154647
Output for task 485: g('toy')}, time: 1787689438.1758413
Added task 485, time: 1787689438.1842177
Output for task 488: }->False, time: 1787689438.18526
Output for task 489: };, time: 1787689438.1854956
Output for task 485: ->False, time: 1787689438.2093184
Finish executing task 470 for agent 10 on time 1787689438.2739356 with plan g('cat')
Start executing task 470 for agent 10 on time 1787689438.2742615 with plan };
Finish executing task 470 for agent 10 on time 1787689438.2745342 with plan };
Finish executing task 482 for agent 0 on time 1787689438.410609 with plan tc(45);
Start executing task 482 for agent 0 on time 1787689438.4109662 with plan 
Finish executing task 482 for agent 0 on time 1787689438.4112265 with plan 
Finish executing task 480 for agent 30 on time 1787689438.788092 with plan mu(40);
Start executing task 480 for agent 30 on time 1787689438.788461 with plan ?iv('book')==True{
Finish executing task 480 for agent 30 on time 1787689438.7899532 with plan ?iv('book')==True{
Start executing task 480 for agent 30 on time 1787689438.7901683 with plan tp()}
Finish executing task 480 for agent 30 on time 1787689438.7915094 with plan tp()}
Start executing task 480 for agent 30 on time 1787689438.7917025 with plan ->False
Finish executing task 480 for agent 30 on time 1787689438.79207 with plan ->False
Finish executing task 481 for agent 37 on time 1787689438.9044087 with plan md(40);
Start executing task 481 for agent 37 on time 1787689438.9047408 with plan ?iv('toy')==True{
Finish executing task 481 for agent 37 on time 1787689438.9060974 with plan ?iv('toy')==True{
Start executing task 481 for agent 37 on time 1787689438.9062436 with plan g('toy')}
Finish executing task 483 for agent 25 on time 1787689438.9178438 with plan md(40);
Start executing task 483 for agent 25 on time 1787689438.9181297 with plan ?iv('toy')==True{
Finish executing task 483 for agent 25 on time 1787689438.9194453 with plan ?iv('toy')==True{
Start executing task 483 for agent 25 on time 1787689438.9195826 with plan g('toy')}
Generating request from task 490, time: 1787689439.2571495
Generating request from task 491, time: 1787689439.2577255
Generating request from task 492, time: 1787689439.25864
Added task 492, time: 1787689439.2747595
Added task 490, time: 1787689439.2904491
Added task 491, time: 1787689439.3039162
Output for task 492: tc(30);, time: 1787689439.3188758
Start executing task 492 for agent 4 on time 1787689439.3204808 with plan tc(30);
Added task 492, time: 1787689439.3274448
Output for task 490: md(40);, time: 1787689439.3285441
Start executing task 490 for agent 23 on time 1787689439.330106 with plan md(40);
Added task 490, time: 1787689439.3369377
Output for task 491: ?iv('keys'), time: 1787689439.3729923
Output for task 492: , time: 1787689439.37418
Start executing task 491 for agent 32 on time 1787689439.374774 with plan ?iv('keys')
Finish executing task 491 for agent 32 on time 1787689439.3764136 with plan ?iv('keys')
Added task 491, time: 1787689439.3817527
Output for task 490: ?iv('toy')==True{, time: 1787689439.4117117
Output for task 491: &iv('wallet'), time: 1787689439.4243248
Start executing task 491 for agent 32 on time 1787689439.4259434 with plan &iv('wallet')
Finish executing task 491 for agent 32 on time 1787689439.4272466 with plan &iv('wallet')
Added task 491, time: 1787689439.4297597
Added task 490, time: 1787689439.4354944
Output for task 490: g('toy')}, time: 1787689439.4741576
Output for task 491: ->{l('Yes');, time: 1787689439.4805098
Start executing task 491 for agent 32 on time 1787689439.4821208 with plan ->{l('Yes');
Finish executing task 491 for agent 32 on time 1787689439.48342 with plan ->{l('Yes');
Added task 491, time: 1787689439.4863622
Added task 490, time: 1787689439.4900575
Output for task 490: ->False, time: 1787689439.5320861
Output for task 491: ->True}l('No');, time: 1787689439.5576675
Start executing task 491 for agent 32 on time 1787689439.5593712 with plan ->True}l('No');
Finish executing task 491 for agent 32 on time 1787689439.5606842 with plan ->True}l('No');
Added task 491, time: 1787689439.5623002
Output for task 491: ->False, time: 1787689439.5947704
Start executing task 491 for agent 32 on time 1787689439.5954716 with plan ->False
Finish executing task 491 for agent 32 on time 1787689439.5957289 with plan ->False
Finish executing task 488 for agent 40 on time 1787689439.6291492 with plan ?s('scissors')==True{
Start executing task 488 for agent 40 on time 1787689439.6295187 with plan g('scissors')
Finish executing task 484 for agent 41 on time 1787689440.046811 with plan tc(45);
Start executing task 484 for agent 41 on time 1787689440.0471559 with plan 
Finish executing task 484 for agent 41 on time 1787689440.0474133 with plan 
Finish executing task 487 for agent 27 on time 1787689440.530808 with plan tc(30);
Start executing task 487 for agent 27 on time 1787689440.5311902 with plan 
Finish executing task 487 for agent 27 on time 1787689440.53145 with plan 
Finish executing task 485 for agent 28 on time 1787689440.550209 with plan md(40);
Start executing task 485 for agent 28 on time 1787689440.5505385 with plan ?iv('toy')==True{
Finish executing task 485 for agent 28 on time 1787689440.5518465 with plan ?iv('toy')==True{
Start executing task 485 for agent 28 on time 1787689440.551983 with plan g('toy')}
Finish executing task 481 for agent 37 on time 1787689441.6131008 with plan g('toy')}
Start executing task 481 for agent 37 on time 1787689441.613458 with plan ->False
Finish executing task 481 for agent 37 on time 1787689441.6137445 with plan ->False
Finish executing task 483 for agent 25 on time 1787689441.6264896 with plan g('toy')}
Start executing task 483 for agent 25 on time 1787689441.6268034 with plan ->False
Finish executing task 483 for agent 25 on time 1787689441.6270952 with plan ->False
Finish executing task 486 for agent 19 on time 1787689441.7323978 with plan ?s('cat')==True{
Start executing task 486 for agent 19 on time 1787689441.7327387 with plan g('cat')
Finish executing task 489 for agent 34 on time 1787689441.803304 with plan ?s('cat')==True{
Start executing task 489 for agent 34 on time 1787689441.803584 with plan g('cat')
Finish executing task 492 for agent 4 on time 1787689441.9080036 with plan tc(30);
Start executing task 492 for agent 4 on time 1787689441.908384 with plan 
Finish executing task 492 for agent 4 on time 1787689441.9086514 with plan 
Finish executing task 490 for agent 23 on time 1787689441.925883 with plan md(40);
Start executing task 490 for agent 23 on time 1787689441.926208 with plan ?iv('toy')==True{
Finish executing task 490 for agent 23 on time 1787689441.92756 with plan ?iv('toy')==True{
Start executing task 490 for agent 23 on time 1787689441.9279003 with plan g('toy')}
Finish executing task 488 for agent 40 on time 1787689442.0912805 with plan g('scissors')
Start executing task 488 for agent 40 on time 1787689442.091588 with plan }->False
Finish executing task 488 for agent 40 on time 1787689442.0918374 with plan }->False
Finish executing task 485 for agent 28 on time 1787689443.2588603 with plan g('toy')}
Start executing task 485 for agent 28 on time 1787689443.2592146 with plan ->False
Finish executing task 485 for agent 28 on time 1787689443.259503 with plan ->False
Finish executing task 486 for agent 19 on time 1787689444.1944141 with plan g('cat')
Start executing task 486 for agent 19 on time 1787689444.194785 with plan };
Finish executing task 486 for agent 19 on time 1787689444.1951363 with plan };
Finish executing task 489 for agent 34 on time 1787689444.2652192 with plan g('cat')
Start executing task 489 for agent 34 on time 1787689444.2655413 with plan };
Finish executing task 489 for agent 34 on time 1787689444.265817 with plan };
Finish executing task 490 for agent 23 on time 1787689444.6348546 with plan g('toy')}
Start executing task 490 for agent 23 on time 1787689444.6351588 with plan ->False
Finish executing task 490 for agent 23 on time 1787689444.635441 with plan ->False
Generating request from task 493, time: 1787689453.9271562
Generating request from task 494, time: 1787689453.927756
Generating request from task 495, time: 1787689453.92868
Generating request from task 496, time: 1787689453.9295967
Generating request from task 497, time: 1787689453.9305186
Generating request from task 498, time: 1787689453.9314837
Generating request from task 499, time: 1787689453.9324837
Added task 493, time: 1787689453.9451616
Added task 494, time: 1787689453.962817
Added task 499, time: 1787689453.9774554
Added task 495, time: 1787689454.0037758
Output for task 493: tc(45);, time: 1787689454.0233638
Start executing task 493 for agent 21 on time 1787689454.0248902 with plan tc(45);
Output for task 494: tc(30);, time: 1787689454.0293593
Start executing task 494 for agent 35 on time 1787689454.0309546 with plan tc(30);
Output for task 499: tc(30);, time: 1787689454.0319777
Start executing task 499 for agent 1 on time 1787689454.0335472 with plan tc(30);
Added task 494, time: 1787689454.0457702
Added task 499, time: 1787689454.0530794
Output for task 495: md(40);, time: 1787689454.0532553
Start executing task 495 for agent 13 on time 1787689454.0550091 with plan md(40);
Added task 493, time: 1787689454.0605493
Added task 496, time: 1787689454.0902183
Added task 497, time: 1787689454.1145196
Output for task 494: , time: 1787689454.1147182
Added task 498, time: 1787689454.1308832
Output for task 499: , time: 1787689454.1311712
Output for task 493: , time: 1787689454.1312678
Added task 495, time: 1787689454.1371474
Output for task 496: mu(40);, time: 1787689454.1389112
Start executing task 496 for agent 16 on time 1787689454.1402385 with plan mu(40);
Added task 496, time: 1787689454.1451871
Output for task 497: md(40);, time: 1787689454.1774414
Start executing task 497 for agent 24 on time 1787689454.179098 with plan md(40);
Added task 497, time: 1787689454.1825159
Output for task 498: mu(40);, time: 1787689454.1837747
Start executing task 498 for agent 6 on time 1787689454.1855564 with plan mu(40);
Added task 498, time: 1787689454.1922255
Output for task 495: ?iv('toy')==True{, time: 1787689454.2248647
Output for task 496: ?iv('book')==True{, time: 1787689454.2259936
Added task 495, time: 1787689454.2322989
Added task 496, time: 1787689454.2363036
Output for task 497: ?iv('toy')==True{, time: 1787689454.259671
Added task 497, time: 1787689454.2653706
Output for task 498: ?iv('book')==True{, time: 1787689454.2655406
Output for task 496: tp()}, time: 1787689454.266692
Added task 496, time: 1787689454.2726576
Added task 498, time: 1787689454.2769384
Output for task 495: g('toy')}, time: 1787689454.2771037
Added task 495, time: 1787689454.2895145
Output for task 498: tp()}, time: 1787689454.3195684
Added task 498, time: 1787689454.3251498
Output for task 497: g('toy')}, time: 1787689454.3253233
Output for task 496: ->False, time: 1787689454.3263521
Added task 497, time: 1787689454.3303988
Output for task 495: ->False, time: 1787689454.330564
Output for task 498: ->False, time: 1787689454.359473
Output for task 497: ->False, time: 1787689454.3655238
Generating request from task 500, time: 1787689455.9777377
Generating request from task 501, time: 1787689455.9783654
Added task 500, time: 1787689455.9944575
Added task 501, time: 1787689456.0096579
Output for task 500: tc(45);, time: 1787689456.0396004
Start executing task 500 for agent 14 on time 1787689456.041652 with plan tc(45);
Added task 500, time: 1787689456.0498786
Output for task 501: mu(40);, time: 1787689456.0500581
Start executing task 501 for agent 29 on time 1787689456.050908 with plan mu(40);
Added task 501, time: 1787689456.0567243
Output for task 500: , time: 1787689456.0789723
Output for task 501: ?iv('book')==True{, time: 1787689456.1190171
Added task 501, time: 1787689456.1235144
Finish executing task 493 for agent 21 on time 1787689456.134424 with plan tc(45);
Start executing task 493 for agent 21 on time 1787689456.1348014 with plan 
Finish executing task 493 for agent 21 on time 1787689456.135074 with plan 
Output for task 501: tp()}, time: 1787689456.1520078
Added task 501, time: 1787689456.156435
Output for task 501: ->False, time: 1787689456.188336
Finish executing task 494 for agent 35 on time 1787689456.6180823 with plan tc(30);
Start executing task 494 for agent 35 on time 1787689456.618458 with plan 
Finish executing task 494 for agent 35 on time 1787689456.6187232 with plan 
Finish executing task 499 for agent 1 on time 1787689456.6210349 with plan tc(30);
Start executing task 499 for agent 1 on time 1787689456.6213977 with plan 
Finish executing task 499 for agent 1 on time 1787689456.6216626 with plan 
Finish executing task 496 for agent 16 on time 1787689456.640568 with plan mu(40);
Start executing task 496 for agent 16 on time 1787689456.6407056 with plan ?iv('book')==True{
Finish executing task 496 for agent 16 on time 1787689456.642019 with plan ?iv('book')==True{
Start executing task 496 for agent 16 on time 1787689456.6421387 with plan tp()}
Finish executing task 496 for agent 16 on time 1787689456.6433613 with plan tp()}
Start executing task 496 for agent 16 on time 1787689456.6434777 with plan ->False
Finish executing task 496 for agent 16 on time 1787689456.6436863 with plan ->False
Finish executing task 495 for agent 13 on time 1787689456.6507738 with plan md(40);
Start executing task 495 for agent 13 on time 1787689456.6510782 with plan ?iv('toy')==True{
Finish executing task 495 for agent 13 on time 1787689456.6522799 with plan ?iv('toy')==True{
Start executing task 495 for agent 13 on time 1787689456.6523407 with plan g('toy')}
Finish executing task 498 for agent 6 on time 1787689456.6859689 with plan mu(40);
Start executing task 498 for agent 6 on time 1787689456.6861765 with plan ?iv('book')==True{
Finish executing task 498 for agent 6 on time 1787689456.6874564 with plan ?iv('book')==True{
Start executing task 498 for agent 6 on time 1787689456.6875813 with plan tp()}
Finish executing task 498 for agent 6 on time 1787689456.688823 with plan tp()}
Start executing task 498 for agent 6 on time 1787689456.6889472 with plan ->False
Finish executing task 498 for agent 6 on time 1787689456.6891541 with plan ->False
Finish executing task 497 for agent 24 on time 1787689456.774155 with plan md(40);
Start executing task 497 for agent 24 on time 1787689456.7743309 with plan ?iv('toy')==True{
Finish executing task 497 for agent 24 on time 1787689456.775591 with plan ?iv('toy')==True{
Start executing task 497 for agent 24 on time 1787689456.7757044 with plan g('toy')}
Finish executing task 500 for agent 14 on time 1787689458.1511118 with plan tc(45);
Start executing task 500 for agent 14 on time 1787689458.1514816 with plan 
Finish executing task 500 for agent 14 on time 1787689458.1517465 with plan 
Generating request from task 502, time: 1787689458.515749
Generating request from task 503, time: 1787689458.5163732
Generating request from task 504, time: 1787689458.5171914
Generating request from task 505, time: 1787689458.5181406
Generating request from task 506, time: 1787689458.519122
Added task 502, time: 1787689458.5322344
Added task 503, time: 1787689458.5491889
Finish executing task 501 for agent 29 on time 1787689458.5509217 with plan mu(40);
Start executing task 501 for agent 29 on time 1787689458.5512471 with plan ?iv('book')==True{
Finish executing task 501 for agent 29 on time 1787689458.5525782 with plan ?iv('book')==True{
Start executing task 501 for agent 29 on time 1787689458.5527387 with plan tp()}
Finish executing task 501 for agent 29 on time 1787689458.55401 with plan tp()}
Start executing task 501 for agent 29 on time 1787689458.554173 with plan ->False
Finish executing task 501 for agent 29 on time 1787689458.5544066 with plan ->False
Added task 504, time: 1787689458.5632064
Added task 505, time: 1787689458.5902135
Added task 506, time: 1787689458.6054256
Output for task 504: mu(40);, time: 1787689458.632921
Start executing task 504 for agent 12 on time 1787689458.6347363 with plan mu(40);
Added task 504, time: 1787689458.6393619
Output for task 502: ?s('scissors')==True{, time: 1787689458.6395154
Output for task 503: ?s('cat')==True{, time: 1787689458.6406343
Start executing task 502 for agent 8 on time 1787689458.641118 with plan ?s('scissors')==True{
Start executing task 503 for agent 31 on time 1787689458.6444812 with plan ?s('cat')==True{
Added task 502, time: 1787689458.6482923
Output for task 505: md(40);, time: 1787689458.6484277
Start executing task 505 for agent 7 on time 1787689458.64994 with plan md(40);
Added task 503, time: 1787689458.664505
Output for task 506: mu(40);, time: 1787689458.6646764
Start executing task 506 for agent 36 on time 1787689458.6663742 with plan mu(40);
Added task 505, time: 1787689458.6824033
Added task 506, time: 1787689458.6950467
Output for task 502: g('scissors'), time: 1787689458.7263696
Output for task 503: g('cat'), time: 1787689458.7274332
Added task 502, time: 1787689458.7366805
Output for task 504: ?iv('book')==True{, time: 1787689458.7368517
Added task 504, time: 1787689458.744674
Added task 503, time: 1787689458.7535505
Output for task 505: ?iv('toy')==True{, time: 1787689458.7650514
Added task 505, time: 1787689458.7834344
Output for task 506: ?iv('book')==True{, time: 1787689458.7836092
Added task 506, time: 1787689458.793481
Output for task 502: }->False, time: 1787689458.7936502
Output for task 504: tp()}, time: 1787689458.793926
Added task 504, time: 1787689458.7987666
Output for task 503: };, time: 1787689458.7989345
Output for task 506: tp()}, time: 1787689458.8252652
Added task 506, time: 1787689458.830572
Output for task 505: g('toy')}, time: 1787689458.830739
Added task 505, time: 1787689458.8370335
Output for task 504: ->False, time: 1787689458.8371978
Output for task 506: ->False, time: 1787689458.8600132
Output for task 505: ->False, time: 1787689458.8658206
Finish executing task 495 for agent 13 on time 1787689459.359085 with plan g('toy')}
Start executing task 495 for agent 13 on time 1787689459.3592534 with plan ->False
Finish executing task 495 for agent 13 on time 1787689459.359408 with plan ->False
Finish executing task 497 for agent 24 on time 1787689459.482592 with plan g('toy')}
Start executing task 497 for agent 24 on time 1787689459.4830108 with plan ->False
Finish executing task 497 for agent 24 on time 1787689459.4833033 with plan ->False
Generating request from task 507, time: 1787689459.5283785
Generating request from task 508, time: 1787689459.5289836
Generating request from task 509, time: 1787689459.5298796
Generating request from task 510, time: 1787689459.5308592
Generating request from task 511, time: 1787689459.5318768
Generating request from task 512, time: 1787689459.5328126
Generating request from task 513, time: 1787689459.533796
Generating request from task 514, time: 1787689459.534789
Generating request from task 515, time: 1787689459.535791
Generating request from task 516, time: 1787689459.5368001
Generating request from task 517, time: 1787689459.5377924
Generating request from task 518, time: 1787689459.538777
Generating request from task 519, time: 1787689459.5402133
Generating request from task 520, time: 1787689459.5408998
Generating request from task 521, time: 1787689459.5418465
Added task 507, time: 1787689459.5464213
Added task 510, time: 1787689459.567481
Added task 517, time: 1787689459.5863965
Added task 520, time: 1787689459.6052034
Output for task 507: tc(30);, time: 1787689459.6062584
Start executing task 507 for agent 22 on time 1787689459.6077406 with plan tc(30);
Added task 521, time: 1787689459.6261156
Output for task 510: tc(30);, time: 1787689459.6290014
Start executing task 510 for agent 15 on time 1787689459.6303658 with plan tc(30);
Output for task 517: tc(45);, time: 1787689459.6326277
Start executing task 517 for agent 2 on time 1787689459.633488 with plan tc(45);
Output for task 520: ?iv('boy')==True{, time: 1787689459.6646326
Start executing task 520 for agent 33 on time 1787689459.666538 with plan ?iv('boy')==True{
Added task 520, time: 1787689459.6824021
Added task 507, time: 1787689459.6939964
Added task 510, time: 1787689459.7057538
Output for task 521: ?iv('boy')==True{, time: 1787689459.7059863
Start executing task 521 for agent 30 on time 1787689459.7070904 with plan ?iv('boy')==True{
Added task 521, time: 1787689459.7208972
Added task 517, time: 1787689459.7304218
Added task 508, time: 1787689459.7522786
Output for task 507: , time: 1787689459.752824
Output for task 510: , time: 1787689459.7557428
Output for task 520: tc(45)}, time: 1787689459.757285
Output for task 517: , time: 1787689459.758289
Output for task 521: tc(45)}, time: 1787689459.7727234
Added task 509, time: 1787689459.7970014
Added task 511, time: 1787689459.8163674
Added task 512, time: 1787689459.8343434
Output for task 508: mu(40);, time: 1787689459.8344662
Start executing task 508 for agent 5 on time 1787689459.8353133 with plan mu(40);
Added task 513, time: 1787689459.8524551
Added task 514, time: 1787689459.8686233
Added task 515, time: 1787689459.8836184
Added task 516, time: 1787689459.8986864
Output for task 509: ?s('cat')==True{, time: 1787689459.9015217
Start executing task 509 for agent 11 on time 1787689459.9028976 with plan ?s('cat')==True{
Added task 518, time: 1787689459.9178324
Added task 519, time: 1787689459.930636
Added task 520, time: 1787689459.9378161
Output for task 511: ?s('cat')==True{, time: 1787689459.938028
Start executing task 511 for agent 26 on time 1787689459.9392471 with plan ?s('cat')==True{
Added task 521, time: 1787689459.944058
Added task 509, time: 1787689459.9484763
Added task 511, time: 1787689459.9540014
Output for task 512: ?s('scissors')==True{, time: 1787689459.9547129
Output for task 513: ?iv('keys'), time: 1787689459.9554572
Start executing task 512 for agent 9 on time 1787689459.9560263 with plan ?s('scissors')==True{
Start executing task 513 for agent 17 on time 1787689459.9566355 with plan ?iv('keys')
Finish executing task 513 for agent 17 on time 1787689459.9582326 with plan ?iv('keys')
Added task 513, time: 1787689459.9623818
Added task 512, time: 1787689459.965972
Added task 508, time: 1787689459.9685342
Output for task 515: md(40);, time: 1787689459.9712167
Start executing task 515 for agent 39 on time 1787689459.972515 with plan md(40);
Added task 515, time: 1787689459.9764867
Output for task 514: ?s('scissors')==True{, time: 1787689459.9765816
Start executing task 514 for agent 3 on time 1787689459.9778402 with plan ?s('scissors')==True{
Added task 514, time: 1787689459.9796674
Output for task 516: ?iv('keys'), time: 1787689459.985927
Start executing task 516 for agent 18 on time 1787689459.987049 with plan ?iv('keys')
Finish executing task 516 for agent 18 on time 1787689459.988418 with plan ?iv('keys')
Added task 516, time: 1787689460.0061178
Output for task 518: ?s('cat')==True{, time: 1787689460.0115533
Start executing task 518 for agent 38 on time 1787689460.0129251 with plan ?s('cat')==True{
Output for task 520: ->False;, time: 1787689460.015392
Output for task 521: ->False;, time: 1787689460.0155065
Output for task 509: g('cat'), time: 1787689460.015573
Output for task 511: g('cat'), time: 1787689460.027114
Output for task 519: ?s('scissors')==True{, time: 1787689460.0405688
Output for task 513: &iv('wallet'), time: 1787689460.0413926
Start executing task 519 for agent 20 on time 1787689460.0420654 with plan ?s('scissors')==True{
Start executing task 513 for agent 17 on time 1787689460.0426307 with plan &iv('wallet')
Finish executing task 513 for agent 17 on time 1787689460.0439782 with plan &iv('wallet')
Added task 513, time: 1787689460.0519204
Output for task 512: g('scissors'), time: 1787689460.0520399
Output for task 514: g('scissors'), time: 1787689460.0565705
Output for task 516: &iv('wallet'), time: 1787689460.0641258
Start executing task 516 for agent 18 on time 1787689460.0652168 with plan &iv('wallet')
Finish executing task 516 for agent 18 on time 1787689460.0664015 with plan &iv('wallet')
Added task 516, time: 1787689460.082722
Output for task 508: ?iv('book')==True{, time: 1787689460.082943
Output for task 515: ?iv('toy')==True{, time: 1787689460.0839221
Output for task 513: ->{l('Yes');, time: 1787689460.0975246
Start executing task 513 for agent 17 on time 1787689460.098947 with plan ->{l('Yes');
Finish executing task 513 for agent 17 on time 1787689460.1002471 with plan ->{l('Yes');
Added task 513, time: 1787689460.1178083
Output for task 516: ->{l('Yes');, time: 1787689460.1311352
Start executing task 516 for agent 18 on time 1787689460.1327665 with plan ->{l('Yes');
Finish executing task 516 for agent 18 on time 1787689460.134088 with plan ->{l('Yes');
Added task 516, time: 1787689460.1500738
Output for task 513: ->True}l('No');, time: 1787689460.1721227
Start executing task 513 for agent 17 on time 1787689460.1737735 with plan ->True}l('No');
Finish executing task 513 for agent 17 on time 1787689460.175072 with plan ->True}l('No');
Finish executing task 502 for agent 8 on time 1787689460.1988523 with plan ?s('scissors')==True{
Start executing task 502 for agent 8 on time 1787689460.1990588 with plan g('scissors')
Output for task 516: ->True}l('No');, time: 1787689460.2035277
Start executing task 516 for agent 18 on time 1787689460.2051353 with plan ->True}l('No');
Finish executing task 516 for agent 18 on time 1787689460.2065282 with plan ->True}l('No');
Added task 516, time: 1787689460.2189565
Added task 513, time: 1787689460.232338
Added task 518, time: 1787689460.2446134
Added task 519, time: 1787689460.2555416
Added task 508, time: 1787689460.2692754
Added task 515, time: 1787689460.28254
Output for task 516: ->False, time: 1787689460.2902756
Start executing task 516 for agent 18 on time 1787689460.2908382 with plan ->False
Finish executing task 516 for agent 18 on time 1787689460.2911289 with plan ->False
Output for task 513: ->False, time: 1787689460.3021824
Start executing task 513 for agent 17 on time 1787689460.3162951 with plan ->False
Finish executing task 513 for agent 17 on time 1787689460.3165998 with plan ->False
Added task 509, time: 1787689460.3168952
Added task 511, time: 1787689460.325012
Output for task 518: g('cat'), time: 1787689460.3251874
Output for task 508: tp()}, time: 1787689460.326252
Added task 508, time: 1787689460.3349786
Added task 512, time: 1787689460.342152
Output for task 519: g('scissors'), time: 1787689460.3423252
Output for task 515: g('toy')}, time: 1787689460.343335
Added task 514, time: 1787689460.3518417
Added task 518, time: 1787689460.3714232
Added task 519, time: 1787689460.390244
Output for task 509: };, time: 1787689460.390413
Added task 515, time: 1787689460.4129224
Output for task 511: };, time: 1787689460.4130943
Output for task 508: ->False, time: 1787689460.4219723
Output for task 512: }->False, time: 1787689460.4221773
Output for task 514: }->False, time: 1787689460.422528
Output for task 518: };, time: 1787689460.4226263
Output for task 519: }->False, time: 1787689460.4244046
Output for task 515: ->False, time: 1787689460.440666
Finish executing task 504 for agent 12 on time 1787689461.1356628 with plan mu(40);
Start executing task 504 for agent 12 on time 1787689461.1361656 with plan ?iv('book')==True{
Finish executing task 504 for agent 12 on time 1787689461.1376164 with plan ?iv('book')==True{
Start executing task 504 for agent 12 on time 1787689461.137803 with plan tp()}
Finish executing task 504 for agent 12 on time 1787689461.139135 with plan tp()}
Start executing task 504 for agent 12 on time 1787689461.1392977 with plan ->False
Finish executing task 504 for agent 12 on time 1787689461.1395838 with plan ->False
Finish executing task 506 for agent 36 on time 1787689461.1663864 with plan mu(40);
Start executing task 506 for agent 36 on time 1787689461.1667938 with plan ?iv('book')==True{
Finish executing task 506 for agent 36 on time 1787689461.1681535 with plan ?iv('book')==True{
Start executing task 506 for agent 36 on time 1787689461.1682954 with plan tp()}
Finish executing task 506 for agent 36 on time 1787689461.1695268 with plan tp()}
Start executing task 506 for agent 36 on time 1787689461.169645 with plan ->False
Finish executing task 506 for agent 36 on time 1787689461.1698391 with plan ->False
Finish executing task 505 for agent 7 on time 1787689461.245685 with plan md(40);
Start executing task 505 for agent 7 on time 1787689461.2460856 with plan ?iv('toy')==True{
Finish executing task 505 for agent 7 on time 1787689461.2474277 with plan ?iv('toy')==True{
Start executing task 505 for agent 7 on time 1787689461.2475774 with plan g('toy')}
Finish executing task 512 for agent 9 on time 1787689461.5129936 with plan ?s('scissors')==True{
Start executing task 512 for agent 9 on time 1787689461.5132961 with plan g('scissors')
Finish executing task 514 for agent 3 on time 1787689461.5347989 with plan ?s('scissors')==True{
Start executing task 514 for agent 3 on time 1787689461.535196 with plan g('scissors')
Finish executing task 519 for agent 20 on time 1787689461.598988 with plan ?s('scissors')==True{
Start executing task 519 for agent 20 on time 1787689461.5992863 with plan g('scissors')
Finish executing task 517 for agent 2 on time 1787689461.7427707 with plan tc(45);
Start executing task 517 for agent 2 on time 1787689461.7430406 with plan 
Finish executing task 517 for agent 2 on time 1787689461.743275 with plan 
Finish executing task 507 for agent 22 on time 1787689462.1952026 with plan tc(30);
Start executing task 507 for agent 22 on time 1787689462.1955385 with plan 
Finish executing task 507 for agent 22 on time 1787689462.195801 with plan 
Finish executing task 510 for agent 15 on time 1787689462.217595 with plan tc(30);
Start executing task 510 for agent 15 on time 1787689462.2179196 with plan 
Finish executing task 510 for agent 15 on time 1787689462.218199 with plan 
Finish executing task 508 for agent 5 on time 1787689462.3351939 with plan mu(40);
Start executing task 508 for agent 5 on time 1787689462.3355024 with plan ?iv('book')==True{
Finish executing task 508 for agent 5 on time 1787689462.336838 with plan ?iv('book')==True{
Start executing task 508 for agent 5 on time 1787689462.3369935 with plan tp()}
Finish executing task 508 for agent 5 on time 1787689462.3382337 with plan tp()}
Start executing task 508 for agent 5 on time 1787689462.3383713 with plan ->False
Finish executing task 508 for agent 5 on time 1787689462.3385937 with plan ->False
Finish executing task 503 for agent 31 on time 1787689462.358199 with plan ?s('cat')==True{
Start executing task 503 for agent 31 on time 1787689462.3585076 with plan g('cat')
Finish executing task 515 for agent 39 on time 1787689462.567422 with plan md(40);
Start executing task 515 for agent 39 on time 1787689462.5676732 with plan ?iv('toy')==True{
Finish executing task 515 for agent 39 on time 1787689462.5689867 with plan ?iv('toy')==True{
Start executing task 515 for agent 39 on time 1787689462.5691233 with plan g('toy')}
Finish executing task 502 for agent 8 on time 1787689462.6606398 with plan g('scissors')
Start executing task 502 for agent 8 on time 1787689462.6609151 with plan }->False
Finish executing task 502 for agent 8 on time 1787689462.6611793 with plan }->False
Finish executing task 520 for agent 33 on time 1787689462.667063 with plan ?iv('boy')==True{
Start executing task 520 for agent 33 on time 1787689462.6673768 with plan tc(45)}
Finish executing task 521 for agent 30 on time 1787689462.7077193 with plan ?iv('boy')==True{
Start executing task 521 for agent 30 on time 1787689462.7080226 with plan tc(45)}
Finish executing task 509 for agent 11 on time 1787689463.6167054 with plan ?s('cat')==True{
Start executing task 509 for agent 11 on time 1787689463.617065 with plan g('cat')
Finish executing task 511 for agent 26 on time 1787689463.6529818 with plan ?s('cat')==True{
Start executing task 511 for agent 26 on time 1787689463.653291 with plan g('cat')
Finish executing task 518 for agent 38 on time 1787689463.7268014 with plan ?s('cat')==True{
Start executing task 518 for agent 38 on time 1787689463.7271829 with plan g('cat')
Finish executing task 505 for agent 7 on time 1787689463.9544344 with plan g('toy')}
Start executing task 505 for agent 7 on time 1787689463.9547625 with plan ->False
Finish executing task 505 for agent 7 on time 1787689463.9550836 with plan ->False
Finish executing task 512 for agent 9 on time 1787689463.974941 with plan g('scissors')
Start executing task 512 for agent 9 on time 1787689463.9753249 with plan }->False
Finish executing task 512 for agent 9 on time 1787689463.9757152 with plan }->False
Finish executing task 514 for agent 3 on time 1787689463.9968448 with plan g('scissors')
Start executing task 514 for agent 3 on time 1787689463.9970412 with plan }->False
Finish executing task 514 for agent 3 on time 1787689463.997193 with plan }->False
Finish executing task 519 for agent 20 on time 1787689464.0609145 with plan g('scissors')
Start executing task 519 for agent 20 on time 1787689464.061245 with plan }->False
Finish executing task 519 for agent 20 on time 1787689464.0615294 with plan }->False
Finish executing task 520 for agent 33 on time 1787689464.6453967 with plan tc(45)}
Start executing task 520 for agent 33 on time 1787689464.6457198 with plan ->False;
Finish executing task 520 for agent 33 on time 1787689464.6460204 with plan ->False;
Finish executing task 521 for agent 30 on time 1787689464.6860373 with plan tc(45)}
Start executing task 521 for agent 30 on time 1787689464.6863382 with plan ->False;
Finish executing task 521 for agent 30 on time 1787689464.6866121 with plan ->False;
Finish executing task 503 for agent 31 on time 1787689464.8201346 with plan g('cat')
Start executing task 503 for agent 31 on time 1787689464.8204646 with plan };
Finish executing task 503 for agent 31 on time 1787689464.8207414 with plan };
Finish executing task 515 for agent 39 on time 1787689465.275978 with plan g('toy')}
Start executing task 515 for agent 39 on time 1787689465.276308 with plan ->False
Finish executing task 515 for agent 39 on time 1787689465.2765892 with plan ->False
Finish executing task 509 for agent 11 on time 1787689466.0786967 with plan g('cat')
Start executing task 509 for agent 11 on time 1787689466.0790558 with plan };
Finish executing task 509 for agent 11 on time 1787689466.0793302 with plan };
Finish executing task 511 for agent 26 on time 1787689466.1149182 with plan g('cat')
Start executing task 511 for agent 26 on time 1787689466.1152508 with plan };
Finish executing task 511 for agent 26 on time 1787689466.1155257 with plan };
Finish executing task 518 for agent 38 on time 1787689466.1888583 with plan g('cat')
Start executing task 518 for agent 38 on time 1787689466.1891751 with plan };
Finish executing task 518 for agent 38 on time 1787689466.1894417 with plan };
Generating request from task 522, time: 1787689467.6006052
Generating request from task 523, time: 1787689467.6012769
Generating request from task 524, time: 1787689467.6019084
Generating request from task 525, time: 1787689467.6028695
Generating request from task 526, time: 1787689467.6038327
Generating request from task 527, time: 1787689467.6048124
Generating request from task 528, time: 1787689467.6060314
Generating request from task 529, time: 1787689467.606875
Generating request from task 530, time: 1787689467.6078532
Added task 522, time: 1787689467.6188588
Added task 523, time: 1787689467.6371384
Added task 526, time: 1787689467.6527739
Added task 528, time: 1787689467.6694574
Output for task 522: ?iv('boy')==True{, time: 1787689467.6753778
Output for task 523: tc(30);, time: 1787689467.6763227
Start executing task 522 for agent 10 on time 1787689467.6766615 with plan ?iv('boy')==True{
Start executing task 523 for agent 32 on time 1787689467.6775708 with plan tc(30);
Added task 529, time: 1787689467.699255
Added task 522, time: 1787689467.7077014
Added task 523, time: 1787689467.7124288
Added task 524, time: 1787689467.7248106
Added task 525, time: 1787689467.7377794
Output for task 526: ?iv('boy')==True{, time: 1787689467.7378957
Output for task 528: tc(45);, time: 1787689467.7386796
Start executing task 526 for agent 25 on time 1787689467.7392747 with plan ?iv('boy')==True{
Start executing task 528 for agent 41 on time 1787689467.7398381 with plan tc(45);
Added task 526, time: 1787689467.7436724
Added task 528, time: 1787689467.7553873
Added task 527, time: 1787689467.7861898
Output for task 523: , time: 1787689467.7863321
Output for task 529: tc(45);, time: 1787689467.7937477
Output for task 528: , time: 1787689467.794529
Output for task 522: tc(45)}, time: 1787689467.7951863
Start executing task 529 for agent 27 on time 1787689467.7950876 with plan tc(45);
Output for task 525: mu(40);, time: 1787689467.8006177
Output for task 526: tc(45)}, time: 1787689467.8013544
Start executing task 525 for agent 37 on time 1787689467.8018157 with plan mu(40);
Added task 530, time: 1787689467.8220286
Added task 529, time: 1787689467.8285053
Added task 522, time: 1787689467.8340492
Output for task 524: ?s('scissors')==True{, time: 1787689467.834168
Start executing task 524 for agent 0 on time 1787689467.8354814 with plan ?s('scissors')==True{
Added task 526, time: 1787689467.840131
Output for task 527: mu(40);, time: 1787689467.8402512
Start executing task 527 for agent 40 on time 1787689467.8415074 with plan mu(40);
Added task 524, time: 1787689467.8459256
Added task 525, time: 1787689467.850408
Added task 527, time: 1787689467.8692465
Output for task 529: , time: 1787689467.8900707
Output for task 530: ?iv('keys'), time: 1787689467.9047403
Output for task 522: ->False;, time: 1787689467.9057608
Output for task 526: ->False;, time: 1787689467.9060102
Start executing task 530 for agent 28 on time 1787689467.9063685 with plan ?iv('keys')
Finish executing task 530 for agent 28 on time 1787689467.9078462 with plan ?iv('keys')
Added task 530, time: 1787689467.9122236
Output for task 524: g('scissors'), time: 1787689467.916455
Added task 524, time: 1787689467.9289193
Output for task 525: ?iv('book')==True{, time: 1787689467.9337313
Output for task 527: ?iv('book')==True{, time: 1787689467.93562
Output for task 530: &iv('wallet'), time: 1787689467.95443
Start executing task 530 for agent 28 on time 1787689467.9559987 with plan &iv('wallet')
Finish executing task 530 for agent 28 on time 1787689467.9572756 with plan &iv('wallet')
Added task 530, time: 1787689467.9667485
Output for task 524: }->False, time: 1787689467.9669287
Added task 525, time: 1787689467.97186
Added task 527, time: 1787689467.9754918
Output for task 525: tp()}, time: 1787689468.0069666
Output for task 527: tp()}, time: 1787689468.0080125
Output for task 530: ->{l('Yes');, time: 1787689468.0160522
Start executing task 530 for agent 28 on time 1787689468.0174873 with plan ->{l('Yes');
Finish executing task 530 for agent 28 on time 1787689468.0187714 with plan ->{l('Yes');
Added task 530, time: 1787689468.0230978
Added task 525, time: 1787689468.0278766
Added task 527, time: 1787689468.031922
Output for task 525: ->False, time: 1787689468.0727746
Output for task 527: ->False, time: 1787689468.0729764
Output for task 530: ->True}l('No');, time: 1787689468.0915601
Start executing task 530 for agent 28 on time 1787689468.0922408 with plan ->True}l('No');
Finish executing task 530 for agent 28 on time 1787689468.093511 with plan ->True}l('No');
Added task 530, time: 1787689468.0971828
Output for task 530: ->False, time: 1787689468.132284
Start executing task 530 for agent 28 on time 1787689468.1329236 with plan ->False
Finish executing task 530 for agent 28 on time 1787689468.1331966 with plan ->False
Generating request from task 531, time: 1787689468.5633762
Added task 531, time: 1787689468.5793536
Output for task 531: md(40);, time: 1787689468.6199517
Start executing task 531 for agent 4 on time 1787689468.6218398 with plan md(40);
Added task 531, time: 1787689468.6247199
Output for task 531: ?iv('toy')==True{, time: 1787689468.6894965
Added task 531, time: 1787689468.694099
Output for task 531: g('toy')}, time: 1787689468.7376394
Added task 531, time: 1787689468.742209
Output for task 531: ->False, time: 1787689468.7773192
Finish executing task 524 for agent 0 on time 1787689469.39246 with plan ?s('scissors')==True{
Start executing task 524 for agent 0 on time 1787689469.3928692 with plan g('scissors')
Finish executing task 528 for agent 41 on time 1787689469.8489425 with plan tc(45);
Start executing task 528 for agent 41 on time 1787689469.8492897 with plan 
Finish executing task 528 for agent 41 on time 1787689469.84955 with plan 
Finish executing task 529 for agent 27 on time 1787689469.9041762 with plan tc(45);
Start executing task 529 for agent 27 on time 1787689469.9045131 with plan 
Finish executing task 529 for agent 27 on time 1787689469.90477 with plan 
Finish executing task 523 for agent 32 on time 1787689470.2646823 with plan tc(30);
Start executing task 523 for agent 32 on time 1787689470.264989 with plan 
Finish executing task 523 for agent 32 on time 1787689470.265233 with plan 
Finish executing task 525 for agent 37 on time 1787689470.301844 with plan mu(40);
Start executing task 525 for agent 37 on time 1787689470.3023107 with plan ?iv('book')==True{
Finish executing task 525 for agent 37 on time 1787689470.3036473 with plan ?iv('book')==True{
Start executing task 525 for agent 37 on time 1787689470.3037994 with plan tp()}
Finish executing task 525 for agent 37 on time 1787689470.3050654 with plan tp()}
Start executing task 525 for agent 37 on time 1787689470.3051877 with plan ->False
Finish executing task 525 for agent 37 on time 1787689470.3054008 with plan ->False
Finish executing task 527 for agent 40 on time 1787689470.341636 with plan mu(40);
Start executing task 527 for agent 40 on time 1787689470.3420162 with plan ?iv('book')==True{
Finish executing task 527 for agent 40 on time 1787689470.343417 with plan ?iv('book')==True{
Start executing task 527 for agent 40 on time 1787689470.343602 with plan tp()}
Finish executing task 527 for agent 40 on time 1787689470.3449643 with plan tp()}
Start executing task 527 for agent 40 on time 1787689470.3451195 with plan ->False
Finish executing task 527 for agent 40 on time 1787689470.345394 with plan ->False
Finish executing task 522 for agent 10 on time 1787689470.6774035 with plan ?iv('boy')==True{
Start executing task 522 for agent 10 on time 1787689470.67767 with plan tc(45)}
Finish executing task 526 for agent 25 on time 1787689470.7397819 with plan ?iv('boy')==True{
Start executing task 526 for agent 25 on time 1787689470.7401018 with plan tc(45)}
Finish executing task 531 for agent 4 on time 1787689471.2168787 with plan md(40);
Start executing task 531 for agent 4 on time 1787689471.217215 with plan ?iv('toy')==True{
Finish executing task 531 for agent 4 on time 1787689471.2185514 with plan ?iv('toy')==True{
Start executing task 531 for agent 4 on time 1787689471.2187042 with plan g('toy')}
Finish executing task 524 for agent 0 on time 1787689471.8545156 with plan g('scissors')
Start executing task 524 for agent 0 on time 1787689471.8548505 with plan }->False
Finish executing task 524 for agent 0 on time 1787689471.8551443 with plan }->False
Finish executing task 522 for agent 10 on time 1787689472.6557097 with plan tc(45)}
Start executing task 522 for agent 10 on time 1787689472.6560817 with plan ->False;
Finish executing task 522 for agent 10 on time 1787689472.6563714 with plan ->False;
Finish executing task 526 for agent 25 on time 1787689472.718128 with plan tc(45)}
Start executing task 526 for agent 25 on time 1787689472.7184577 with plan ->False;
Finish executing task 526 for agent 25 on time 1787689472.7187402 with plan ->False;
Finish executing task 531 for agent 4 on time 1787689473.9255743 with plan g('toy')}
Start executing task 531 for agent 4 on time 1787689473.9259493 with plan ->False
Finish executing task 531 for agent 4 on time 1787689473.9262478 with plan ->False
