Generating request from task 0, time: 1787690989.517122
Generating request from task 1, time: 1787690989.517847
Generating request from task 2, time: 1787690989.5181081
Generating request from task 3, time: 1787690989.5182965
Generating request from task 4, time: 1787690989.5184984
Generating request from task 5, time: 1787690989.518695
Generating request from task 6, time: 1787690989.5188982
Generating request from task 7, time: 1787690989.5190725
Generating request from task 8, time: 1787690989.5192347
Generating request from task 9, time: 1787690989.519601
Generating request from task 10, time: 1787690989.5205889
Generating request from task 11, time: 1787690989.5216005
Generating request from task 12, time: 1787690989.5225916
Added task 0, time: 1787690989.5881076
Added task 1, time: 1787690989.6630533
Added task 2, time: 1787690989.6835148
Added task 3, time: 1787690989.6967957
Added task 4, time: 1787690989.7096982
Added task 5, time: 1787690989.7344818
Added task 6, time: 1787690989.7570832
Added task 7, time: 1787690989.7773504
Added task 8, time: 1787690989.7902958
Added task 9, time: 1787690989.8018117
Added task 10, time: 1787690989.810969
Added task 11, time: 1787690989.819597
Output for task 3: tc(30);, time: 1787690989.8196924
Output for task 4: tc(45);, time: 1787690989.8205326
Start executing task 3 for agent 3 on time 1787690989.8224392 with plan tc(30);
Start executing task 4 for agent 4 on time 1787690989.823255 with plan tc(45);
Added task 12, time: 1787690989.8290768
Output for task 5: tc(30);, time: 1787690989.8291671
Start executing task 5 for agent 5 on time 1787690989.8336236 with plan tc(30);
Output for task 0: ?s('scissors')==True{g('scissors')}->False, time: 1787690989.8485365
Start executing task 0 for agent 0 on time 1787690989.849963 with plan ?s('scissors')==True{g('scissors')}->False
Output for task 2: ?s('cat')==True{g('cat')};, time: 1787690989.8601887
Output for task 7: tc(30);, time: 1787690989.860687
Start executing task 2 for agent 2 on time 1787690989.8615134 with plan ?s('cat')==True{g('cat')};
Start executing task 7 for agent 7 on time 1787690989.8623266 with plan tc(30);
Output for task 1: ?iv('boy')==True{tc(45)}->False;, time: 1787690989.873918
Start executing task 1 for agent 1 on time 1787690989.8751743 with plan ?iv('boy')==True{tc(45)}->False;
Output for task 6: ?s('cat')==True{g('cat')}->False, time: 1787690989.8850062
Start executing task 6 for agent 6 on time 1787690989.8862371 with plan ?s('cat')==True{g('cat')}->False
Output for task 9: mu(40);?iv('book')==True{tp()}->False, time: 1787690989.9449668
Start executing task 9 for agent 9 on time 1787690989.9467769 with plan mu(40);?iv('book')==True{tp()}->False
Output for task 8: md(40);?iv('toy')==True{g('toy')}->False, time: 1787690989.951604
Start executing task 8 for agent 8 on time 1787690989.953215 with plan md(40);?iv('toy')==True{g('toy')}->False
Output for task 11: md(40);?iv('toy')==True{g('toy')}->False, time: 1787690989.9775155
Start executing task 11 for agent 11 on time 1787690989.979246 with plan md(40);?iv('toy')==True{g('toy')}->False
Output for task 12: md(40);?iv('toy')==True{g('toy')}->False, time: 1787690989.9838924
Start executing task 12 for agent 12 on time 1787690989.9854364 with plan md(40);?iv('toy')==True{g('toy')}->False
Output for task 10: ?iv('keys')&iv('wallet')->{l('Yes');->True}l('No');->False, time: 1787690990.0029564
Start executing task 10 for agent 10 on time 1787690990.0047522 with plan ?iv('keys')&iv('wallet')->{l('Yes');->True}l('No');->False
Finish executing task 10 for agent 10 on time 1787690990.009025 with plan ?iv('keys')&iv('wallet')->{l('Yes');->True}l('No');->False
Finish executing task 4 for agent 4 on time 1787690991.9355688 with plan tc(45);
Finish executing task 3 for agent 3 on time 1787690992.4132533 with plan tc(30);
Finish executing task 5 for agent 5 on time 1787690992.4206676 with plan tc(30);
Finish executing task 9 for agent 9 on time 1787690992.4487615 with plan mu(40);?iv('book')==True{tp()}->False
Finish executing task 7 for agent 7 on time 1787690992.4493532 with plan tc(30);
Generating request from task 13, time: 1787690992.5779295
Generating request from task 14, time: 1787690992.5783825
Generating request from task 15, time: 1787690992.579367
Generating request from task 16, time: 1787690992.5803468
Generating request from task 17, time: 1787690992.58139
Generating request from task 18, time: 1787690992.5823689
Generating request from task 19, time: 1787690992.5833926
Generating request from task 20, time: 1787690992.5843737
Generating request from task 21, time: 1787690992.5853703
Generating request from task 22, time: 1787690992.5863912
Generating request from task 23, time: 1787690992.5873594
Generating request from task 24, time: 1787690992.5883558
Generating request from task 25, time: 1787690992.5893602
Generating request from task 26, time: 1787690992.5903716
Added task 13, time: 1787690992.595884
Added task 14, time: 1787690992.6098628
Added task 15, time: 1787690992.622711
Added task 16, time: 1787690992.6595137
Added task 17, time: 1787690992.6751747
Added task 18, time: 1787690992.6890655
Added task 19, time: 1787690992.6993375
Added task 20, time: 1787690992.7166886
Output for task 13: tc(30);, time: 1787690992.7168071
Start executing task 13 for agent 10 on time 1787690992.7174983 with plan tc(30);
Added task 21, time: 1787690992.7591238
Added task 22, time: 1787690992.775632
Added task 23, time: 1787690992.7880478
Added task 24, time: 1787690992.7979145
Added task 25, time: 1787690992.8072908
Added task 26, time: 1787690992.8174264
Output for task 14: mu(40);?iv('book')==True{tp()}->False, time: 1787690992.8241136
Output for task 15: ?iv('boy')==True{tc(45)}->False;, time: 1787690992.8247957
Start executing task 14 for agent 13 on time 1787690992.825788 with plan mu(40);?iv('book')==True{tp()}->False
Start executing task 15 for agent 14 on time 1787690992.8262422 with plan ?iv('boy')==True{tc(45)}->False;
Output for task 16: ?iv('boy')==True{tc(45)}->False;, time: 1787690992.849018
Start executing task 16 for agent 15 on time 1787690992.85053 with plan ?iv('boy')==True{tc(45)}->False;
Output for task 19: ?s('scissors')==True{g('scissors')}->False, time: 1787690992.864867
Start executing task 19 for agent 18 on time 1787690992.866541 with plan ?s('scissors')==True{g('scissors')}->False
Output for task 17: md(40);?iv('toy')==True{g('toy')}->False, time: 1787690992.878198
Output for task 20: mu(40);?iv('book')==True{tp()}->False, time: 1787690992.878873
Output for task 23: tc(30);, time: 1787690992.8795054
Start executing task 17 for agent 16 on time 1787690992.8797584 with plan md(40);?iv('toy')==True{g('toy')}->False
Start executing task 20 for agent 19 on time 1787690992.880454 with plan mu(40);?iv('book')==True{tp()}->False
Start executing task 23 for agent 22 on time 1787690992.88136 with plan tc(30);
Output for task 18: ?iv('keys')&iv('wallet')->{l('Yes');->True}l('No');->False, time: 1787690992.9307685
Start executing task 18 for agent 17 on time 1787690992.9324756 with plan ?iv('keys')&iv('wallet')->{l('Yes');->True}l('No');->False
Finish executing task 18 for agent 17 on time 1787690992.9370215 with plan ?iv('keys')&iv('wallet')->{l('Yes');->True}l('No');->False
Output for task 22: ?iv('boy')==True{tc(45)}->False;, time: 1787690992.9441984
Start executing task 22 for agent 21 on time 1787690992.9457989 with plan ?iv('boy')==True{tc(45)}->False;
Output for task 25: ?s('cat')==True{g('cat')};, time: 1787690992.950797
Start executing task 25 for agent 24 on time 1787690992.9523365 with plan ?s('cat')==True{g('cat')};
Output for task 21: ?iv('keys')&iv('wallet')->{l('Yes');->True}l('No');->False, time: 1787690992.9572716
Start executing task 21 for agent 20 on time 1787690992.9588997 with plan ?iv('keys')&iv('wallet')->{l('Yes');->True}l('No');->False
Finish executing task 21 for agent 20 on time 1787690992.9634147 with plan ?iv('keys')&iv('wallet')->{l('Yes');->True}l('No');->False
Output for task 26: md(40);?iv('toy')==True{g('toy')}->False, time: 1787690993.0018978
Start executing task 26 for agent 25 on time 1787690993.003417 with plan md(40);?iv('toy')==True{g('toy')}->False
Output for task 24: ?iv('keys')&iv('wallet')->{l('Yes');->True}l('No');->False, time: 1787690993.021044
Start executing task 24 for agent 23 on time 1787690993.0227234 with plan ?iv('keys')&iv('wallet')->{l('Yes');->True}l('No');->False
Finish executing task 24 for agent 23 on time 1787690993.027264 with plan ?iv('keys')&iv('wallet')->{l('Yes');->True}l('No');->False
Finish executing task 0 for agent 0 on time 1787690993.8680198 with plan ?s('scissors')==True{g('scissors')}->False
Finish executing task 1 for agent 1 on time 1787690994.8533652 with plan ?iv('boy')==True{tc(45)}->False;
Finish executing task 8 for agent 8 on time 1787690995.255713 with plan md(40);?iv('toy')==True{g('toy')}->False
Finish executing task 11 for agent 11 on time 1787690995.2817416 with plan md(40);?iv('toy')==True{g('toy')}->False
Finish executing task 12 for agent 12 on time 1787690995.2879498 with plan md(40);?iv('toy')==True{g('toy')}->False
Finish executing task 13 for agent 10 on time 1787690995.3043697 with plan tc(30);
Finish executing task 14 for agent 13 on time 1787690995.3278074 with plan mu(40);?iv('book')==True{tp()}->False
Finish executing task 20 for agent 19 on time 1787690995.382446 with plan mu(40);?iv('book')==True{tp()}->False
Finish executing task 23 for agent 22 on time 1787690995.4683814 with plan tc(30);
Finish executing task 2 for agent 2 on time 1787690996.0365148 with plan ?s('cat')==True{g('cat')};
Finish executing task 6 for agent 6 on time 1787690996.0611734 with plan ?s('cat')==True{g('cat')}->False
Finish executing task 19 for agent 18 on time 1787690996.8846624 with plan ?s('scissors')==True{g('scissors')}->False
Finish executing task 15 for agent 14 on time 1787690997.8044207 with plan ?iv('boy')==True{tc(45)}->False;
Finish executing task 16 for agent 15 on time 1787690997.8287194 with plan ?iv('boy')==True{tc(45)}->False;
Finish executing task 22 for agent 21 on time 1787690997.9239354 with plan ?iv('boy')==True{tc(45)}->False;
Finish executing task 17 for agent 16 on time 1787690998.1824021 with plan md(40);?iv('toy')==True{g('toy')}->False
Finish executing task 26 for agent 25 on time 1787690998.3059416 with plan md(40);?iv('toy')==True{g('toy')}->False
Finish executing task 25 for agent 24 on time 1787690999.1272564 with plan ?s('cat')==True{g('cat')};
Generating request from task 27, time: 1787691000.4881442
Generating request from task 28, time: 1787691000.4886515
Generating request from task 29, time: 1787691000.4896157
Generating request from task 30, time: 1787691000.490602
Generating request from task 31, time: 1787691000.491577
Generating request from task 32, time: 1787691000.4925728
Generating request from task 33, time: 1787691000.4935658
Generating request from task 34, time: 1787691000.4945564
Generating request from task 35, time: 1787691000.4955642
Generating request from task 36, time: 1787691000.4965465
Generating request from task 37, time: 1787691000.497555
Added task 27, time: 1787691000.507478
Added task 28, time: 1787691000.521623
Added task 29, time: 1787691000.5345497
Added task 30, time: 1787691000.5741644
Added task 31, time: 1787691000.59315
Added task 32, time: 1787691000.6065238
Added task 33, time: 1787691000.617318
Added task 34, time: 1787691000.6295655
Output for task 27: tc(45);, time: 1787691000.6296756
Start executing task 27 for agent 9 on time 1787691000.6303992 with plan tc(45);
Added task 35, time: 1787691000.656485
Added task 36, time: 1787691000.6823137
Added task 37, time: 1787691000.7046664
Output for task 31: tc(30);, time: 1787691000.708009
Start executing task 31 for agent 0 on time 1787691000.7093782 with plan tc(30);
Output for task 33: tc(30);, time: 1787691000.7133167
Start executing task 33 for agent 3 on time 1787691000.7139757 with plan tc(30);
Output for task 29: mu(40);?iv('book')==True{tp()}->False, time: 1787691000.754007
Start executing task 29 for agent 20 on time 1787691000.7547517 with plan mu(40);?iv('book')==True{tp()}->False
Output for task 30: ?iv('boy')==True{tc(45)}->False;, time: 1787691000.761085
Start executing task 30 for agent 23 on time 1787691000.7618458 with plan ?iv('boy')==True{tc(45)}->False;
Output for task 34: mu(40);?iv('book')==True{tp()}->False, time: 1787691000.7885444
Output for task 35: ?iv('boy')==True{tc(45)}->False;, time: 1787691000.7886834
Start executing task 35 for agent 7 on time 1787691000.7891865 with plan ?iv('boy')==True{tc(45)}->False;
Start executing task 34 for agent 5 on time 1787691000.7896087 with plan mu(40);?iv('book')==True{tp()}->False
Output for task 28: ?iv('keys')&iv('wallet')->{l('Yes');->True}l('No');->False, time: 1787691000.8082345
Start executing task 28 for agent 17 on time 1787691000.808965 with plan ?iv('keys')&iv('wallet')->{l('Yes');->True}l('No');->False
Finish executing task 28 for agent 17 on time 1787691000.8134744 with plan ?iv('keys')&iv('wallet')->{l('Yes');->True}l('No');->False
Output for task 36: mu(40);?iv('book')==True{tp()}->False, time: 1787691000.814928
Start executing task 36 for agent 1 on time 1787691000.815635 with plan mu(40);?iv('book')==True{tp()}->False
Output for task 32: ?iv('keys')&iv('wallet')->{l('Yes');->True}l('No');->False, time: 1787691000.84071
Output for task 37: md(40);?iv('toy')==True{g('toy')}->False, time: 1787691000.840864
Start executing task 37 for agent 8 on time 1787691000.8416464 with plan md(40);?iv('toy')==True{g('toy')}->False
Start executing task 32 for agent 4 on time 1787691000.841965 with plan ?iv('keys')&iv('wallet')->{l('Yes');->True}l('No');->False
Finish executing task 32 for agent 4 on time 1787691000.8467627 with plan ?iv('keys')&iv('wallet')->{l('Yes');->True}l('No');->False
Generating request from task 38, time: 1787691001.2588058
Added task 38, time: 1787691001.2748892
Output for task 38: tc(30);, time: 1787691001.3289497
Start executing task 38 for agent 11 on time 1787691001.3297927 with plan tc(30);
Finish executing task 27 for agent 9 on time 1787691002.7394814 with plan tc(45);
Finish executing task 29 for agent 20 on time 1787691003.2567778 with plan mu(40);?iv('book')==True{tp()}->False
Finish executing task 34 for agent 5 on time 1787691003.2915566 with plan mu(40);?iv('book')==True{tp()}->False
Finish executing task 31 for agent 0 on time 1787691003.2964394 with plan tc(30);
Finish executing task 33 for agent 3 on time 1787691003.3009963 with plan tc(30);
Finish executing task 36 for agent 1 on time 1787691003.317725 with plan mu(40);?iv('book')==True{tp()}->False
Finish executing task 38 for agent 11 on time 1787691003.916865 with plan tc(30);
Finish executing task 30 for agent 23 on time 1787691005.7401865 with plan ?iv('boy')==True{tc(45)}->False;
Finish executing task 35 for agent 7 on time 1787691005.767273 with plan ?iv('boy')==True{tc(45)}->False;
Finish executing task 37 for agent 8 on time 1787691006.1444259 with plan md(40);?iv('toy')==True{g('toy')}->False
Generating request from task 39, time: 1787691020.4733062
Generating request from task 40, time: 1787691020.4738765
Generating request from task 41, time: 1787691020.4745758
Generating request from task 42, time: 1787691020.4755116
Generating request from task 43, time: 1787691020.4765072
Generating request from task 44, time: 1787691020.4774911
Generating request from task 45, time: 1787691020.478506
Generating request from task 46, time: 1787691020.4794915
Generating request from task 47, time: 1787691020.4804835
Added task 39, time: 1787691020.5013602
Added task 40, time: 1787691020.5149477
Added task 41, time: 1787691020.5279188
Added task 42, time: 1787691020.572422
Added task 43, time: 1787691020.59037
Added task 44, time: 1787691020.6017294
Added task 45, time: 1787691020.6123857
Added task 46, time: 1787691020.6222646
Added task 47, time: 1787691020.6314764
Output for task 42: tc(45);, time: 1787691020.6809092
Start executing task 42 for agent 2 on time 1787691020.6817412 with plan tc(45);
Output for task 41: ?s('cat')==True{g('cat')};, time: 1787691020.7023299
Start executing task 41 for agent 19 on time 1787691020.703105 with plan ?s('cat')==True{g('cat')};
Output for task 39: ?iv('boy')==True{tc(45)}->False;, time: 1787691020.7126114
Start executing task 39 for agent 12 on time 1787691020.7134151 with plan ?iv('boy')==True{tc(45)}->False;
Output for task 40: ?iv('boy')==True{tc(45)}->False;, time: 1787691020.7194304
Start executing task 40 for agent 13 on time 1787691020.720137 with plan ?iv('boy')==True{tc(45)}->False;
Output for task 47: tc(45);, time: 1787691020.7259886
Start executing task 47 for agent 14 on time 1787691020.726588 with plan tc(45);
Output for task 44: ?s('cat')==True{g('cat')};, time: 1787691020.74601
Start executing task 44 for agent 18 on time 1787691020.746984 with plan ?s('cat')==True{g('cat')};
Output for task 46: ?s('scissors')==True{g('scissors')}->False, time: 1787691020.7717855
Start executing task 46 for agent 22 on time 1787691020.7725892 with plan ?s('scissors')==True{g('scissors')}->False
Output for task 43: md(40);?iv('toy')==True{g('toy')}->False, time: 1787691020.7781243
Start executing task 43 for agent 6 on time 1787691020.778849 with plan md(40);?iv('toy')==True{g('toy')}->False
Output for task 45: md(40);?iv('toy')==True{g('toy')}->False, time: 1787691020.7843874
Start executing task 45 for agent 10 on time 1787691020.7851832 with plan md(40);?iv('toy')==True{g('toy')}->False
Finish executing task 42 for agent 2 on time 1787691022.7908564 with plan tc(45);
Finish executing task 47 for agent 14 on time 1787691022.8356113 with plan tc(45);
Finish executing task 46 for agent 22 on time 1787691024.790681 with plan ?s('scissors')==True{g('scissors')}->False
Finish executing task 39 for agent 12 on time 1787691025.6916332 with plan ?iv('boy')==True{tc(45)}->False;
Finish executing task 40 for agent 13 on time 1787691025.6983068 with plan ?iv('boy')==True{tc(45)}->False;
Generating request from task 48, time: 1787691025.955901
Generating request from task 49, time: 1787691025.956552
Added task 48, time: 1787691025.9662168
Added task 49, time: 1787691025.9749243
Output for task 48: tc(45);, time: 1787691026.0047119
Start executing task 48 for agent 15 on time 1787691026.005502 with plan tc(45);
Output for task 49: tc(45);, time: 1787691026.0111392
Start executing task 49 for agent 21 on time 1787691026.0119858 with plan tc(45);
Finish executing task 43 for agent 6 on time 1787691026.08132 with plan md(40);?iv('toy')==True{g('toy')}->False
Finish executing task 45 for agent 10 on time 1787691026.0876784 with plan md(40);?iv('toy')==True{g('toy')}->False
Finish executing task 41 for agent 19 on time 1787691026.878107 with plan ?s('cat')==True{g('cat')};
Finish executing task 44 for agent 18 on time 1787691026.9220166 with plan ?s('cat')==True{g('cat')};
Generating request from task 50, time: 1787691028.0587006
Generating request from task 51, time: 1787691028.0594473
Generating request from task 52, time: 1787691028.0604136
Generating request from task 53, time: 1787691028.061378
Generating request from task 54, time: 1787691028.0623736
Generating request from task 55, time: 1787691028.063367
Added task 50, time: 1787691028.0775216
Added task 51, time: 1787691028.092761
Added task 52, time: 1787691028.1052594
Finish executing task 48 for agent 15 on time 1787691028.1146286 with plan tc(45);
Added task 53, time: 1787691028.118907
Finish executing task 49 for agent 21 on time 1787691028.1211371 with plan tc(45);
Added task 54, time: 1787691028.1290596
Added task 55, time: 1787691028.1383338
Output for task 52: tc(30);, time: 1787691028.1558983
Start executing task 52 for agent 24 on time 1787691028.1564858 with plan tc(30);
Output for task 54: tc(45);, time: 1787691028.1764746
Start executing task 54 for agent 4 on time 1787691028.1771302 with plan tc(45);
Output for task 50: ?iv('boy')==True{tc(45)}->False;, time: 1787691028.1830213
Start executing task 50 for agent 16 on time 1787691028.1837037 with plan ?iv('boy')==True{tc(45)}->False;
Output for task 53: ?s('scissors')==True{g('scissors')}->False, time: 1787691028.2285237
Start executing task 53 for agent 17 on time 1787691028.2293007 with plan ?s('scissors')==True{g('scissors')}->False
Output for task 55: ?s('scissors')==True{g('scissors')}->False, time: 1787691028.2475743
Start executing task 55 for agent 20 on time 1787691028.2483966 with plan ?s('scissors')==True{g('scissors')}->False
Output for task 51: ?iv('keys')&iv('wallet')->{l('Yes');->True}l('No');->False, time: 1787691028.2666225
Start executing task 51 for agent 25 on time 1787691028.2673328 with plan ?iv('keys')&iv('wallet')->{l('Yes');->True}l('No');->False
Finish executing task 51 for agent 25 on time 1787691028.2718508 with plan ?iv('keys')&iv('wallet')->{l('Yes');->True}l('No');->False
Generating request from task 56, time: 1787691028.8351262
Generating request from task 57, time: 1787691028.8359885
Generating request from task 58, time: 1787691028.8369427
Generating request from task 59, time: 1787691028.837922
Added task 56, time: 1787691028.848284
Added task 57, time: 1787691028.860135
Added task 58, time: 1787691028.8707027
Added task 59, time: 1787691028.8816245
Output for task 56: tc(30);, time: 1787691028.887941
Start executing task 56 for agent 5 on time 1787691028.8885417 with plan tc(30);
Output for task 57: tc(45);, time: 1787691028.905652
Start executing task 57 for agent 1 on time 1787691028.9062226 with plan tc(45);
Output for task 58: tc(45);, time: 1787691028.9120064
Start executing task 58 for agent 9 on time 1787691028.912531 with plan tc(45);
Output for task 59: ?s('scissors')==True{g('scissors')}->False, time: 1787691028.988441
Start executing task 59 for agent 0 on time 1787691028.9894083 with plan ?s('scissors')==True{g('scissors')}->False
Finish executing task 54 for agent 4 on time 1787691030.2861836 with plan tc(45);
Finish executing task 52 for agent 24 on time 1787691030.7434645 with plan tc(30);
Finish executing task 57 for agent 1 on time 1787691031.015285 with plan tc(45);
Finish executing task 58 for agent 9 on time 1787691031.02155 with plan tc(45);
Finish executing task 56 for agent 5 on time 1787691031.4756465 with plan tc(30);
Finish executing task 53 for agent 17 on time 1787691032.2474077 with plan ?s('scissors')==True{g('scissors')}->False
Finish executing task 55 for agent 20 on time 1787691032.2664907 with plan ?s('scissors')==True{g('scissors')}->False
Finish executing task 59 for agent 0 on time 1787691033.0075724 with plan ?s('scissors')==True{g('scissors')}->False
Finish executing task 50 for agent 16 on time 1787691033.1619184 with plan ?iv('boy')==True{tc(45)}->False;
Generating request from task 60, time: 1787691038.0873601
Generating request from task 61, time: 1787691038.0878942
Generating request from task 62, time: 1787691038.0887573
Generating request from task 63, time: 1787691038.089706
Generating request from task 64, time: 1787691038.0907025
Generating request from task 65, time: 1787691038.0916865
Generating request from task 66, time: 1787691038.092677
Generating request from task 67, time: 1787691038.0936763
Added task 60, time: 1787691038.1041894
Added task 61, time: 1787691038.1187778
Added task 62, time: 1787691038.131759
Added task 63, time: 1787691038.1692033
Added task 64, time: 1787691038.1845462
Added task 65, time: 1787691038.197615
Added task 66, time: 1787691038.2078767
Added task 67, time: 1787691038.2190053
Output for task 62: tc(45);, time: 1787691038.2581627
Start executing task 62 for agent 7 on time 1787691038.2687304 with plan tc(45);
Output for task 60: ?iv('boy')==True{tc(45)}->False;, time: 1787691038.3055806
Start executing task 60 for agent 3 on time 1787691038.3063545 with plan ?iv('boy')==True{tc(45)}->False;
Output for task 61: ?iv('boy')==True{tc(45)}->False;, time: 1787691038.3126502
Start executing task 61 for agent 23 on time 1787691038.313387 with plan ?iv('boy')==True{tc(45)}->False;
Output for task 64: ?iv('boy')==True{tc(45)}->False;, time: 1787691038.339322
Start executing task 64 for agent 11 on time 1787691038.3400786 with plan ?iv('boy')==True{tc(45)}->False;
Output for task 65: ?s('scissors')==True{g('scissors')}->False, time: 1787691038.3457973
Start executing task 65 for agent 22 on time 1787691038.346514 with plan ?s('scissors')==True{g('scissors')}->False
Output for task 66: ?iv('boy')==True{tc(45)}->False;, time: 1787691038.3524227
Output for task 67: ?iv('boy')==True{tc(45)}->False;, time: 1787691038.3525875
Start executing task 67 for agent 14 on time 1787691038.3531296 with plan ?iv('boy')==True{tc(45)}->False;
Start executing task 66 for agent 2 on time 1787691038.3534513 with plan ?iv('boy')==True{tc(45)}->False;
Output for task 63: ?iv('keys')&iv('wallet')->{l('Yes');->True}l('No');->False, time: 1787691038.3966734
Start executing task 63 for agent 8 on time 1787691038.3974528 with plan ?iv('keys')&iv('wallet')->{l('Yes');->True}l('No');->False
Finish executing task 63 for agent 8 on time 1787691038.4020004 with plan ?iv('keys')&iv('wallet')->{l('Yes');->True}l('No');->False
Finish executing task 62 for agent 7 on time 1787691040.3778636 with plan tc(45);
Finish executing task 65 for agent 22 on time 1787691042.364578 with plan ?s('scissors')==True{g('scissors')}->False
Generating request from task 68, time: 1787691042.6130126
Generating request from task 69, time: 1787691042.6135085
Generating request from task 70, time: 1787691042.6144679
Generating request from task 71, time: 1787691042.6154509
Generating request from task 72, time: 1787691042.616442
Generating request from task 73, time: 1787691042.6174355
Added task 68, time: 1787691042.629992
Added task 69, time: 1787691042.644633
Added task 70, time: 1787691042.6574972
Added task 71, time: 1787691042.701981
Added task 72, time: 1787691042.7243576
Added task 73, time: 1787691042.740046
Output for task 72: tc(30);, time: 1787691042.7842386
Start executing task 72 for agent 19 on time 1787691042.7850115 with plan tc(30);
Output for task 69: ?s('cat')==True{g('cat')};, time: 1787691042.8042657
Start executing task 69 for agent 13 on time 1787691042.8049204 with plan ?s('cat')==True{g('cat')};
Output for task 68: ?s('scissors')==True{g('scissors')}->False, time: 1787691042.817315
Start executing task 68 for agent 12 on time 1787691042.8179476 with plan ?s('scissors')==True{g('scissors')}->False
Output for task 73: ?s('cat')==True{g('cat')};, time: 1787691042.8365853
Start executing task 73 for agent 18 on time 1787691042.837226 with plan ?s('cat')==True{g('cat')};
Output for task 71: md(40);?iv('toy')==True{g('toy')}->False, time: 1787691042.8560958
Start executing task 71 for agent 10 on time 1787691042.856792 with plan md(40);?iv('toy')==True{g('toy')}->False
Output for task 70: ?iv('keys')&iv('wallet')->{l('Yes');->True}l('No');->False, time: 1787691042.8938482
Start executing task 70 for agent 6 on time 1787691042.8944862 with plan ?iv('keys')&iv('wallet')->{l('Yes');->True}l('No');->False
Finish executing task 70 for agent 6 on time 1787691042.898961 with plan ?iv('keys')&iv('wallet')->{l('Yes');->True}l('No');->False
Finish executing task 60 for agent 3 on time 1787691043.2845743 with plan ?iv('boy')==True{tc(45)}->False;
Finish executing task 61 for agent 23 on time 1787691043.2915711 with plan ?iv('boy')==True{tc(45)}->False;
Finish executing task 64 for agent 11 on time 1787691043.318369 with plan ?iv('boy')==True{tc(45)}->False;
Finish executing task 67 for agent 14 on time 1787691043.3310833 with plan ?iv('boy')==True{tc(45)}->False;
Finish executing task 66 for agent 2 on time 1787691043.3315837 with plan ?iv('boy')==True{tc(45)}->False;
Generating request from task 74, time: 1787691044.6945524
Generating request from task 75, time: 1787691044.695322
Generating request from task 76, time: 1787691044.6962898
Generating request from task 77, time: 1787691044.6972914
Generating request from task 78, time: 1787691044.698281
Generating request from task 79, time: 1787691044.699271
Generating request from task 80, time: 1787691044.700302
Generating request from task 81, time: 1787691044.7012665
Generating request from task 82, time: 1787691044.7022738
Generating request from task 83, time: 1787691044.7032714
Generating request from task 84, time: 1787691044.7042665
Generating request from task 85, time: 1787691044.7052717
Generating request from task 86, time: 1787691044.7062707
Generating request from task 87, time: 1787691044.707273
Generating request from task 88, time: 1787691044.7082741
Added task 74, time: 1787691044.7113621
Added task 75, time: 1787691044.7258148
Added task 76, time: 1787691044.7389915
Added task 77, time: 1787691044.7802324
Added task 78, time: 1787691044.8023546
Added task 79, time: 1787691044.8216703
Added task 80, time: 1787691044.8363914
Added task 81, time: 1787691044.8490133
Output for task 74: tc(45);, time: 1787691044.8491285
Start executing task 74 for agent 25 on time 1787691044.8504496 with plan tc(45);
Added task 82, time: 1787691044.859663
Added task 83, time: 1787691044.8798597
Added task 84, time: 1787691044.9008014
Output for task 77: tc(45);, time: 1787691044.900939
Start executing task 77 for agent 17 on time 1787691044.9015841 with plan tc(45);
Added task 85, time: 1787691044.9200456
Added task 86, time: 1787691044.931243
Added task 87, time: 1787691044.940094
Added task 88, time: 1787691044.9485068
Output for task 80: tc(30);, time: 1787691044.9486024
Start executing task 80 for agent 24 on time 1787691044.949813 with plan tc(30);
Output for task 76: ?s('cat')==True{g('cat')};, time: 1787691044.951156
Start executing task 76 for agent 21 on time 1787691044.9516792 with plan ?s('cat')==True{g('cat')};
Output for task 75: ?iv('boy')==True{tc(45)}->False;, time: 1787691044.9676747
Start executing task 75 for agent 15 on time 1787691044.9682148 with plan ?iv('boy')==True{tc(45)}->False;
Output for task 84: tc(30);, time: 1787691044.9839485
Start executing task 84 for agent 9 on time 1787691044.9845986 with plan tc(30);
Output for task 78: ?s('scissors')==True{g('scissors')}->False, time: 1787691044.9939804
Start executing task 78 for agent 20 on time 1787691044.994634 with plan ?s('scissors')==True{g('scissors')}->False
Output for task 79: ?s('scissors')==True{g('scissors')}->False, time: 1787691045.010504
Start executing task 79 for agent 4 on time 1787691045.0112133 with plan ?s('scissors')==True{g('scissors')}->False
Output for task 81: ?s('scissors')==True{g('scissors')}->False, time: 1787691045.0196548
Start executing task 81 for agent 16 on time 1787691045.0204394 with plan ?s('scissors')==True{g('scissors')}->False
Output for task 82: mu(40);?iv('book')==True{tp()}->False, time: 1787691045.0268223
Output for task 83: ?iv('boy')==True{tc(45)}->False;, time: 1787691045.0270958
Output for task 87: tc(45);, time: 1787691045.02726
Start executing task 82 for agent 0 on time 1787691045.027404 with plan mu(40);?iv('book')==True{tp()}->False
Start executing task 83 for agent 1 on time 1787691045.027936 with plan ?iv('boy')==True{tc(45)}->False;
Start executing task 87 for agent 22 on time 1787691045.0280986 with plan tc(45);
Output for task 85: ?s('cat')==True{g('cat')};, time: 1787691045.0462763
Start executing task 85 for agent 5 on time 1787691045.0469158 with plan ?s('cat')==True{g('cat')};
Output for task 86: ?iv('boy')==True{tc(45)}->False;, time: 1787691045.0783675
Start executing task 86 for agent 8 on time 1787691045.0789123 with plan ?iv('boy')==True{tc(45)}->False;
Output for task 88: ?iv('boy')==True{tc(45)}->False;, time: 1787691045.0972705
Start executing task 88 for agent 7 on time 1787691045.0978441 with plan ?iv('boy')==True{tc(45)}->False;
Finish executing task 72 for agent 19 on time 1787691045.3720946 with plan tc(30);
Finish executing task 68 for agent 12 on time 1787691046.8360426 with plan ?s('scissors')==True{g('scissors')}->False
Finish executing task 74 for agent 25 on time 1787691046.9595642 with plan tc(45);
Finish executing task 77 for agent 17 on time 1787691047.0106485 with plan tc(45);
Finish executing task 87 for agent 22 on time 1787691047.1373854 with plan tc(45);
Finish executing task 82 for agent 0 on time 1787691047.5295033 with plan mu(40);?iv('book')==True{tp()}->False
Finish executing task 80 for agent 24 on time 1787691047.536851 with plan tc(30);
Finish executing task 84 for agent 9 on time 1787691047.5716336 with plan tc(30);
Finish executing task 71 for agent 10 on time 1787691048.1594658 with plan md(40);?iv('toy')==True{g('toy')}->False
Finish executing task 69 for agent 13 on time 1787691048.9799283 with plan ?s('cat')==True{g('cat')};
Finish executing task 73 for agent 18 on time 1787691049.0122018 with plan ?s('cat')==True{g('cat')};
Finish executing task 78 for agent 20 on time 1787691049.0127456 with plan ?s('scissors')==True{g('scissors')}->False
Finish executing task 79 for agent 4 on time 1787691049.0293014 with plan ?s('scissors')==True{g('scissors')}->False
Finish executing task 81 for agent 16 on time 1787691049.038549 with plan ?s('scissors')==True{g('scissors')}->False
Finish executing task 75 for agent 15 on time 1787691049.946398 with plan ?iv('boy')==True{tc(45)}->False;
Finish executing task 83 for agent 1 on time 1787691050.006248 with plan ?iv('boy')==True{tc(45)}->False;
Finish executing task 86 for agent 8 on time 1787691050.057192 with plan ?iv('boy')==True{tc(45)}->False;
Finish executing task 88 for agent 7 on time 1787691050.0760214 with plan ?iv('boy')==True{tc(45)}->False;
Finish executing task 76 for agent 21 on time 1787691051.1265514 with plan ?s('cat')==True{g('cat')};
Finish executing task 85 for agent 5 on time 1787691051.2218862 with plan ?s('cat')==True{g('cat')};
Generating request from task 89, time: 1787691063.4330323
Generating request from task 90, time: 1787691063.433566
Generating request from task 91, time: 1787691063.4343796
Generating request from task 92, time: 1787691063.4353435
Generating request from task 93, time: 1787691063.436322
Generating request from task 94, time: 1787691063.4373336
Generating request from task 95, time: 1787691063.4383426
Generating request from task 96, time: 1787691063.4393213
Generating request from task 97, time: 1787691063.440314
Generating request from task 98, time: 1787691063.4413297
Generating request from task 99, time: 1787691063.4423366
Generating request from task 100, time: 1787691063.4433327
Generating request from task 101, time: 1787691063.4443214
Generating request from task 102, time: 1787691063.4453225
Generating request from task 103, time: 1787691063.4463391
Added task 89, time: 1787691063.4477406
Added task 90, time: 1787691063.4604592
Added task 91, time: 1787691063.471382
Added task 92, time: 1787691063.4997082
Added task 93, time: 1787691063.5124707
Added task 94, time: 1787691063.5237095
Added task 95, time: 1787691063.5324144
Added task 96, time: 1787691063.5513618
Added task 97, time: 1787691063.5777907
Added task 98, time: 1787691063.5914555
Added task 99, time: 1787691063.6016235
Added task 100, time: 1787691063.6098812
Added task 101, time: 1787691063.6176598
Added task 102, time: 1787691063.6252694
Output for task 94: tc(30);, time: 1787691063.6253529
Start executing task 94 for agent 14 on time 1787691063.6265807 with plan tc(30);
Added task 103, time: 1787691063.632672
Output for task 89: ?iv('boy')==True{tc(45)}->False;, time: 1787691063.6403844
Start executing task 89 for agent 6 on time 1787691063.6410787 with plan ?iv('boy')==True{tc(45)}->False;
Output for task 90: ?s('scissors')==True{g('scissors')}->False, time: 1787691063.6593037
Output for task 92: ?s('cat')==True{g('cat')};, time: 1787691063.6593726
Start executing task 92 for agent 11 on time 1787691063.659949 with plan ?s('cat')==True{g('cat')};
Start executing task 90 for agent 3 on time 1787691063.6603584 with plan ?s('scissors')==True{g('scissors')}->False
Output for task 93: ?s('cat')==True{g('cat')};, time: 1787691063.6767688
Output for task 97: tc(30);, time: 1787691063.676856
Start executing task 93 for agent 2 on time 1787691063.6774273 with plan ?s('cat')==True{g('cat')};
Start executing task 97 for agent 0 on time 1787691063.677591 with plan tc(30);
Output for task 95: ?s('cat')==True{g('cat')};, time: 1787691063.6936898
Start executing task 95 for agent 12 on time 1787691063.6943622 with plan ?s('cat')==True{g('cat')};
Output for task 96: ?s('cat')==True{g('cat')};, time: 1787691063.7070239
Output for task 91: md(40);?iv('toy')==True{g('toy')}->False, time: 1787691063.7103193
Start executing task 91 for agent 23 on time 1787691063.711721 with plan md(40);?iv('toy')==True{g('toy')}->False
Start executing task 96 for agent 19 on time 1787691063.7133305 with plan ?s('cat')==True{g('cat')};
Output for task 103: tc(30);, time: 1787691063.7306178
Start executing task 103 for agent 17 on time 1787691063.7314372 with plan tc(30);
Output for task 99: ?s('cat')==True{g('cat')};, time: 1787691063.763788
Start executing task 99 for agent 20 on time 1787691063.7644222 with plan ?s('cat')==True{g('cat')};
Output for task 101: ?s('cat')==True{g('cat')};, time: 1787691063.7704995
Start executing task 101 for agent 16 on time 1787691063.771221 with plan ?s('cat')==True{g('cat')};
Output for task 98: ?s('scissors')==True{g('scissors')}->False, time: 1787691063.7769623
Start executing task 98 for agent 10 on time 1787691063.777502 with plan ?s('scissors')==True{g('scissors')}->False
Output for task 100: ?s('scissors')==True{g('scissors')}->False, time: 1787691063.7833693
Start executing task 100 for agent 4 on time 1787691063.7840154 with plan ?s('scissors')==True{g('scissors')}->False
Output for task 102: ?s('scissors')==True{g('scissors')}->False, time: 1787691063.78967
Start executing task 102 for agent 25 on time 1787691063.7904058 with plan ?s('scissors')==True{g('scissors')}->False
Finish executing task 94 for agent 14 on time 1787691066.213708 with plan tc(30);
Finish executing task 97 for agent 0 on time 1787691066.2649913 with plan tc(30);
Finish executing task 103 for agent 17 on time 1787691066.318472 with plan tc(30);
Generating request from task 104, time: 1787691067.6598024
Generating request from task 105, time: 1787691067.6604497
Generating request from task 106, time: 1787691067.6613767
Generating request from task 107, time: 1787691067.6623793
Generating request from task 108, time: 1787691067.6633406
Generating request from task 109, time: 1787691067.6643353
Generating request from task 110, time: 1787691067.6653416
Generating request from task 111, time: 1787691067.6663268
Generating request from task 112, time: 1787691067.667332
Generating request from task 113, time: 1787691067.6683376
Generating request from task 114, time: 1787691067.6693208
Generating request from task 115, time: 1787691067.6703453
Generating request from task 116, time: 1787691067.6713247
Generating request from task 117, time: 1787691067.672322
Finish executing task 90 for agent 3 on time 1787691067.6784487 with plan ?s('scissors')==True{g('scissors')}->False
Added task 104, time: 1787691067.678522
Added task 105, time: 1787691067.694177
Added task 106, time: 1787691067.708102
Added task 107, time: 1787691067.7351289
Added task 108, time: 1787691067.7529294
Added task 109, time: 1787691067.76612
Added task 110, time: 1787691067.7762182
Added task 111, time: 1787691067.7870116
Finish executing task 98 for agent 10 on time 1787691067.7955105 with plan ?s('scissors')==True{g('scissors')}->False
Finish executing task 100 for agent 4 on time 1787691067.8021255 with plan ?s('scissors')==True{g('scissors')}->False
Added task 112, time: 1787691067.8036091
Finish executing task 102 for agent 25 on time 1787691067.8085113 with plan ?s('scissors')==True{g('scissors')}->False
Added task 113, time: 1787691067.8275642
Added task 114, time: 1787691067.8396127
Added task 115, time: 1787691067.848403
Added task 116, time: 1787691067.8564599
Added task 117, time: 1787691067.8646116
Output for task 110: tc(45);, time: 1787691067.8652093
Output for task 111: tc(45);, time: 1787691067.8652835
Start executing task 110 for agent 7 on time 1787691067.8660448 with plan tc(45);
Start executing task 111 for agent 13 on time 1787691067.8664725 with plan tc(45);
Output for task 105: ?iv('boy')==True{tc(45)}->False;, time: 1787691067.8915412
Start executing task 105 for agent 24 on time 1787691067.8921564 with plan ?iv('boy')==True{tc(45)}->False;
Output for task 106: ?s('scissors')==True{g('scissors')}->False, time: 1787691067.9109206
Start executing task 106 for agent 9 on time 1787691067.9115832 with plan ?s('scissors')==True{g('scissors')}->False
Output for task 104: md(40);?iv('toy')==True{g('toy')}->False, time: 1787691067.9285417
Start executing task 104 for agent 22 on time 1787691067.929211 with plan md(40);?iv('toy')==True{g('toy')}->False
Output for task 107: mu(40);?iv('book')==True{tp()}->False, time: 1787691067.9465775
Start executing task 107 for agent 15 on time 1787691067.9472818 with plan mu(40);?iv('book')==True{tp()}->False
Output for task 108: md(40);?iv('toy')==True{g('toy')}->False, time: 1787691067.96255
Start executing task 108 for agent 1 on time 1787691067.9632683 with plan md(40);?iv('toy')==True{g('toy')}->False
Output for task 109: md(40);?iv('toy')==True{g('toy')}->False, time: 1787691067.9694822
Start executing task 109 for agent 8 on time 1787691067.9702368 with plan md(40);?iv('toy')==True{g('toy')}->False
Output for task 113: ?iv('boy')==True{tc(45)}->False;, time: 1787691067.9966707
Start executing task 113 for agent 21 on time 1787691067.997375 with plan ?iv('boy')==True{tc(45)}->False;
Output for task 115: ?iv('boy')==True{tc(45)}->False;, time: 1787691068.030102
Start executing task 115 for agent 26 on time 1787691068.032375 with plan ?iv('boy')==True{tc(45)}->False;
Output for task 116: md(40);?iv('toy')==True{g('toy')}->False, time: 1787691068.0563433
Output for task 117: mu(40);?iv('book')==True{tp()}->False, time: 1787691068.057173
Start executing task 116 for agent 27 on time 1787691068.0581613 with plan md(40);?iv('toy')==True{g('toy')}->False
Start executing task 117 for agent 28 on time 1787691068.0586307 with plan mu(40);?iv('book')==True{tp()}->False
Output for task 112: ?iv('keys')&iv('wallet')->{l('Yes');->True}l('No');->False, time: 1787691068.0628498
Start executing task 112 for agent 18 on time 1787691068.063539 with plan ?iv('keys')&iv('wallet')->{l('Yes');->True}l('No');->False
Finish executing task 112 for agent 18 on time 1787691068.0680625 with plan ?iv('keys')&iv('wallet')->{l('Yes');->True}l('No');->False
Output for task 114: ?iv('keys')&iv('wallet')->{l('Yes');->True}l('No');->False, time: 1787691068.0880463
Start executing task 114 for agent 5 on time 1787691068.0889094 with plan ?iv('keys')&iv('wallet')->{l('Yes');->True}l('No');->False
Finish executing task 114 for agent 5 on time 1787691068.0936632 with plan ?iv('keys')&iv('wallet')->{l('Yes');->True}l('No');->False
Finish executing task 89 for agent 6 on time 1787691068.6193113 with plan ?iv('boy')==True{tc(45)}->False;
Finish executing task 91 for agent 23 on time 1787691069.0143037 with plan md(40);?iv('toy')==True{g('toy')}->False
Finish executing task 92 for agent 11 on time 1787691069.8349206 with plan ?s('cat')==True{g('cat')};
Finish executing task 93 for agent 2 on time 1787691069.852576 with plan ?s('cat')==True{g('cat')};
Finish executing task 95 for agent 12 on time 1787691069.8693378 with plan ?s('cat')==True{g('cat')};
Finish executing task 96 for agent 19 on time 1787691069.8883202 with plan ?s('cat')==True{g('cat')};
Finish executing task 99 for agent 20 on time 1787691069.9393008 with plan ?s('cat')==True{g('cat')};
Finish executing task 101 for agent 16 on time 1787691069.946177 with plan ?s('cat')==True{g('cat')};
Finish executing task 110 for agent 7 on time 1787691069.9751406 with plan tc(45);
Finish executing task 111 for agent 13 on time 1787691069.9755313 with plan tc(45);
Finish executing task 107 for agent 15 on time 1787691070.4492755 with plan mu(40);?iv('book')==True{tp()}->False
Finish executing task 117 for agent 28 on time 1787691070.560633 with plan mu(40);?iv('book')==True{tp()}->False
Generating request from task 118, time: 1787691071.6991262
Generating request from task 119, time: 1787691071.6996822
Generating request from task 120, time: 1787691071.7006288
Generating request from task 121, time: 1787691071.7015998
Generating request from task 122, time: 1787691071.7025878
Generating request from task 123, time: 1787691071.70358
Generating request from task 124, time: 1787691071.7045789
Generating request from task 125, time: 1787691071.7055714
Generating request from task 126, time: 1787691071.706571
Generating request from task 127, time: 1787691071.70757
Generating request from task 128, time: 1787691071.708573
Generating request from task 129, time: 1787691071.7095685
Generating request from task 130, time: 1787691071.7105706
Generating request from task 131, time: 1787691071.7115636
Generating request from task 132, time: 1787691071.712604
Generating request from task 133, time: 1787691071.7135768
Added task 118, time: 1787691071.7155418
Added task 119, time: 1787691071.7298098
Added task 120, time: 1787691071.7427988
Added task 121, time: 1787691071.7815468
Added task 122, time: 1787691071.802061
Added task 123, time: 1787691071.8163676
Added task 124, time: 1787691071.8293154
Added task 125, time: 1787691071.845532
Added task 126, time: 1787691071.8711448
Added task 127, time: 1787691071.8856583
Added task 128, time: 1787691071.8968935
Added task 129, time: 1787691071.9059377
Added task 130, time: 1787691071.9143543
Output for task 122: tc(45);, time: 1787691071.9144466
Start executing task 122 for agent 18 on time 1787691071.9157078 with plan tc(45);
Added task 131, time: 1787691071.922441
Finish executing task 106 for agent 9 on time 1787691071.9296858 with plan ?s('scissors')==True{g('scissors')}->False
Added task 132, time: 1787691071.9310517
Added task 133, time: 1787691071.9381816
Output for task 118: md(40);?iv('toy')==True{g('toy')}->False, time: 1787691071.948148
Output for task 120: mu(40);?iv('book')==True{tp()}->False, time: 1787691071.948231
Start executing task 120 for agent 4 on time 1787691071.9488175 with plan mu(40);?iv('book')==True{tp()}->False
Start executing task 118 for agent 3 on time 1787691071.94942 with plan md(40);?iv('toy')==True{g('toy')}->False
Output for task 119: md(40);?iv('toy')==True{g('toy')}->False, time: 1787691071.9704425
Start executing task 119 for agent 10 on time 1787691071.9710186 with plan md(40);?iv('toy')==True{g('toy')}->False
Output for task 121: md(40);?iv('toy')==True{g('toy')}->False, time: 1787691071.9929109
Output for task 123: ?iv('boy')==True{tc(45)}->False;, time: 1787691071.9930463
Start executing task 123 for agent 5 on time 1787691071.9936283 with plan ?iv('boy')==True{tc(45)}->False;
Start executing task 121 for agent 25 on time 1787691071.9941742 with plan md(40);?iv('toy')==True{g('toy')}->False
Output for task 125: mu(40);?iv('book')==True{tp()}->False, time: 1787691072.0115383
Start executing task 125 for agent 0 on time 1787691072.0122514 with plan mu(40);?iv('book')==True{tp()}->False
Output for task 124: md(40);?iv('toy')==True{g('toy')}->False, time: 1787691072.0197594
Start executing task 124 for agent 14 on time 1787691072.0202954 with plan md(40);?iv('toy')==True{g('toy')}->False
Output for task 128: ?s('cat')==True{g('cat')};, time: 1787691072.0622373
Start executing task 128 for agent 23 on time 1787691072.062839 with plan ?s('cat')==True{g('cat')};
Output for task 131: ?s('cat')==True{g('cat')};, time: 1787691072.0828686
Start executing task 131 for agent 29 on time 1787691072.0845828 with plan ?s('cat')==True{g('cat')};
Output for task 126: ?iv('keys')&iv('wallet')->{l('Yes');->True}l('No');->False, time: 1787691072.0966089
Start executing task 126 for agent 17 on time 1787691072.0971878 with plan ?iv('keys')&iv('wallet')->{l('Yes');->True}l('No');->False
Finish executing task 126 for agent 17 on time 1787691072.1016622 with plan ?iv('keys')&iv('wallet')->{l('Yes');->True}l('No');->False
Output for task 133: ?s('cat')==True{g('cat')};, time: 1787691072.1034677
Start executing task 133 for agent 31 on time 1787691072.1051977 with plan ?s('cat')==True{g('cat')};
Output for task 130: md(40);?iv('toy')==True{g('toy')}->False, time: 1787691072.1229215
Start executing task 130 for agent 28 on time 1787691072.123652 with plan md(40);?iv('toy')==True{g('toy')}->False
Output for task 132: md(40);?iv('toy')==True{g('toy')}->False, time: 1787691072.135969
Start executing task 132 for agent 30 on time 1787691072.137333 with plan md(40);?iv('toy')==True{g('toy')}->False
Output for task 127: ?iv('keys')&iv('wallet')->{l('Yes');->True}l('No');->False, time: 1787691072.1488862
Start executing task 127 for agent 6 on time 1787691072.149501 with plan ?iv('keys')&iv('wallet')->{l('Yes');->True}l('No');->False
Finish executing task 127 for agent 6 on time 1787691072.1540174 with plan ?iv('keys')&iv('wallet')->{l('Yes');->True}l('No');->False
Output for task 129: ?iv('keys')&iv('wallet')->{l('Yes');->True}l('No');->False, time: 1787691072.1553087
Start executing task 129 for agent 15 on time 1787691072.1559856 with plan ?iv('keys')&iv('wallet')->{l('Yes');->True}l('No');->False
Finish executing task 129 for agent 15 on time 1787691072.1605136 with plan ?iv('keys')&iv('wallet')->{l('Yes');->True}l('No');->False
Finish executing task 105 for agent 24 on time 1787691072.8702593 with plan ?iv('boy')==True{tc(45)}->False;
Finish executing task 113 for agent 21 on time 1787691072.9754748 with plan ?iv('boy')==True{tc(45)}->False;
Generating request from task 134, time: 1787691072.9794004
Generating request from task 135, time: 1787691072.980032
Generating request from task 136, time: 1787691072.9809668
Generating request from task 137, time: 1787691072.9819465
Generating request from task 138, time: 1787691072.9829447
Generating request from task 139, time: 1787691072.9839385
Generating request from task 140, time: 1787691072.9849405
Generating request from task 141, time: 1787691072.9859338
Generating request from task 142, time: 1787691072.9869306
Generating request from task 143, time: 1787691072.987935
Generating request from task 144, time: 1787691072.9889262
Generating request from task 145, time: 1787691072.9899333
Generating request from task 146, time: 1787691072.9909391
Generating request from task 147, time: 1787691072.9919322
Generating request from task 148, time: 1787691072.9929328
Generating request from task 149, time: 1787691072.993925
Added task 134, time: 1787691072.9961953
Added task 135, time: 1787691073.0097334
Finish executing task 115 for agent 26 on time 1787691073.010462 with plan ?iv('boy')==True{tc(45)}->False;
Added task 136, time: 1787691073.0221329
Added task 137, time: 1787691073.0550542
Added task 138, time: 1787691073.0739484
Generating request from task 150, time: 1787691073.0771987
Generating request from task 151, time: 1787691073.0781372
Generating request from task 152, time: 1787691073.0791304
Generating request from task 153, time: 1787691073.0801528
Added task 139, time: 1787691073.0879104
Added task 140, time: 1787691073.1001709
Added task 141, time: 1787691073.1104455
Output for task 134: tc(45);, time: 1787691073.1105464
Start executing task 134 for agent 11 on time 1787691073.1110554 with plan tc(45);
Added task 142, time: 1787691073.1260881
Output for task 135: tc(30);, time: 1787691073.1261907
Start executing task 135 for agent 2 on time 1787691073.1267323 with plan tc(30);
Added task 143, time: 1787691073.1500776
Output for task 136: tc(30);, time: 1787691073.150183
Start executing task 136 for agent 12 on time 1787691073.1589339 with plan tc(30);
Added task 144, time: 1787691073.1633348
Added task 145, time: 1787691073.1737862
Added task 146, time: 1787691073.1819
Added task 147, time: 1787691073.1907485
Output for task 139: tc(30);, time: 1787691073.190833
Start executing task 139 for agent 16 on time 1787691073.1919835 with plan tc(30);
Added task 148, time: 1787691073.198026
Output for task 140: tc(45);, time: 1787691073.1981077
Start executing task 140 for agent 17 on time 1787691073.1986291 with plan tc(45);
Added task 149, time: 1787691073.214337
Added task 150, time: 1787691073.224184
Added task 151, time: 1787691073.230946
Finish executing task 104 for agent 22 on time 1787691073.2317386 with plan md(40);?iv('toy')==True{g('toy')}->False
Added task 152, time: 1787691073.2373261
Added task 153, time: 1787691073.2434669
Output for task 138: ?s('cat')==True{g('cat')};, time: 1787691073.243535
Start executing task 138 for agent 20 on time 1787691073.2440643 with plan ?s('cat')==True{g('cat')};
Output for task 145: tc(45);, time: 1787691073.2492087
Start executing task 145 for agent 34 on time 1787691073.2506263 with plan tc(45);
Finish executing task 108 for agent 1 on time 1787691073.265769 with plan md(40);?iv('toy')==True{g('toy')}->False
Output for task 142: ?s('cat')==True{g('cat')};, time: 1787691073.2670345
Start executing task 142 for agent 15 on time 1787691073.2675507 with plan ?s('cat')==True{g('cat')};
Finish executing task 109 for agent 8 on time 1787691073.272732 with plan md(40);?iv('toy')==True{g('toy')}->False
Output for task 137: md(40);?iv('toy')==True{g('toy')}->False, time: 1787691073.2784925
Start executing task 137 for agent 19 on time 1787691073.2791035 with plan md(40);?iv('toy')==True{g('toy')}->False
Output for task 141: md(40);?iv('toy')==True{g('toy')}->False, time: 1787691073.3050811
Start executing task 141 for agent 6 on time 1787691073.3056688 with plan md(40);?iv('toy')==True{g('toy')}->False
Output for task 143: mu(40);?iv('book')==True{tp()}->False, time: 1787691073.316148
Start executing task 143 for agent 32 on time 1787691073.3175552 with plan mu(40);?iv('book')==True{tp()}->False
Output for task 144: ?s('scissors')==True{g('scissors')}->False, time: 1787691073.33008
Start executing task 144 for agent 33 on time 1787691073.331632 with plan ?s('scissors')==True{g('scissors')}->False
Output for task 146: mu(40);?iv('book')==True{tp()}->False, time: 1787691073.3431668
Start executing task 146 for agent 35 on time 1787691073.3446379 with plan mu(40);?iv('book')==True{tp()}->False
Finish executing task 116 for agent 27 on time 1787691073.3606935 with plan md(40);?iv('toy')==True{g('toy')}->False
Output for task 147: ?s('scissors')==True{g('scissors')}->False, time: 1787691073.3663268
Output for task 153: tc(30);, time: 1787691073.3669808
Start executing task 147 for agent 36 on time 1787691073.3681657 with plan ?s('scissors')==True{g('scissors')}->False
Start executing task 153 for agent 41 on time 1787691073.3686 with plan tc(30);
Output for task 148: ?iv('boy')==True{tc(45)}->False;, time: 1787691073.3732965
Start executing task 148 for agent 37 on time 1787691073.3747249 with plan ?iv('boy')==True{tc(45)}->False;
Output for task 150: ?iv('boy')==True{tc(45)}->False;, time: 1787691073.3925993
Start executing task 150 for agent 9 on time 1787691073.3933513 with plan ?iv('boy')==True{tc(45)}->False;
Output for task 151: md(40);?iv('toy')==True{g('toy')}->False, time: 1787691073.4382546
Start executing task 151 for agent 39 on time 1787691073.4399014 with plan md(40);?iv('toy')==True{g('toy')}->False
Output for task 149: ?iv('keys')&iv('wallet')->{l('Yes');->True}l('No');->False, time: 1787691073.4512467
Start executing task 149 for agent 38 on time 1787691073.4528205 with plan ?iv('keys')&iv('wallet')->{l('Yes');->True}l('No');->False
Finish executing task 149 for agent 38 on time 1787691073.4573824 with plan ?iv('keys')&iv('wallet')->{l('Yes');->True}l('No');->False
Output for task 152: ?iv('keys')&iv('wallet')->{l('Yes');->True}l('No');->False, time: 1787691073.4890451
Start executing task 152 for agent 40 on time 1787691073.490774 with plan ?iv('keys')&iv('wallet')->{l('Yes');->True}l('No');->False
Finish executing task 152 for agent 40 on time 1787691073.4953113 with plan ?iv('keys')&iv('wallet')->{l('Yes');->True}l('No');->False
Generating request from task 154, time: 1787691073.6459894
Generating request from task 155, time: 1787691073.6467664
Added task 154, time: 1787691073.6624892
Added task 155, time: 1787691073.6770928
Output for task 154: ?iv('boy')==True{tc(45)}->False;, time: 1787691073.7969608
Start executing task 154 for agent 7 on time 1787691073.7978623 with plan ?iv('boy')==True{tc(45)}->False;
Output for task 155: md(40);?iv('toy')==True{g('toy')}->False, time: 1787691073.8221974
Start executing task 155 for agent 13 on time 1787691073.8229973 with plan md(40);?iv('toy')==True{g('toy')}->False
Finish executing task 122 for agent 18 on time 1787691074.0251522 with plan tc(45);
Finish executing task 120 for agent 4 on time 1787691074.4509823 with plan mu(40);?iv('book')==True{tp()}->False
Finish executing task 125 for agent 0 on time 1787691074.5142472 with plan mu(40);?iv('book')==True{tp()}->False
Finish executing task 134 for agent 11 on time 1787691075.2199533 with plan tc(45);
Finish executing task 140 for agent 17 on time 1787691075.307674 with plan tc(45);
Finish executing task 145 for agent 34 on time 1787691075.3596528 with plan tc(45);
Finish executing task 135 for agent 2 on time 1787691075.7137668 with plan tc(30);
Finish executing task 136 for agent 12 on time 1787691075.746104 with plan tc(30);
Finish executing task 139 for agent 16 on time 1787691075.7790096 with plan tc(30);
Generating request from task 156, time: 1787691075.8048663
Generating request from task 157, time: 1787691075.8055136
Generating request from task 158, time: 1787691075.8064456
Generating request from task 159, time: 1787691075.8074496
Finish executing task 143 for agent 32 on time 1787691075.8195899 with plan mu(40);?iv('book')==True{tp()}->False
Added task 156, time: 1787691075.8212109
Added task 157, time: 1787691075.8347163
Finish executing task 146 for agent 35 on time 1787691075.8466403 with plan mu(40);?iv('book')==True{tp()}->False
Added task 158, time: 1787691075.8470488
Added task 159, time: 1787691075.9034572
Finish executing task 153 for agent 41 on time 1787691075.955578 with plan tc(30);
Output for task 157: ?s('scissors')==True{g('scissors')}->False, time: 1787691075.9900413
Start executing task 157 for agent 21 on time 1787691075.9907296 with plan ?s('scissors')==True{g('scissors')}->False
Output for task 158: mu(40);?iv('book')==True{tp()}->False, time: 1787691075.9964638
Start executing task 158 for agent 26 on time 1787691075.9970248 with plan mu(40);?iv('book')==True{tp()}->False
Output for task 156: md(40);?iv('toy')==True{g('toy')}->False, time: 1787691076.00312
Start executing task 156 for agent 24 on time 1787691076.0035212 with plan md(40);?iv('toy')==True{g('toy')}->False
Output for task 159: ?s('scissors')==True{g('scissors')}->False, time: 1787691076.0216582
Start executing task 159 for agent 22 on time 1787691076.0224373 with plan ?s('scissors')==True{g('scissors')}->False
Finish executing task 123 for agent 5 on time 1787691076.9719408 with plan ?iv('boy')==True{tc(45)}->False;
Finish executing task 118 for agent 3 on time 1787691077.2519429 with plan md(40);?iv('toy')==True{g('toy')}->False
Finish executing task 119 for agent 10 on time 1787691077.2735205 with plan md(40);?iv('toy')==True{g('toy')}->False
Finish executing task 121 for agent 25 on time 1787691077.296681 with plan md(40);?iv('toy')==True{g('toy')}->False
Finish executing task 124 for agent 14 on time 1787691077.322736 with plan md(40);?iv('toy')==True{g('toy')}->False
Finish executing task 144 for agent 33 on time 1787691077.349745 with plan ?s('scissors')==True{g('scissors')}->False
Finish executing task 147 for agent 36 on time 1787691077.3862555 with plan ?s('scissors')==True{g('scissors')}->False
Finish executing task 130 for agent 28 on time 1787691077.4261765 with plan md(40);?iv('toy')==True{g('toy')}->False
Finish executing task 132 for agent 30 on time 1787691077.4395704 with plan md(40);?iv('toy')==True{g('toy')}->False
Finish executing task 128 for agent 23 on time 1787691078.2377965 with plan ?s('cat')==True{g('cat')};
Finish executing task 131 for agent 29 on time 1787691078.2596228 with plan ?s('cat')==True{g('cat')};
Finish executing task 133 for agent 31 on time 1787691078.2801497 with plan ?s('cat')==True{g('cat')};
Finish executing task 148 for agent 37 on time 1787691078.3529234 with plan ?iv('boy')==True{tc(45)}->False;
Finish executing task 150 for agent 9 on time 1787691078.3715475 with plan ?iv('boy')==True{tc(45)}->False;
Finish executing task 158 for agent 26 on time 1787691078.4989078 with plan mu(40);?iv('book')==True{tp()}->False
Finish executing task 137 for agent 19 on time 1787691078.581613 with plan md(40);?iv('toy')==True{g('toy')}->False
Finish executing task 141 for agent 6 on time 1787691078.6081498 with plan md(40);?iv('toy')==True{g('toy')}->False
Finish executing task 151 for agent 39 on time 1787691078.7423828 with plan md(40);?iv('toy')==True{g('toy')}->False
Finish executing task 154 for agent 7 on time 1787691078.7761767 with plan ?iv('boy')==True{tc(45)}->False;
Finish executing task 155 for agent 13 on time 1787691079.1255355 with plan md(40);?iv('toy')==True{g('toy')}->False
Finish executing task 138 for agent 20 on time 1787691079.4190176 with plan ?s('cat')==True{g('cat')};
Finish executing task 142 for agent 15 on time 1787691079.4425235 with plan ?s('cat')==True{g('cat')};
Finish executing task 157 for agent 21 on time 1787691080.00887 with plan ?s('scissors')==True{g('scissors')}->False
Finish executing task 159 for agent 22 on time 1787691080.040568 with plan ?s('scissors')==True{g('scissors')}->False
Finish executing task 156 for agent 24 on time 1787691081.3058596 with plan md(40);?iv('toy')==True{g('toy')}->False
Generating request from task 160, time: 1787691082.378395
Generating request from task 161, time: 1787691082.3788884
Generating request from task 162, time: 1787691082.379876
Generating request from task 163, time: 1787691082.3808563
Generating request from task 164, time: 1787691082.381839
Added task 160, time: 1787691082.3951511
Added task 161, time: 1787691082.4088008
Added task 162, time: 1787691082.4217372
Added task 163, time: 1787691082.4795592
Added task 164, time: 1787691082.4992564
Output for task 163: tc(45);, time: 1787691082.5449684
Start executing task 163 for agent 38 on time 1787691082.545745 with plan tc(45);
Output for task 161: ?iv('boy')==True{tc(45)}->False;, time: 1787691082.5776684
Start executing task 161 for agent 8 on time 1787691082.578412 with plan ?iv('boy')==True{tc(45)}->False;
Output for task 160: md(40);?iv('toy')==True{g('toy')}->False, time: 1787691082.5909429
Start executing task 160 for agent 1 on time 1787691082.5916502 with plan md(40);?iv('toy')==True{g('toy')}->False
Output for task 162: md(40);?iv('toy')==True{g('toy')}->False, time: 1787691082.597241
Output for task 164: ?s('cat')==True{g('cat')};, time: 1787691082.5973704
Start executing task 164 for agent 40 on time 1787691082.598101 with plan ?s('cat')==True{g('cat')};
Start executing task 162 for agent 27 on time 1787691082.5985713 with plan md(40);?iv('toy')==True{g('toy')}->False
Finish executing task 163 for agent 38 on time 1787691084.6549113 with plan tc(45);
Finish executing task 161 for agent 8 on time 1787691087.5566528 with plan ?iv('boy')==True{tc(45)}->False;
Finish executing task 160 for agent 1 on time 1787691087.8941703 with plan md(40);?iv('toy')==True{g('toy')}->False
Finish executing task 162 for agent 27 on time 1787691087.9010766 with plan md(40);?iv('toy')==True{g('toy')}->False
Finish executing task 164 for agent 40 on time 1787691088.7730784 with plan ?s('cat')==True{g('cat')};
Generating request from task 165, time: 1787691093.701531
Generating request from task 166, time: 1787691093.7020793
Generating request from task 167, time: 1787691093.7030325
Generating request from task 168, time: 1787691093.7040176
Generating request from task 169, time: 1787691093.7049906
Generating request from task 170, time: 1787691093.705984
Generating request from task 171, time: 1787691093.7069943
Generating request from task 172, time: 1787691093.7079768
Generating request from task 173, time: 1787691093.708984
Generating request from task 174, time: 1787691093.7099824
Added task 165, time: 1787691093.7183857
Added task 166, time: 1787691093.733107
Added task 167, time: 1787691093.7460566
Added task 168, time: 1787691093.7833471
Added task 169, time: 1787691093.7997038
Added task 170, time: 1787691093.8131816
Added task 171, time: 1787691093.8232694
Added task 172, time: 1787691093.857533
Output for task 165: tc(30);, time: 1787691093.8576663
Start executing task 165 for agent 4 on time 1787691093.858192 with plan tc(30);
Added task 173, time: 1787691093.8817332
Added task 174, time: 1787691093.897964
Output for task 169: tc(45);, time: 1787691093.9019353
Start executing task 169 for agent 18 on time 1787691093.9053273 with plan tc(45);
Output for task 167: ?s('scissors')==True{g('scissors')}->False, time: 1787691093.9417098
Start executing task 167 for agent 32 on time 1787691093.942178 with plan ?s('scissors')==True{g('scissors')}->False
Output for task 168: mu(40);?iv('book')==True{tp()}->False, time: 1787691093.962381
Start executing task 168 for agent 35 on time 1787691093.9630218 with plan mu(40);?iv('book')==True{tp()}->False
Output for task 171: ?s('scissors')==True{g('scissors')}->False, time: 1787691093.9694219
Start executing task 171 for agent 3 on time 1787691093.9699988 with plan ?s('scissors')==True{g('scissors')}->False
Output for task 172: ?iv('boy')==True{tc(45)}->False;, time: 1787691093.9762142
Start executing task 172 for agent 10 on time 1787691093.976773 with plan ?iv('boy')==True{tc(45)}->False;
Output for task 174: ?s('cat')==True{g('cat')}->False, time: 1787691093.995914
Start executing task 174 for agent 14 on time 1787691093.9964714 with plan ?s('cat')==True{g('cat')}->False
Output for task 166: ?iv('keys')&iv('wallet')->{l('Yes');->True}l('No');->False, time: 1787691094.0025067
Output for task 173: mu(40);?iv('book')==True{tp()}->False, time: 1787691094.0026839
Start executing task 166 for agent 0 on time 1787691094.0029833 with plan ?iv('keys')&iv('wallet')->{l('Yes');->True}l('No');->False
Start executing task 173 for agent 25 on time 1787691094.0033913 with plan mu(40);?iv('book')==True{tp()}->False
Finish executing task 166 for agent 0 on time 1787691094.007442 with plan ?iv('keys')&iv('wallet')->{l('Yes');->True}l('No');->False
Output for task 170: ?iv('keys')&iv('wallet')->{l('Yes');->True}l('No');->False, time: 1787691094.0339808
Start executing task 170 for agent 5 on time 1787691094.034612 with plan ?iv('keys')&iv('wallet')->{l('Yes');->True}l('No');->False
Finish executing task 170 for agent 5 on time 1787691094.039077 with plan ?iv('keys')&iv('wallet')->{l('Yes');->True}l('No');->False
Finish executing task 169 for agent 18 on time 1787691096.0142083 with plan tc(45);
Finish executing task 165 for agent 4 on time 1787691096.4450808 with plan tc(30);
Finish executing task 168 for agent 35 on time 1787691096.464863 with plan mu(40);?iv('book')==True{tp()}->False
Finish executing task 173 for agent 25 on time 1787691096.5051146 with plan mu(40);?iv('book')==True{tp()}->False
Generating request from task 175, time: 1787691097.2788796
Generating request from task 176, time: 1787691097.2793472
Generating request from task 177, time: 1787691097.280193
Generating request from task 178, time: 1787691097.2811744
Generating request from task 179, time: 1787691097.2821634
Generating request from task 180, time: 1787691097.283153
Generating request from task 181, time: 1787691097.2841434
Generating request from task 182, time: 1787691097.2851684
Generating request from task 183, time: 1787691097.2861362
Generating request from task 184, time: 1787691097.2871435
Generating request from task 185, time: 1787691097.2881355
Added task 175, time: 1787691097.2958138
Added task 176, time: 1787691097.3104806
Added task 177, time: 1787691097.3235848
Added task 178, time: 1787691097.3601348
Added task 179, time: 1787691097.3804727
Added task 180, time: 1787691097.3953004
Added task 181, time: 1787691097.4083004
Added task 182, time: 1787691097.4182596
Added task 183, time: 1787691097.4302704
Output for task 176: tc(45);, time: 1787691097.4303703
Start executing task 176 for agent 30 on time 1787691097.4309714 with plan tc(45);
Added task 184, time: 1787691097.4458544
Added task 185, time: 1787691097.4697974
Output for task 183: tc(45);, time: 1787691097.4880698
Start executing task 183 for agent 12 on time 1787691097.4887428 with plan tc(45);
Output for task 177: ?s('scissors')==True{g('scissors')}->False, time: 1787691097.5231047
Start executing task 177 for agent 33 on time 1787691097.5238454 with plan ?s('scissors')==True{g('scissors')}->False
Output for task 175: md(40);?iv('toy')==True{g('toy')}->False, time: 1787691097.5390873
Start executing task 175 for agent 28 on time 1787691097.5397718 with plan md(40);?iv('toy')==True{g('toy')}->False
Output for task 184: tc(45);, time: 1787691097.5444782
Start executing task 184 for agent 16 on time 1787691097.545207 with plan tc(45);
Output for task 179: ?s('scissors')==True{g('scissors')}->False, time: 1787691097.5473194
Start executing task 179 for agent 11 on time 1787691097.547991 with plan ?s('scissors')==True{g('scissors')}->False
Output for task 178: md(40);?iv('toy')==True{g('toy')}->False, time: 1787691097.5540843
Output for task 180: ?iv('boy')==True{tc(45)}->False;, time: 1787691097.5542078
Start executing task 178 for agent 36 on time 1787691097.554939 with plan md(40);?iv('toy')==True{g('toy')}->False
Start executing task 180 for agent 17 on time 1787691097.5553894 with plan ?iv('boy')==True{tc(45)}->False;
Output for task 181: ?iv('boy')==True{tc(45)}->False;, time: 1787691097.560645
Start executing task 181 for agent 34 on time 1787691097.5612495 with plan ?iv('boy')==True{tc(45)}->False;
Output for task 182: ?iv('keys')&iv('wallet')->{l('Yes');->True}l('No');->False, time: 1787691097.6313133
Output for task 185: ?iv('boy')==True{tc(45)}->False;, time: 1787691097.6315725
Start executing task 182 for agent 2 on time 1787691097.6319928 with plan ?iv('keys')&iv('wallet')->{l('Yes');->True}l('No');->False
Start executing task 185 for agent 37 on time 1787691097.6324918 with plan ?iv('boy')==True{tc(45)}->False;
Finish executing task 182 for agent 2 on time 1787691097.6365454 with plan ?iv('keys')&iv('wallet')->{l('Yes');->True}l('No');->False
Finish executing task 167 for agent 32 on time 1787691097.9602885 with plan ?s('scissors')==True{g('scissors')}->False
Finish executing task 171 for agent 3 on time 1787691097.9880238 with plan ?s('scissors')==True{g('scissors')}->False
Finish executing task 172 for agent 10 on time 1787691098.9549835 with plan ?iv('boy')==True{tc(45)}->False;
Finish executing task 176 for agent 30 on time 1787691099.5400562 with plan tc(45);
Finish executing task 183 for agent 12 on time 1787691099.5978596 with plan tc(45);
Finish executing task 184 for agent 16 on time 1787691099.654385 with plan tc(45);
Finish executing task 174 for agent 14 on time 1787691100.1714516 with plan ?s('cat')==True{g('cat')}->False
Finish executing task 177 for agent 33 on time 1787691101.5422413 with plan ?s('scissors')==True{g('scissors')}->False
Finish executing task 179 for agent 11 on time 1787691101.566138 with plan ?s('scissors')==True{g('scissors')}->False
Generating request from task 186, time: 1787691101.8349462
Generating request from task 187, time: 1787691101.83544
Generating request from task 188, time: 1787691101.836448
Generating request from task 189, time: 1787691101.837401
Added task 186, time: 1787691101.851329
Added task 187, time: 1787691101.8649068
Added task 188, time: 1787691101.8776884
Added task 189, time: 1787691101.9127505
Output for task 187: ?iv('boy')==True{tc(45)}->False;, time: 1787691102.0092137
Start executing task 187 for agent 9 on time 1787691102.0099983 with plan ?iv('boy')==True{tc(45)}->False;
Output for task 188: ?iv('boy')==True{tc(45)}->False;, time: 1787691102.015647
Start executing task 188 for agent 19 on time 1787691102.0163062 with plan ?iv('boy')==True{tc(45)}->False;
Output for task 186: md(40);?iv('toy')==True{g('toy')}->False, time: 1787691102.0222626
Start executing task 186 for agent 41 on time 1787691102.0229635 with plan md(40);?iv('toy')==True{g('toy')}->False
Output for task 189: ?iv('keys')&iv('wallet')->{l('Yes');->True}l('No');->False, time: 1787691102.0915596
Start executing task 189 for agent 6 on time 1787691102.0923114 with plan ?iv('keys')&iv('wallet')->{l('Yes');->True}l('No');->False
Finish executing task 189 for agent 6 on time 1787691102.096838 with plan ?iv('keys')&iv('wallet')->{l('Yes');->True}l('No');->False
Finish executing task 180 for agent 17 on time 1787691102.5335712 with plan ?iv('boy')==True{tc(45)}->False;
Finish executing task 181 for agent 34 on time 1787691102.539449 with plan ?iv('boy')==True{tc(45)}->False;
Finish executing task 185 for agent 37 on time 1787691102.6107175 with plan ?iv('boy')==True{tc(45)}->False;
Finish executing task 175 for agent 28 on time 1787691102.8423023 with plan md(40);?iv('toy')==True{g('toy')}->False
Finish executing task 178 for agent 36 on time 1787691102.857457 with plan md(40);?iv('toy')==True{g('toy')}->False
Finish executing task 187 for agent 9 on time 1787691106.9882457 with plan ?iv('boy')==True{tc(45)}->False;
Finish executing task 188 for agent 19 on time 1787691106.9945178 with plan ?iv('boy')==True{tc(45)}->False;
Finish executing task 186 for agent 41 on time 1787691107.3254802 with plan md(40);?iv('toy')==True{g('toy')}->False
Generating request from task 190, time: 1787691110.6863794
Generating request from task 191, time: 1787691110.6870186
Generating request from task 192, time: 1787691110.6879652
Generating request from task 193, time: 1787691110.6889448
Generating request from task 194, time: 1787691110.6899412
Generating request from task 195, time: 1787691110.690948
Added task 190, time: 1787691110.6964216
Added task 191, time: 1787691110.7054532
Added task 192, time: 1787691110.7138138
Added task 193, time: 1787691110.741692
Added task 194, time: 1787691110.7515938
Added task 195, time: 1787691110.7587273
Output for task 194: tc(45);, time: 1787691110.80184
Start executing task 194 for agent 23 on time 1787691110.8021924 with plan tc(45);
Output for task 190: ?s('cat')==True{g('cat')};, time: 1787691110.808804
Output for task 195: tc(45);, time: 1787691110.8088658
Start executing task 190 for agent 39 on time 1787691110.8092055 with plan ?s('cat')==True{g('cat')};
Start executing task 195 for agent 29 on time 1787691110.8094254 with plan tc(45);
Output for task 192: ?s('cat')==True{g('cat')};, time: 1787691110.8153021
Start executing task 192 for agent 26 on time 1787691110.8156083 with plan ?s('cat')==True{g('cat')};
Output for task 191: ?iv('boy')==True{tc(45)}->False;, time: 1787691110.834341
Start executing task 191 for agent 7 on time 1787691110.8346183 with plan ?iv('boy')==True{tc(45)}->False;
Output for task 193: ?s('cat')==True{g('cat')};, time: 1787691110.840891
Start executing task 193 for agent 13 on time 1787691110.841268 with plan ?s('cat')==True{g('cat')};
Generating request from task 196, time: 1787691110.8524888
Generating request from task 197, time: 1787691110.8533158
Generating request from task 198, time: 1787691110.8543584
Generating request from task 199, time: 1787691110.855284
Generating request from task 200, time: 1787691110.8562775
Generating request from task 201, time: 1787691110.857269
Generating request from task 202, time: 1787691110.8582695
Added task 196, time: 1787691110.859102
Generating request from task 203, time: 1787691110.85927
Generating request from task 204, time: 1787691110.860289
Generating request from task 205, time: 1787691110.8612714
Generating request from task 206, time: 1787691110.8622649
Generating request from task 207, time: 1787691110.8632717
Generating request from task 208, time: 1787691110.8642645
Added task 197, time: 1787691110.8657565
Added task 198, time: 1787691110.8724208
Added task 199, time: 1787691110.8889012
Added task 200, time: 1787691110.8987732
Added task 201, time: 1787691110.9086947
Added task 202, time: 1787691110.9185305
Added task 203, time: 1787691110.9284997
Added task 204, time: 1787691110.9428546
Added task 205, time: 1787691110.9546576
Output for task 198: tc(45);, time: 1787691110.9547243
Start executing task 198 for agent 22 on time 1787691110.95505 with plan tc(45);
Added task 206, time: 1787691110.9660594
Added task 207, time: 1787691110.9742534
Added task 208, time: 1787691110.9811876
Output for task 196: ?s('cat')==True{g('cat')};, time: 1787691110.9819064
Output for task 203: tc(45);, time: 1787691110.9819694
Start executing task 203 for agent 8 on time 1787691110.982285 with plan tc(45);
Start executing task 196 for agent 31 on time 1787691110.982479 with plan ?s('cat')==True{g('cat')};
Output for task 197: ?s('cat')==True{g('cat')};, time: 1787691110.9971173
Start executing task 197 for agent 21 on time 1787691110.9974313 with plan ?s('cat')==True{g('cat')};
Output for task 200: mu(40);?iv('book')==True{tp()}->False, time: 1787691111.047068
Start executing task 200 for agent 15 on time 1787691111.0474293 with plan mu(40);?iv('book')==True{tp()}->False
Output for task 201: mu(40);?iv('book')==True{tp()}->False, time: 1787691111.0617094
Start executing task 201 for agent 24 on time 1787691111.0620604 with plan mu(40);?iv('book')==True{tp()}->False
Output for task 204: ?iv('boy')==True{tc(45)}->False;, time: 1787691111.0696638
Start executing task 204 for agent 1 on time 1787691111.0699794 with plan ?iv('boy')==True{tc(45)}->False;
Output for task 208: tc(45);, time: 1787691111.0903294
Start executing task 208 for agent 5 on time 1787691111.090602 with plan tc(45);
Output for task 199: ?iv('keys')&iv('wallet')->{l('Yes');->True}l('No');->False, time: 1787691111.10389
Output for task 206: ?s('scissors')==True{g('scissors')}->False, time: 1787691111.1039464
Start executing task 206 for agent 40 on time 1787691111.1041903 with plan ?s('scissors')==True{g('scissors')}->False
Start executing task 199 for agent 20 on time 1787691111.1043587 with plan ?iv('keys')&iv('wallet')->{l('Yes');->True}l('No');->False
Finish executing task 199 for agent 20 on time 1787691111.1086316 with plan ?iv('keys')&iv('wallet')->{l('Yes');->True}l('No');->False
Output for task 207: ?s('scissors')==True{g('scissors')}->False, time: 1787691111.1103113
Start executing task 207 for agent 0 on time 1787691111.1105473 with plan ?s('scissors')==True{g('scissors')}->False
Output for task 202: ?iv('keys')&iv('wallet')->{l('Yes');->True}l('No');->False, time: 1787691111.1233137
Output for task 205: md(40);?iv('toy')==True{g('toy')}->False, time: 1787691111.1233647
Start executing task 202 for agent 38 on time 1787691111.1237526 with plan ?iv('keys')&iv('wallet')->{l('Yes');->True}l('No');->False
Start executing task 205 for agent 27 on time 1787691111.1239817 with plan md(40);?iv('toy')==True{g('toy')}->False
Finish executing task 202 for agent 38 on time 1787691111.1280303 with plan ?iv('keys')&iv('wallet')->{l('Yes');->True}l('No');->False
Generating request from task 209, time: 1787691112.367849
Generating request from task 210, time: 1787691112.3685484
Generating request from task 211, time: 1787691112.369511
Generating request from task 212, time: 1787691112.3705065
Generating request from task 213, time: 1787691112.3715062
Generating request from task 214, time: 1787691112.3725011
Generating request from task 215, time: 1787691112.3735056
Generating request from task 216, time: 1787691112.374537
Generating request from task 217, time: 1787691112.3755472
Generating request from task 218, time: 1787691112.376506
Added task 209, time: 1787691112.3768525
Generating request from task 219, time: 1787691112.3775222
Generating request from task 220, time: 1787691112.378499
Generating request from task 221, time: 1787691112.3794944
Generating request from task 222, time: 1787691112.380492
Added task 210, time: 1787691112.3849509
Added task 211, time: 1787691112.3927662
Added task 212, time: 1787691112.4094405
Added task 213, time: 1787691112.4179475
Added task 214, time: 1787691112.4264889
Added task 215, time: 1787691112.4333606
Added task 216, time: 1787691112.441779
Output for task 209: tc(30);, time: 1787691112.441858
Start executing task 209 for agent 35 on time 1787691112.4421659 with plan tc(30);
Added task 217, time: 1787691112.457764
Output for task 210: tc(45);, time: 1787691112.4578412
Start executing task 210 for agent 25 on time 1787691112.4581654 with plan tc(45);
Added task 218, time: 1787691112.4740117
Added task 219, time: 1787691112.4917781
Added task 220, time: 1787691112.506274
Output for task 212: tc(45);, time: 1787691112.5063436
Start executing task 212 for agent 32 on time 1787691112.5066543 with plan tc(45);
Added task 221, time: 1787691112.5215929
Added task 222, time: 1787691112.5299573
Output for task 214: tc(45);, time: 1787691112.5300264
Start executing task 214 for agent 18 on time 1787691112.5303493 with plan tc(45);
Output for task 216: tc(30);, time: 1787691112.5329776
Start executing task 216 for agent 10 on time 1787691112.5332727 with plan tc(30);
Output for task 218: tc(30);, time: 1787691112.5452774
Start executing task 218 for agent 33 on time 1787691112.5456047 with plan tc(30);
Output for task 219: tc(45);, time: 1787691112.5583918
Start executing task 219 for agent 11 on time 1787691112.5586948 with plan tc(45);
Output for task 213: ?s('cat')==True{g('cat')};, time: 1787691112.5664752
Start executing task 213 for agent 3 on time 1787691112.5667672 with plan ?s('cat')==True{g('cat')};
Output for task 211: mu(40);?iv('book')==True{tp()}->False, time: 1787691112.5734425
Start executing task 211 for agent 2 on time 1787691112.573726 with plan mu(40);?iv('book')==True{tp()}->False
Output for task 222: tc(30);, time: 1787691112.5866838
Start executing task 222 for agent 16 on time 1787691112.5870085 with plan tc(30);
Output for task 215: mu(40);?iv('book')==True{tp()}->False, time: 1787691112.6065161
Output for task 217: ?s('scissors')==True{g('scissors')}->False, time: 1787691112.6065664
Start executing task 215 for agent 4 on time 1787691112.6069076 with plan mu(40);?iv('book')==True{tp()}->False
Start executing task 217 for agent 14 on time 1787691112.6069784 with plan ?s('scissors')==True{g('scissors')}->False
Output for task 221: ?s('cat')==True{g('cat')};, time: 1787691112.6192706
Start executing task 221 for agent 12 on time 1787691112.6195261 with plan ?s('cat')==True{g('cat')};
Output for task 220: md(40);?iv('toy')==True{g('toy')}->False, time: 1787691112.6508996
Start executing task 220 for agent 30 on time 1787691112.6512187 with plan md(40);?iv('toy')==True{g('toy')}->False
Finish executing task 194 for agent 23 on time 1787691112.9111042 with plan tc(45);
Finish executing task 195 for agent 29 on time 1787691112.9182606 with plan tc(45);
Finish executing task 198 for agent 22 on time 1787691113.063894 with plan tc(45);
Finish executing task 203 for agent 8 on time 1787691113.0911353 with plan tc(45);
Finish executing task 208 for agent 5 on time 1787691113.1994338 with plan tc(45);
Finish executing task 200 for agent 15 on time 1787691113.5491884 with plan mu(40);?iv('book')==True{tp()}->False
Finish executing task 201 for agent 24 on time 1787691113.5638475 with plan mu(40);?iv('book')==True{tp()}->False
Finish executing task 210 for agent 25 on time 1787691114.5670223 with plan tc(45);
Finish executing task 212 for agent 32 on time 1787691114.6155353 with plan tc(45);
Finish executing task 214 for agent 18 on time 1787691114.6392186 with plan tc(45);
Finish executing task 219 for agent 11 on time 1787691114.6675556 with plan tc(45);
Finish executing task 209 for agent 35 on time 1787691115.029079 with plan tc(30);
Finish executing task 211 for agent 2 on time 1787691115.0754836 with plan mu(40);?iv('book')==True{tp()}->False
Finish executing task 215 for agent 4 on time 1787691115.1087668 with plan mu(40);?iv('book')==True{tp()}->False
Finish executing task 216 for agent 10 on time 1787691115.1200974 with plan tc(30);
Finish executing task 206 for agent 40 on time 1787691115.1220176 with plan ?s('scissors')==True{g('scissors')}->False
Finish executing task 207 for agent 0 on time 1787691115.1284058 with plan ?s('scissors')==True{g('scissors')}->False
Finish executing task 218 for agent 33 on time 1787691115.1324425 with plan tc(30);
Finish executing task 222 for agent 16 on time 1787691115.1738403 with plan tc(30);
Finish executing task 191 for agent 7 on time 1787691115.8126101 with plan ?iv('boy')==True{tc(45)}->False;
Finish executing task 204 for agent 1 on time 1787691116.0479453 with plan ?iv('boy')==True{tc(45)}->False;
Finish executing task 205 for agent 27 on time 1787691116.426244 with plan md(40);?iv('toy')==True{g('toy')}->False
Finish executing task 217 for agent 14 on time 1787691116.624986 with plan ?s('scissors')==True{g('scissors')}->False
Finish executing task 190 for agent 39 on time 1787691116.9839766 with plan ?s('cat')==True{g('cat')};
Finish executing task 192 for agent 26 on time 1787691116.9903555 with plan ?s('cat')==True{g('cat')};
Finish executing task 193 for agent 13 on time 1787691117.0160527 with plan ?s('cat')==True{g('cat')};
Finish executing task 196 for agent 31 on time 1787691117.1572323 with plan ?s('cat')==True{g('cat')};
Finish executing task 197 for agent 21 on time 1787691117.1722221 with plan ?s('cat')==True{g('cat')};
Finish executing task 220 for agent 30 on time 1787691117.9534848 with plan md(40);?iv('toy')==True{g('toy')}->False
Generating request from task 223, time: 1787691118.6201582
Generating request from task 224, time: 1787691118.6208951
Generating request from task 225, time: 1787691118.621871
Added task 223, time: 1787691118.6304824
Added task 224, time: 1787691118.638841
Added task 225, time: 1787691118.6468117
Output for task 224: tc(30);, time: 1787691118.6835165
Start executing task 224 for agent 17 on time 1787691118.6839292 with plan tc(30);
Output for task 223: ?s('scissors')==True{g('scissors')}->False, time: 1787691118.7412548
Finish executing task 213 for agent 3 on time 1787691118.7414997 with plan ?s('cat')==True{g('cat')};
Start executing task 223 for agent 6 on time 1787691118.741647 with plan ?s('scissors')==True{g('scissors')}->False
Output for task 225: mu(40);?iv('book')==True{tp()}->False, time: 1787691118.760064
Start executing task 225 for agent 34 on time 1787691118.7604308 with plan mu(40);?iv('book')==True{tp()}->False
Finish executing task 221 for agent 12 on time 1787691118.7942793 with plan ?s('cat')==True{g('cat')};
Finish executing task 225 for agent 34 on time 1787691121.2621949 with plan mu(40);?iv('book')==True{tp()}->False
Finish executing task 224 for agent 17 on time 1787691121.2708387 with plan tc(30);
Finish executing task 223 for agent 6 on time 1787691122.759567 with plan ?s('scissors')==True{g('scissors')}->False
Generating request from task 226, time: 1787691124.019808
Generating request from task 227, time: 1787691124.0205
Added task 226, time: 1787691124.029184
Added task 227, time: 1787691124.0374768
Output for task 227: tc(45);, time: 1787691124.078583
Start executing task 227 for agent 28 on time 1787691124.0789325 with plan tc(45);
Output for task 226: mu(40);?iv('book')==True{tp()}->False, time: 1787691124.1421542
Start executing task 226 for agent 37 on time 1787691124.142549 with plan mu(40);?iv('book')==True{tp()}->False
Generating request from task 228, time: 1787691125.1371737
Generating request from task 229, time: 1787691125.1378818
Generating request from task 230, time: 1787691125.1388462
Generating request from task 231, time: 1787691125.1398363
Generating request from task 232, time: 1787691125.140829
Generating request from task 233, time: 1787691125.1418338
Generating request from task 234, time: 1787691125.142833
Generating request from task 235, time: 1787691125.1438684
Generating request from task 236, time: 1787691125.144824
Generating request from task 237, time: 1787691125.145831
Added task 228, time: 1787691125.1465013
Generating request from task 238, time: 1787691125.1468623
Generating request from task 239, time: 1787691125.1478217
Generating request from task 240, time: 1787691125.1488235
Generating request from task 241, time: 1787691125.14983
Generating request from task 242, time: 1787691125.1508887
Generating request from task 243, time: 1787691125.1519725
Added task 229, time: 1787691125.1548076
Added task 230, time: 1787691125.1629984
Added task 231, time: 1787691125.179814
Added task 232, time: 1787691125.1886876
Added task 233, time: 1787691125.1976597
Added task 234, time: 1787691125.2048352
Added task 235, time: 1787691125.2134936
Output for task 228: tc(45);, time: 1787691125.2135673
Start executing task 228 for agent 36 on time 1787691125.2171562 with plan tc(45);
Added task 236, time: 1787691125.222178
Added task 237, time: 1787691125.2308722
Added task 238, time: 1787691125.2434082
Added task 239, time: 1787691125.2519038
Added task 240, time: 1787691125.2603543
Added task 241, time: 1787691125.2674792
Added task 242, time: 1787691125.2745585
Added task 243, time: 1787691125.2816803
Output for task 229: mu(40);?iv('book')==True{tp()}->False, time: 1787691125.2915573
Start executing task 229 for agent 9 on time 1787691125.2919304 with plan mu(40);?iv('book')==True{tp()}->False
Output for task 230: md(40);?iv('toy')==True{g('toy')}->False, time: 1787691125.3154488
Output for task 231: mu(40);?iv('book')==True{tp()}->False, time: 1787691125.3155937
Output for task 232: ?s('scissors')==True{g('scissors')}->False, time: 1787691125.3156416
Start executing task 230 for agent 19 on time 1787691125.3158047 with plan md(40);?iv('toy')==True{g('toy')}->False
Start executing task 231 for agent 41 on time 1787691125.3160946 with plan mu(40);?iv('book')==True{tp()}->False
Start executing task 232 for agent 20 on time 1787691125.3163025 with plan ?s('scissors')==True{g('scissors')}->False
Output for task 233: ?iv('boy')==True{tc(45)}->False;, time: 1787691125.342138
Output for task 236: ?s('cat')==True{g('cat')};, time: 1787691125.3421936
Start executing task 236 for agent 40 on time 1787691125.3424392 with plan ?s('cat')==True{g('cat')};
Start executing task 233 for agent 38 on time 1787691125.3426151 with plan ?iv('boy')==True{tc(45)}->False;
Output for task 234: ?iv('boy')==True{tc(45)}->False;, time: 1787691125.3628001
Start executing task 234 for agent 15 on time 1787691125.3630996 with plan ?iv('boy')==True{tc(45)}->False;
Output for task 235: ?s('scissors')==True{g('scissors')}->False, time: 1787691125.376117
Start executing task 235 for agent 24 on time 1787691125.379568 with plan ?s('scissors')==True{g('scissors')}->False
Output for task 241: tc(45);, time: 1787691125.39536
Start executing task 241 for agent 29 on time 1787691125.3956966 with plan tc(45);
Output for task 237: ?iv('boy')==True{tc(45)}->False;, time: 1787691125.4367883
Start executing task 237 for agent 0 on time 1787691125.437116 with plan ?iv('boy')==True{tc(45)}->False;
Output for task 240: mu(40);?iv('book')==True{tp()}->False, time: 1787691125.4633574
Start executing task 240 for agent 23 on time 1787691125.4636216 with plan mu(40);?iv('book')==True{tp()}->False
Output for task 243: ?iv('boy')==True{tc(45)}->False;, time: 1787691125.4700308
Start executing task 243 for agent 8 on time 1787691125.4703343 with plan ?iv('boy')==True{tc(45)}->False;
Output for task 238: md(40);?iv('toy')==True{g('toy')}->False, time: 1787691125.4766498
Output for task 239: md(40);?iv('toy')==True{g('toy')}->False, time: 1787691125.4767008
Start executing task 239 for agent 4 on time 1787691125.4770086 with plan md(40);?iv('toy')==True{g('toy')}->False
Start executing task 238 for agent 2 on time 1787691125.4772298 with plan md(40);?iv('toy')==True{g('toy')}->False
Output for task 242: md(40);?iv('toy')==True{g('toy')}->False, time: 1787691125.482922
Start executing task 242 for agent 22 on time 1787691125.4832435 with plan md(40);?iv('toy')==True{g('toy')}->False
Generating request from task 244, time: 1787691125.833567
Generating request from task 245, time: 1787691125.834268
Generating request from task 246, time: 1787691125.8352227
Generating request from task 247, time: 1787691125.8363926
Generating request from task 248, time: 1787691125.8372447
Generating request from task 249, time: 1787691125.8382134
Generating request from task 250, time: 1787691125.839208
Added task 244, time: 1787691125.8424191
Added task 245, time: 1787691125.850416
Added task 246, time: 1787691125.8582213
Added task 247, time: 1787691125.874058
Added task 248, time: 1787691125.8825765
Added task 249, time: 1787691125.891085
Added task 250, time: 1787691125.898136
Output for task 244: tc(30);, time: 1787691125.898499
Start executing task 244 for agent 5 on time 1787691125.8988311 with plan tc(30);
Output for task 247: tc(30);, time: 1787691125.934502
Start executing task 247 for agent 27 on time 1787691125.9348388 with plan tc(30);
Output for task 250: tc(30);, time: 1787691125.947893
Start executing task 250 for agent 32 on time 1787691125.9482012 with plan tc(30);
Output for task 245: ?iv('boy')==True{tc(45)}->False;, time: 1787691125.9738383
Start executing task 245 for agent 7 on time 1787691125.9741776 with plan ?iv('boy')==True{tc(45)}->False;
Output for task 246: ?s('scissors')==True{g('scissors')}->False, time: 1787691125.9803212
Start executing task 246 for agent 1 on time 1787691125.9806306 with plan ?s('scissors')==True{g('scissors')}->False
Output for task 248: ?s('scissors')==True{g('scissors')}->False, time: 1787691126.0059245
Start executing task 248 for agent 14 on time 1787691126.0062354 with plan ?s('scissors')==True{g('scissors')}->False
Output for task 249: ?s('scissors')==True{g('scissors')}->False, time: 1787691126.0122867
Start executing task 249 for agent 25 on time 1787691126.012664 with plan ?s('scissors')==True{g('scissors')}->False
Finish executing task 227 for agent 28 on time 1787691126.187842 with plan tc(45);
Finish executing task 226 for agent 37 on time 1787691126.6443534 with plan mu(40);?iv('book')==True{tp()}->False
Finish executing task 228 for agent 36 on time 1787691127.326071 with plan tc(45);
Finish executing task 241 for agent 29 on time 1787691127.504548 with plan tc(45);
Finish executing task 229 for agent 9 on time 1787691127.7937303 with plan mu(40);?iv('book')==True{tp()}->False
Finish executing task 231 for agent 41 on time 1787691127.8178613 with plan mu(40);?iv('book')==True{tp()}->False
Finish executing task 240 for agent 23 on time 1787691127.9653594 with plan mu(40);?iv('book')==True{tp()}->False
Finish executing task 244 for agent 5 on time 1787691128.4857237 with plan tc(30);
Finish executing task 247 for agent 27 on time 1787691128.5216994 with plan tc(30);
Finish executing task 250 for agent 32 on time 1787691128.5350497 with plan tc(30);
Finish executing task 232 for agent 20 on time 1787691129.3341763 with plan ?s('scissors')==True{g('scissors')}->False
Finish executing task 235 for agent 24 on time 1787691129.397428 with plan ?s('scissors')==True{g('scissors')}->False
Finish executing task 246 for agent 1 on time 1787691129.9985247 with plan ?s('scissors')==True{g('scissors')}->False
Finish executing task 248 for agent 14 on time 1787691130.024111 with plan ?s('scissors')==True{g('scissors')}->False
Finish executing task 249 for agent 25 on time 1787691130.030539 with plan ?s('scissors')==True{g('scissors')}->False
Finish executing task 233 for agent 38 on time 1787691130.3205743 with plan ?iv('boy')==True{tc(45)}->False;
Finish executing task 234 for agent 15 on time 1787691130.341035 with plan ?iv('boy')==True{tc(45)}->False;
Finish executing task 237 for agent 0 on time 1787691130.4150708 with plan ?iv('boy')==True{tc(45)}->False;
Finish executing task 243 for agent 8 on time 1787691130.4483004 with plan ?iv('boy')==True{tc(45)}->False;
Finish executing task 230 for agent 19 on time 1787691130.6181555 with plan md(40);?iv('toy')==True{g('toy')}->False
Finish executing task 239 for agent 4 on time 1787691130.7792885 with plan md(40);?iv('toy')==True{g('toy')}->False
Finish executing task 238 for agent 2 on time 1787691130.7794802 with plan md(40);?iv('toy')==True{g('toy')}->False
Finish executing task 242 for agent 22 on time 1787691130.7854826 with plan md(40);?iv('toy')==True{g('toy')}->False
Finish executing task 245 for agent 7 on time 1787691130.9521444 with plan ?iv('boy')==True{tc(45)}->False;
Generating request from task 251, time: 1787691131.0311787
Generating request from task 252, time: 1787691131.0318844
Generating request from task 253, time: 1787691131.0328553
Generating request from task 254, time: 1787691131.0338445
Added task 251, time: 1787691131.0478563
Added task 252, time: 1787691131.0566838
Added task 253, time: 1787691131.0650303
Added task 254, time: 1787691131.0808976
Output for task 251: tc(30);, time: 1787691131.096254
Start executing task 251 for agent 18 on time 1787691131.0966582 with plan tc(30);
Output for task 252: tc(30);, time: 1787691131.1011908
Start executing task 252 for agent 11 on time 1787691131.1014805 with plan tc(30);
Output for task 254: ?s('scissors')==True{g('scissors')}->False, time: 1787691131.1845102
Start executing task 254 for agent 10 on time 1787691131.1848094 with plan ?s('scissors')==True{g('scissors')}->False
Output for task 253: md(40);?iv('toy')==True{g('toy')}->False, time: 1787691131.1909914
Start executing task 253 for agent 35 on time 1787691131.1913326 with plan md(40);?iv('toy')==True{g('toy')}->False
Finish executing task 236 for agent 40 on time 1787691131.5171864 with plan ?s('cat')==True{g('cat')};
Generating request from task 255, time: 1787691132.4482272
Generating request from task 256, time: 1787691132.4489236
Generating request from task 257, time: 1787691132.4498472
Generating request from task 258, time: 1787691132.4508405
Generating request from task 259, time: 1787691132.451835
Generating request from task 260, time: 1787691132.4529018
Added task 255, time: 1787691132.4574592
Added task 256, time: 1787691132.4657273
Added task 257, time: 1787691132.4737558
Added task 258, time: 1787691132.4905808
Added task 259, time: 1787691132.4992795
Added task 260, time: 1787691132.507898
Output for task 258: tc(30);, time: 1787691132.537419
Start executing task 258 for agent 39 on time 1787691132.5377746 with plan tc(30);
Output for task 259: tc(30);, time: 1787691132.544102
Start executing task 259 for agent 26 on time 1787691132.544428 with plan tc(30);
Output for task 257: ?s('cat')==True{g('cat')};, time: 1787691132.5700297
Start executing task 257 for agent 30 on time 1787691132.570341 with plan ?s('cat')==True{g('cat')};
Output for task 255: ?iv('boy')==True{tc(45)}->False;, time: 1787691132.5766044
Start executing task 255 for agent 33 on time 1787691132.5768406 with plan ?iv('boy')==True{tc(45)}->False;
Output for task 256: mu(40);?iv('book')==True{tp()}->False, time: 1787691132.5893683
Start executing task 256 for agent 16 on time 1787691132.5896702 with plan mu(40);?iv('book')==True{tp()}->False
Output for task 260: ?s('cat')==True{g('cat')};, time: 1787691132.595615
Start executing task 260 for agent 13 on time 1787691132.5959935 with plan ?s('cat')==True{g('cat')};
Finish executing task 251 for agent 18 on time 1787691133.6835766 with plan tc(30);
Finish executing task 252 for agent 11 on time 1787691133.6883442 with plan tc(30);
Generating request from task 261, time: 1787691133.886651
Generating request from task 262, time: 1787691133.8873503
Generating request from task 263, time: 1787691133.8881502
Generating request from task 264, time: 1787691133.8889773
Generating request from task 265, time: 1787691133.889951
Generating request from task 266, time: 1787691133.8909366
Generating request from task 267, time: 1787691133.891938
Generating request from task 268, time: 1787691133.8929014
Generating request from task 269, time: 1787691133.8938968
Generating request from task 270, time: 1787691133.8948977
Added task 261, time: 1787691133.8992941
Added task 262, time: 1787691133.9096336
Added task 263, time: 1787691133.9189713
Added task 264, time: 1787691133.9348109
Added task 265, time: 1787691133.9446955
Added task 266, time: 1787691133.9539037
Added task 267, time: 1787691133.960958
Added task 268, time: 1787691133.967699
Added task 269, time: 1787691133.9754353
Output for task 262: tc(30);, time: 1787691133.9755144
Start executing task 262 for agent 21 on time 1787691133.9759665 with plan tc(30);
Added task 270, time: 1787691133.9867077
Output for task 264: tc(30);, time: 1787691134.004358
Start executing task 264 for agent 12 on time 1787691134.0050457 with plan tc(30);
Output for task 261: ?s('scissors')==True{g('scissors')}->False, time: 1787691134.0410414
Start executing task 261 for agent 31 on time 1787691134.0415154 with plan ?s('scissors')==True{g('scissors')}->False
Output for task 263: ?iv('boy')==True{tc(45)}->False;, time: 1787691134.0548072
Start executing task 263 for agent 3 on time 1787691134.0553098 with plan ?iv('boy')==True{tc(45)}->False;
Output for task 269: ?s('cat')==True{g('cat')};, time: 1787691134.0754294
Start executing task 269 for agent 9 on time 1787691134.0760818 with plan ?s('cat')==True{g('cat')};
Output for task 265: md(40);?iv('toy')==True{g('toy')}->False, time: 1787691134.10203
Output for task 267: mu(40);?iv('book')==True{tp()}->False, time: 1787691134.1022747
Start executing task 265 for agent 34 on time 1787691134.1025877 with plan md(40);?iv('toy')==True{g('toy')}->False
Start executing task 267 for agent 17 on time 1787691134.1030736 with plan mu(40);?iv('book')==True{tp()}->False
Output for task 268: md(40);?iv('toy')==True{g('toy')}->False, time: 1787691134.1151576
Start executing task 268 for agent 37 on time 1787691134.1157107 with plan md(40);?iv('toy')==True{g('toy')}->False
Output for task 270: md(40);?iv('toy')==True{g('toy')}->False, time: 1787691134.1341147
Start executing task 270 for agent 41 on time 1787691134.1347551 with plan md(40);?iv('toy')==True{g('toy')}->False
Output for task 266: ?iv('keys')&iv('wallet')->{l('Yes');->True}l('No');->False, time: 1787691134.1535575
Start executing task 266 for agent 6 on time 1787691134.1543221 with plan ?iv('keys')&iv('wallet')->{l('Yes');->True}l('No');->False
Finish executing task 266 for agent 6 on time 1787691134.1585498 with plan ?iv('keys')&iv('wallet')->{l('Yes');->True}l('No');->False
Generating request from task 271, time: 1787691134.3545065
Generating request from task 272, time: 1787691134.3552327
Generating request from task 273, time: 1787691134.356195
Added task 271, time: 1787691134.3710394
Added task 272, time: 1787691134.3845735
Added task 273, time: 1787691134.3968387
Output for task 272: ?s('cat')==True{g('cat')};, time: 1787691134.469217
Start executing task 272 for agent 28 on time 1787691134.4697742 with plan ?s('cat')==True{g('cat')};
Output for task 273: md(40);?iv('toy')==True{g('toy')}->False, time: 1787691134.5266101
Start executing task 273 for agent 20 on time 1787691134.527173 with plan md(40);?iv('toy')==True{g('toy')}->False
Output for task 271: ?iv('keys')&iv('wallet')->{l('Yes');->True}l('No');->False, time: 1787691134.539443
Start executing task 271 for agent 23 on time 1787691134.5402298 with plan ?iv('keys')&iv('wallet')->{l('Yes');->True}l('No');->False
Finish executing task 271 for agent 23 on time 1787691134.5448027 with plan ?iv('keys')&iv('wallet')->{l('Yes');->True}l('No');->False
Finish executing task 256 for agent 16 on time 1787691135.09146 with plan mu(40);?iv('book')==True{tp()}->False
Finish executing task 258 for agent 39 on time 1787691135.1247232 with plan tc(30);
Finish executing task 259 for agent 26 on time 1787691135.1312985 with plan tc(30);
Finish executing task 254 for agent 10 on time 1787691135.2027109 with plan ?s('scissors')==True{g('scissors')}->False
Finish executing task 253 for agent 35 on time 1787691136.4936252 with plan md(40);?iv('toy')==True{g('toy')}->False
Finish executing task 262 for agent 21 on time 1787691136.563122 with plan tc(30);
Finish executing task 264 for agent 12 on time 1787691136.592152 with plan tc(30);
Finish executing task 267 for agent 17 on time 1787691136.6048074 with plan mu(40);?iv('book')==True{tp()}->False
Finish executing task 255 for agent 33 on time 1787691137.5547962 with plan ?iv('boy')==True{tc(45)}->False;
Finish executing task 261 for agent 31 on time 1787691138.059312 with plan ?s('scissors')==True{g('scissors')}->False
Finish executing task 257 for agent 30 on time 1787691138.7451231 with plan ?s('cat')==True{g('cat')};
Finish executing task 260 for agent 13 on time 1787691138.7707813 with plan ?s('cat')==True{g('cat')};
Finish executing task 263 for agent 3 on time 1787691139.0332494 with plan ?iv('boy')==True{tc(45)}->False;
Finish executing task 265 for agent 34 on time 1787691139.4051397 with plan md(40);?iv('toy')==True{g('toy')}->False
Finish executing task 268 for agent 37 on time 1787691139.418239 with plan md(40);?iv('toy')==True{g('toy')}->False
Finish executing task 270 for agent 41 on time 1787691139.437284 with plan md(40);?iv('toy')==True{g('toy')}->False
Finish executing task 273 for agent 20 on time 1787691139.8294516 with plan md(40);?iv('toy')==True{g('toy')}->False
Finish executing task 269 for agent 9 on time 1787691140.2509563 with plan ?s('cat')==True{g('cat')};
Finish executing task 272 for agent 28 on time 1787691140.644691 with plan ?s('cat')==True{g('cat')};
Generating request from task 274, time: 1787691141.9740963
Generating request from task 275, time: 1787691141.9746993
Generating request from task 276, time: 1787691141.975679
Generating request from task 277, time: 1787691141.9767182
Generating request from task 278, time: 1787691141.9777002
Generating request from task 279, time: 1787691141.9787073
Generating request from task 280, time: 1787691141.97969
Generating request from task 281, time: 1787691141.9806874
Generating request from task 282, time: 1787691141.9816883
Generating request from task 283, time: 1787691141.9826894
Generating request from task 284, time: 1787691141.9837155
Generating request from task 285, time: 1787691141.9846792
Added task 274, time: 1787691141.985781
Added task 275, time: 1787691141.9927063
Added task 276, time: 1787691141.9998357
Added task 277, time: 1787691142.0600977
Added task 278, time: 1787691142.0717957
Added task 279, time: 1787691142.0807536
Added task 280, time: 1787691142.0893354
Added task 281, time: 1787691142.0971417
Added task 282, time: 1787691142.1211126
Output for task 275: tc(30);, time: 1787691142.121202
Start executing task 275 for agent 36 on time 1787691142.1219919 with plan tc(30);
Added task 283, time: 1787691142.1502824
Added task 284, time: 1787691142.1719735
Added task 285, time: 1787691142.181185
Output for task 279: tc(45);, time: 1787691142.1823814
Start executing task 279 for agent 0 on time 1787691142.1832168 with plan tc(45);
Output for task 276: ?s('cat')==True{g('cat')};, time: 1787691142.197866
Start executing task 276 for agent 29 on time 1787691142.1984477 with plan ?s('cat')==True{g('cat')};
Output for task 274: ?s('scissors')==True{g('scissors')}->False, time: 1787691142.2168508
Start executing task 274 for agent 24 on time 1787691142.2174354 with plan ?s('scissors')==True{g('scissors')}->False
Output for task 283: tc(30);, time: 1787691142.2381656
Start executing task 283 for agent 25 on time 1787691142.2385957 with plan tc(30);
Output for task 284: tc(45);, time: 1787691142.244861
Start executing task 284 for agent 19 on time 1787691142.2454007 with plan tc(45);
Output for task 277: mu(40);?iv('book')==True{tp()}->False, time: 1787691142.2586336
Output for task 285: tc(30);, time: 1787691142.2586873
Start executing task 277 for agent 38 on time 1787691142.2590775 with plan mu(40);?iv('book')==True{tp()}->False
Start executing task 285 for agent 2 on time 1787691142.2593658 with plan tc(30);
Output for task 280: ?s('scissors')==True{g('scissors')}->False, time: 1787691142.265531
Output for task 281: ?s('scissors')==True{g('scissors')}->False, time: 1787691142.2655897
Start executing task 280 for agent 8 on time 1787691142.2659724 with plan ?s('scissors')==True{g('scissors')}->False
Start executing task 281 for agent 1 on time 1787691142.2661953 with plan ?s('scissors')==True{g('scissors')}->False
Output for task 282: ?s('scissors')==True{g('scissors')}->False, time: 1787691142.2720447
Start executing task 282 for agent 14 on time 1787691142.2724423 with plan ?s('scissors')==True{g('scissors')}->False
Output for task 278: ?iv('keys')&iv('wallet')->{l('Yes');->True}l('No');->False, time: 1787691142.3228872
Start executing task 278 for agent 15 on time 1787691142.3232512 with plan ?iv('keys')&iv('wallet')->{l('Yes');->True}l('No');->False
Finish executing task 278 for agent 15 on time 1787691142.327474 with plan ?iv('keys')&iv('wallet')->{l('Yes');->True}l('No');->False
Generating request from task 286, time: 1787691144.0368564
Generating request from task 287, time: 1787691144.0373406
Generating request from task 288, time: 1787691144.0383031
Generating request from task 289, time: 1787691144.0392883
Generating request from task 290, time: 1787691144.0402644
Generating request from task 291, time: 1787691144.0412586
Generating request from task 292, time: 1787691144.0422654
Generating request from task 293, time: 1787691144.043242
Generating request from task 294, time: 1787691144.044255
Generating request from task 295, time: 1787691144.0452483
Generating request from task 296, time: 1787691144.0462482
Generating request from task 297, time: 1787691144.0472488
Generating request from task 298, time: 1787691144.0482526
Added task 286, time: 1787691144.0487146
Added task 287, time: 1787691144.0595493
Added task 288, time: 1787691144.0703754
Added task 289, time: 1787691144.093037
Added task 290, time: 1787691144.1028142
Added task 291, time: 1787691144.1115608
Added task 292, time: 1787691144.118596
Added task 293, time: 1787691144.125493
Added task 294, time: 1787691144.1337366
Added task 295, time: 1787691144.1521852
Added task 296, time: 1787691144.1698751
Added task 297, time: 1787691144.1765306
Added task 298, time: 1787691144.1819828
Output for task 290: tc(30);, time: 1787691144.1824481
Start executing task 290 for agent 32 on time 1787691144.1829927 with plan tc(30);
Output for task 287: ?s('scissors')==True{g('scissors')}->False, time: 1787691144.2169251
Start executing task 287 for agent 22 on time 1787691144.2174456 with plan ?s('scissors')==True{g('scissors')}->False
Output for task 288: ?s('scissors')==True{g('scissors')}->False, time: 1787691144.2241952
Output for task 294: tc(30);, time: 1787691144.2242932
Start executing task 294 for agent 23 on time 1787691144.2246153 with plan tc(30);
Start executing task 288 for agent 5 on time 1787691144.2249627 with plan ?s('scissors')==True{g('scissors')}->False
Output for task 286: md(40);?iv('toy')==True{g('toy')}->False, time: 1787691144.2381718
Start executing task 286 for agent 4 on time 1787691144.2387016 with plan md(40);?iv('toy')==True{g('toy')}->False
Output for task 296: tc(30);, time: 1787691144.2693362
Start executing task 296 for agent 10 on time 1787691144.269786 with plan tc(30);
Output for task 291: md(40);?iv('toy')==True{g('toy')}->False, time: 1787691144.2832882
Output for task 292: md(40);?iv('toy')==True{g('toy')}->False, time: 1787691144.2835052
Start executing task 291 for agent 7 on time 1787691144.2836952 with plan md(40);?iv('toy')==True{g('toy')}->False
Start executing task 292 for agent 40 on time 1787691144.2845843 with plan md(40);?iv('toy')==True{g('toy')}->False
Finish executing task 279 for agent 0 on time 1787691144.29231 with plan tc(45);
Output for task 295: ?s('cat')==True{g('cat')};, time: 1787691144.3098712
Start executing task 295 for agent 16 on time 1787691144.3103507 with plan ?s('cat')==True{g('cat')};
Output for task 289: ?iv('keys')&iv('wallet')->{l('Yes');->True}l('No');->False, time: 1787691144.3165815
Start executing task 289 for agent 27 on time 1787691144.317093 with plan ?iv('keys')&iv('wallet')->{l('Yes');->True}l('No');->False
Finish executing task 289 for agent 27 on time 1787691144.3215544 with plan ?iv('keys')&iv('wallet')->{l('Yes');->True}l('No');->False
Output for task 293: ?iv('keys')&iv('wallet')->{l('Yes');->True}l('No');->False, time: 1787691144.3357635
Start executing task 293 for agent 6 on time 1787691144.336441 with plan ?iv('keys')&iv('wallet')->{l('Yes');->True}l('No');->False
Finish executing task 293 for agent 6 on time 1787691144.3410027 with plan ?iv('keys')&iv('wallet')->{l('Yes');->True}l('No');->False
Output for task 297: mu(40);?iv('book')==True{tp()}->False, time: 1787691144.342288
Start executing task 297 for agent 18 on time 1787691144.342831 with plan mu(40);?iv('book')==True{tp()}->False
Finish executing task 284 for agent 19 on time 1787691144.3542626 with plan tc(45);
Output for task 298: md(40);?iv('toy')==True{g('toy')}->False, time: 1787691144.3611073
Start executing task 298 for agent 11 on time 1787691144.3617272 with plan md(40);?iv('toy')==True{g('toy')}->False
Finish executing task 275 for agent 36 on time 1787691144.7091146 with plan tc(30);
Finish executing task 277 for agent 38 on time 1787691144.7608519 with plan mu(40);?iv('book')==True{tp()}->False
Finish executing task 283 for agent 25 on time 1787691144.8256593 with plan tc(30);
Finish executing task 285 for agent 2 on time 1787691144.8462133 with plan tc(30);
Generating request from task 299, time: 1787691144.9124768
Generating request from task 300, time: 1787691144.9130585
Generating request from task 301, time: 1787691144.9139955
Generating request from task 302, time: 1787691144.9150255
Generating request from task 303, time: 1787691144.915944
Added task 299, time: 1787691144.9229832
Added task 300, time: 1787691144.9317338
Added task 301, time: 1787691144.9399154
Added task 302, time: 1787691144.981492
Added task 303, time: 1787691144.994973
Output for task 300: ?s('cat')==True{g('cat')};, time: 1787691145.065402
Start executing task 300 for agent 17 on time 1787691145.066366 with plan ?s('cat')==True{g('cat')};
Output for task 299: ?s('scissors')==True{g('scissors')}->False, time: 1787691145.0783844
Start executing task 299 for agent 35 on time 1787691145.079205 with plan ?s('scissors')==True{g('scissors')}->False
Output for task 301: md(40);?iv('toy')==True{g('toy')}->False, time: 1787691145.1046774
Start executing task 301 for agent 39 on time 1787691145.1054244 with plan md(40);?iv('toy')==True{g('toy')}->False
Output for task 303: ?s('scissors')==True{g('scissors')}->False, time: 1787691145.116618
Start executing task 303 for agent 33 on time 1787691145.1174529 with plan ?s('scissors')==True{g('scissors')}->False
Output for task 302: md(40);?iv('toy')==True{g('toy')}->False, time: 1787691145.1292956
Start executing task 302 for agent 26 on time 1787691145.1298854 with plan md(40);?iv('toy')==True{g('toy')}->False
Finish executing task 274 for agent 24 on time 1787691146.235573 with plan ?s('scissors')==True{g('scissors')}->False
Finish executing task 280 for agent 8 on time 1787691146.2838445 with plan ?s('scissors')==True{g('scissors')}->False
Finish executing task 281 for agent 1 on time 1787691146.284034 with plan ?s('scissors')==True{g('scissors')}->False
Finish executing task 282 for agent 14 on time 1787691146.2903144 with plan ?s('scissors')==True{g('scissors')}->False
Finish executing task 290 for agent 32 on time 1787691146.770109 with plan tc(30);
Finish executing task 294 for agent 23 on time 1787691146.8114302 with plan tc(30);
Finish executing task 297 for agent 18 on time 1787691146.8445609 with plan mu(40);?iv('book')==True{tp()}->False
Finish executing task 296 for agent 10 on time 1787691146.8565779 with plan tc(30);
Finish executing task 287 for agent 22 on time 1787691148.235638 with plan ?s('scissors')==True{g('scissors')}->False
Finish executing task 288 for agent 5 on time 1787691148.2427936 with plan ?s('scissors')==True{g('scissors')}->False
Finish executing task 276 for agent 29 on time 1787691148.3732562 with plan ?s('cat')==True{g('cat')};
Finish executing task 299 for agent 35 on time 1787691149.0973318 with plan ?s('scissors')==True{g('scissors')}->False
Finish executing task 303 for agent 33 on time 1787691149.135567 with plan ?s('scissors')==True{g('scissors')}->False
Finish executing task 286 for agent 4 on time 1787691149.5412865 with plan md(40);?iv('toy')==True{g('toy')}->False
Finish executing task 291 for agent 7 on time 1787691149.5860171 with plan md(40);?iv('toy')==True{g('toy')}->False
Finish executing task 292 for agent 40 on time 1787691149.587151 with plan md(40);?iv('toy')==True{g('toy')}->False
Finish executing task 298 for agent 11 on time 1787691149.6642544 with plan md(40);?iv('toy')==True{g('toy')}->False
Generating request from task 304, time: 1787691149.7354996
Generating request from task 305, time: 1787691149.7361083
Generating request from task 306, time: 1787691149.737019
Generating request from task 307, time: 1787691149.7379646
Generating request from task 308, time: 1787691149.738947
Generating request from task 309, time: 1787691149.7399366
Generating request from task 310, time: 1787691149.7409513
Generating request from task 311, time: 1787691149.74193
Added task 304, time: 1787691149.74248
Generating request from task 312, time: 1787691149.742949
Generating request from task 313, time: 1787691149.7439232
Generating request from task 314, time: 1787691149.7449298
Generating request from task 315, time: 1787691149.7459252
Generating request from task 316, time: 1787691149.7469215
Added task 305, time: 1787691149.7484424
Added task 306, time: 1787691149.754051
Added task 307, time: 1787691149.775733
Added task 308, time: 1787691149.7825394
Added task 309, time: 1787691149.7874207
Added task 310, time: 1787691149.7942638
Added task 311, time: 1787691149.8126428
Output for task 304: tc(45);, time: 1787691149.8127205
Start executing task 304 for agent 31 on time 1787691149.8134544 with plan tc(45);
Added task 312, time: 1787691149.8227432
Output for task 305: tc(30);, time: 1787691149.822807
Start executing task 305 for agent 21 on time 1787691149.8234458 with plan tc(30);
Added task 313, time: 1787691149.834535
Added task 314, time: 1787691149.841071
Added task 315, time: 1787691149.8474295
Added task 316, time: 1787691149.8589127
Output for task 306: ?iv('boy')==True{tc(45)}->False;, time: 1787691149.8895152
Output for task 307: ?s('cat')==True{g('cat')};, time: 1787691149.8896017
Start executing task 307 for agent 3 on time 1787691149.890234 with plan ?s('cat')==True{g('cat')};
Start executing task 306 for agent 12 on time 1787691149.890661 with plan ?iv('boy')==True{tc(45)}->False;
Output for task 309: ?s('cat')==True{g('cat')};, time: 1787691149.9101512
Start executing task 309 for agent 37 on time 1787691149.9109094 with plan ?s('cat')==True{g('cat')};
Output for task 310: mu(40);?iv('book')==True{tp()}->False, time: 1787691149.9337232
Output for task 311: ?iv('boy')==True{tc(45)}->False;, time: 1787691149.9338772
Start executing task 311 for agent 20 on time 1787691149.9346192 with plan ?iv('boy')==True{tc(45)}->False;
Start executing task 310 for agent 41 on time 1787691149.9350936 with plan mu(40);?iv('book')==True{tp()}->False
Output for task 312: ?iv('boy')==True{tc(45)}->False;, time: 1787691149.940723
Start executing task 312 for agent 30 on time 1787691149.9412959 with plan ?iv('boy')==True{tc(45)}->False;
Output for task 313: ?s('scissors')==True{g('scissors')}->False, time: 1787691149.9538083
Start executing task 313 for agent 13 on time 1787691149.9544604 with plan ?s('scissors')==True{g('scissors')}->False
Output for task 308: ?iv('keys')&iv('wallet')->{l('Yes');->True}l('No');->False, time: 1787691149.986592
Start executing task 308 for agent 34 on time 1787691149.9873433 with plan ?iv('keys')&iv('wallet')->{l('Yes');->True}l('No');->False
Finish executing task 308 for agent 34 on time 1787691149.9918356 with plan ?iv('keys')&iv('wallet')->{l('Yes');->True}l('No');->False
Output for task 315: mu(40);?iv('book')==True{tp()}->False, time: 1787691150.0060754
Start executing task 315 for agent 28 on time 1787691150.006839 with plan mu(40);?iv('book')==True{tp()}->False
Output for task 316: mu(40);?iv('book')==True{tp()}->False, time: 1787691150.0186417
Start executing task 316 for agent 15 on time 1787691150.0193243 with plan mu(40);?iv('book')==True{tp()}->False
Output for task 314: ?iv('keys')&iv('wallet')->{l('Yes');->True}l('No');->False, time: 1787691150.0625603
Start executing task 314 for agent 9 on time 1787691150.063334 with plan ?iv('keys')&iv('wallet')->{l('Yes');->True}l('No');->False
Finish executing task 314 for agent 9 on time 1787691150.067929 with plan ?iv('keys')&iv('wallet')->{l('Yes');->True}l('No');->False
Finish executing task 301 for agent 39 on time 1787691150.407817 with plan md(40);?iv('toy')==True{g('toy')}->False
Finish executing task 302 for agent 26 on time 1787691150.4321852 with plan md(40);?iv('toy')==True{g('toy')}->False
Finish executing task 295 for agent 16 on time 1787691150.4850729 with plan ?s('cat')==True{g('cat')};
Finish executing task 300 for agent 17 on time 1787691151.2414293 with plan ?s('cat')==True{g('cat')};
Finish executing task 304 for agent 31 on time 1787691151.9225836 with plan tc(45);
Finish executing task 305 for agent 21 on time 1787691152.4105096 with plan tc(30);
Finish executing task 310 for agent 41 on time 1787691152.4371245 with plan mu(40);?iv('book')==True{tp()}->False
Finish executing task 315 for agent 28 on time 1787691152.5088475 with plan mu(40);?iv('book')==True{tp()}->False
Finish executing task 316 for agent 15 on time 1787691152.5213528 with plan mu(40);?iv('book')==True{tp()}->False
Generating request from task 317, time: 1787691153.4981508
Generating request from task 318, time: 1787691153.4987974
Generating request from task 319, time: 1787691153.4998102
Generating request from task 320, time: 1787691153.5007455
Generating request from task 321, time: 1787691153.5017278
Generating request from task 322, time: 1787691153.5027263
Generating request from task 323, time: 1787691153.5037274
Added task 317, time: 1787691153.512755
Added task 318, time: 1787691153.520974
Added task 319, time: 1787691153.5289059
Added task 320, time: 1787691153.589368
Added task 321, time: 1787691153.6010318
Added task 322, time: 1787691153.6086936
Added task 323, time: 1787691153.616325
Output for task 322: tc(45);, time: 1787691153.6648846
Start executing task 322 for agent 1 on time 1787691153.6655662 with plan tc(45);
Output for task 317: mu(40);?iv('book')==True{tp()}->False, time: 1787691153.692339
Start executing task 317 for agent 27 on time 1787691153.6929789 with plan mu(40);?iv('book')==True{tp()}->False
Output for task 318: mu(40);?iv('book')==True{tp()}->False, time: 1787691153.699405
Start executing task 318 for agent 6 on time 1787691153.7001054 with plan mu(40);?iv('book')==True{tp()}->False
Output for task 320: ?s('scissors')==True{g('scissors')}->False, time: 1787691153.7186723
Start executing task 320 for agent 24 on time 1787691153.7193139 with plan ?s('scissors')==True{g('scissors')}->False
Output for task 321: ?s('scissors')==True{g('scissors')}->False, time: 1787691153.7250664
Start executing task 321 for agent 8 on time 1787691153.7255812 with plan ?s('scissors')==True{g('scissors')}->False
Output for task 323: ?iv('boy')==True{tc(45)}->False;, time: 1787691153.7377713
Start executing task 323 for agent 14 on time 1787691153.7383811 with plan ?iv('boy')==True{tc(45)}->False;
Output for task 319: ?iv('keys')&iv('wallet')->{l('Yes');->True}l('No');->False, time: 1787691153.7568018
Start executing task 319 for agent 38 on time 1787691153.7574208 with plan ?iv('keys')&iv('wallet')->{l('Yes');->True}l('No');->False
Finish executing task 319 for agent 38 on time 1787691153.761636 with plan ?iv('keys')&iv('wallet')->{l('Yes');->True}l('No');->False
Finish executing task 313 for agent 13 on time 1787691153.9725895 with plan ?s('scissors')==True{g('scissors')}->False
Finish executing task 306 for agent 12 on time 1787691154.8688407 with plan ?iv('boy')==True{tc(45)}->False;
Finish executing task 311 for agent 20 on time 1787691154.912842 with plan ?iv('boy')==True{tc(45)}->False;
Finish executing task 312 for agent 30 on time 1787691154.9195054 with plan ?iv('boy')==True{tc(45)}->False;
Finish executing task 322 for agent 1 on time 1787691155.774511 with plan tc(45);
Finish executing task 307 for agent 3 on time 1787691156.0652244 with plan ?s('cat')==True{g('cat')};
Finish executing task 309 for agent 37 on time 1787691156.085903 with plan ?s('cat')==True{g('cat')};
Finish executing task 317 for agent 27 on time 1787691156.1947918 with plan mu(40);?iv('book')==True{tp()}->False
Finish executing task 318 for agent 6 on time 1787691156.2021384 with plan mu(40);?iv('book')==True{tp()}->False
Finish executing task 320 for agent 24 on time 1787691157.7371533 with plan ?s('scissors')==True{g('scissors')}->False
Finish executing task 321 for agent 8 on time 1787691157.7434602 with plan ?s('scissors')==True{g('scissors')}->False
Finish executing task 323 for agent 14 on time 1787691158.7164142 with plan ?iv('boy')==True{tc(45)}->False;
Generating request from task 324, time: 1787691159.315409
Generating request from task 325, time: 1787691159.3160956
Generating request from task 326, time: 1787691159.3170848
Generating request from task 327, time: 1787691159.3180494
Generating request from task 328, time: 1787691159.31905
Generating request from task 329, time: 1787691159.3200457
Generating request from task 330, time: 1787691159.3210602
Generating request from task 331, time: 1787691159.322053
Generating request from task 332, time: 1787691159.3230455
Generating request from task 333, time: 1787691159.3240478
Generating request from task 334, time: 1787691159.3250537
Generating request from task 335, time: 1787691159.3260458
Added task 324, time: 1787691159.3258991
Generating request from task 336, time: 1787691159.3270772
Generating request from task 337, time: 1787691159.3280473
Added task 325, time: 1787691159.3346837
Added task 326, time: 1787691159.3427875
Added task 327, time: 1787691159.4031897
Added task 328, time: 1787691159.4102666
Added task 329, time: 1787691159.4153872
Added task 330, time: 1787691159.4310799
Added task 331, time: 1787691159.4604762
Added task 332, time: 1787691159.4853091
Output for task 326: tc(30);, time: 1787691159.4853683
Start executing task 326 for agent 36 on time 1787691159.4860225 with plan tc(30);
Added task 333, time: 1787691159.502585
Added task 334, time: 1787691159.5145578
Added task 335, time: 1787691159.5205376
Output for task 327: tc(30);, time: 1787691159.5205967
Start executing task 327 for agent 25 on time 1787691159.5211945 with plan tc(30);
Added task 336, time: 1787691159.529543
Output for task 329: tc(30);, time: 1787691159.5296016
Start executing task 329 for agent 18 on time 1787691159.5302548 with plan tc(30);
Added task 337, time: 1787691159.5432034
Output for task 330: tc(30);, time: 1787691159.5432613
Start executing task 330 for agent 22 on time 1787691159.5439198 with plan tc(30);
Output for task 325: ?s('cat')==True{g('cat')};, time: 1787691159.5546968
Output for task 332: tc(45);, time: 1787691159.5547945
Start executing task 325 for agent 19 on time 1787691159.555477 with plan ?s('cat')==True{g('cat')};
Start executing task 332 for agent 32 on time 1787691159.555886 with plan tc(45);
Output for task 324: ?iv('boy')==True{tc(45)}->False;, time: 1787691159.569165
Start executing task 324 for agent 0 on time 1787691159.5698466 with plan ?iv('boy')==True{tc(45)}->False;
Output for task 328: ?s('cat')==True{g('cat')};, time: 1787691159.5799184
Output for task 335: tc(45);, time: 1787691159.5800211
Start executing task 328 for agent 2 on time 1787691159.5806408 with plan ?s('cat')==True{g('cat')};
Start executing task 335 for agent 35 on time 1787691159.5810835 with plan tc(45);
Output for task 331: ?s('scissors')==True{g('scissors')}->False, time: 1787691159.6129582
Start executing task 331 for agent 5 on time 1787691159.613563 with plan ?s('scissors')==True{g('scissors')}->False
Output for task 336: ?iv('boy')==True{tc(45)}->False;, time: 1787691159.6588418
Start executing task 336 for agent 33 on time 1787691159.659544 with plan ?iv('boy')==True{tc(45)}->False;
Output for task 337: md(40);?iv('toy')==True{g('toy')}->False, time: 1787691159.6779826
Start executing task 337 for agent 4 on time 1787691159.6786282 with plan md(40);?iv('toy')==True{g('toy')}->False
Output for task 333: ?iv('keys')&iv('wallet')->{l('Yes');->True}l('No');->False, time: 1787691159.6974597
Start executing task 333 for agent 23 on time 1787691159.6980996 with plan ?iv('keys')&iv('wallet')->{l('Yes');->True}l('No');->False
Finish executing task 333 for agent 23 on time 1787691159.7026927 with plan ?iv('keys')&iv('wallet')->{l('Yes');->True}l('No');->False
Output for task 334: ?iv('keys')&iv('wallet')->{l('Yes');->True}l('No');->False, time: 1787691159.7038205
Start executing task 334 for agent 10 on time 1787691159.7045262 with plan ?iv('keys')&iv('wallet')->{l('Yes');->True}l('No');->False
Finish executing task 334 for agent 10 on time 1787691159.7089744 with plan ?iv('keys')&iv('wallet')->{l('Yes');->True}l('No');->False
Finish executing task 332 for agent 32 on time 1787691161.6649613 with plan tc(45);
Finish executing task 335 for agent 35 on time 1787691161.6901395 with plan tc(45);
Finish executing task 326 for agent 36 on time 1787691162.0731401 with plan tc(30);
Finish executing task 327 for agent 25 on time 1787691162.10816 with plan tc(30);
Finish executing task 329 for agent 18 on time 1787691162.1173143 with plan tc(30);
Finish executing task 330 for agent 22 on time 1787691162.1309233 with plan tc(30);
Finish executing task 331 for agent 5 on time 1787691163.6316926 with plan ?s('scissors')==True{g('scissors')}->False
Finish executing task 324 for agent 0 on time 1787691164.548064 with plan ?iv('boy')==True{tc(45)}->False;
Finish executing task 336 for agent 33 on time 1787691164.637565 with plan ?iv('boy')==True{tc(45)}->False;
Finish executing task 337 for agent 4 on time 1787691164.9811869 with plan md(40);?iv('toy')==True{g('toy')}->False
Finish executing task 325 for agent 19 on time 1787691165.7304442 with plan ?s('cat')==True{g('cat')};
Finish executing task 328 for agent 2 on time 1787691165.7556434 with plan ?s('cat')==True{g('cat')};
Generating request from task 338, time: 1787691174.0507975
Generating request from task 339, time: 1787691174.0514128
Generating request from task 340, time: 1787691174.0524797
Generating request from task 341, time: 1787691174.0534554
Generating request from task 342, time: 1787691174.0544333
Generating request from task 343, time: 1787691174.0554292
Generating request from task 344, time: 1787691174.056427
Added task 338, time: 1787691174.0662482
Added task 339, time: 1787691174.07441
Added task 340, time: 1787691174.0824564
Added task 341, time: 1787691174.0975015
Added task 342, time: 1787691174.1055238
Added task 343, time: 1787691174.113271
Added task 344, time: 1787691174.1187313
Output for task 339: tc(30);, time: 1787691174.12448
Start executing task 339 for agent 40 on time 1787691174.125281 with plan tc(30);
Output for task 342: tc(45);, time: 1787691174.153288
Start executing task 342 for agent 34 on time 1787691174.15395 with plan tc(45);
Output for task 338: mu(40);?iv('book')==True{tp()}->False, time: 1787691174.1867228
Start executing task 338 for agent 7 on time 1787691174.1875875 with plan mu(40);?iv('book')==True{tp()}->False
Output for task 340: ?iv('boy')==True{tc(45)}->False;, time: 1787691174.193723
Start executing task 340 for agent 11 on time 1787691174.1946394 with plan ?iv('boy')==True{tc(45)}->False;
Output for task 343: ?s('cat')==True{g('cat')};, time: 1787691174.2061975
Start executing task 343 for agent 9 on time 1787691174.2068007 with plan ?s('cat')==True{g('cat')};
Output for task 341: ?s('scissors')==True{g('scissors')}->False, time: 1787691174.212336
Start executing task 341 for agent 29 on time 1787691174.2127998 with plan ?s('scissors')==True{g('scissors')}->False
Output for task 344: mu(40);?iv('book')==True{tp()}->False, time: 1787691174.23124
Start executing task 344 for agent 39 on time 1787691174.2317963 with plan mu(40);?iv('book')==True{tp()}->False
Finish executing task 342 for agent 34 on time 1787691176.2630448 with plan tc(45);
Finish executing task 338 for agent 7 on time 1787691176.6896403 with plan mu(40);?iv('book')==True{tp()}->False
Finish executing task 339 for agent 40 on time 1787691176.712418 with plan tc(30);
Finish executing task 344 for agent 39 on time 1787691176.7338557 with plan mu(40);?iv('book')==True{tp()}->False
Finish executing task 341 for agent 29 on time 1787691178.2308235 with plan ?s('scissors')==True{g('scissors')}->False
Finish executing task 340 for agent 11 on time 1787691179.1729755 with plan ?iv('boy')==True{tc(45)}->False;
Generating request from task 345, time: 1787691180.2007735
Generating request from task 346, time: 1787691180.2013206
Generating request from task 347, time: 1787691180.202276
Generating request from task 348, time: 1787691180.2032154
Generating request from task 349, time: 1787691180.204203
Generating request from task 350, time: 1787691180.2052066
Generating request from task 351, time: 1787691180.206217
Generating request from task 352, time: 1787691180.2072196
Generating request from task 353, time: 1787691180.208207
Generating request from task 354, time: 1787691180.2091963
Generating request from task 355, time: 1787691180.2102
Generating request from task 356, time: 1787691180.2111888
Added task 345, time: 1787691180.211179
Generating request from task 357, time: 1787691180.2122087
Added task 346, time: 1787691180.2196295
Added task 347, time: 1787691180.2277305
Added task 348, time: 1787691180.2485647
Added task 349, time: 1787691180.257469
Added task 350, time: 1787691180.2661107
Added task 351, time: 1787691180.2730834
Added task 352, time: 1787691180.281487
Added task 353, time: 1787691180.2920117
Added task 354, time: 1787691180.309837
Added task 355, time: 1787691180.3194933
Added task 356, time: 1787691180.3263319
Output for task 348: tc(30);, time: 1787691180.3263872
Start executing task 348 for agent 41 on time 1787691180.3271444 with plan tc(30);
Added task 357, time: 1787691180.3313482
Output for task 345: ?iv('boy')==True{tc(45)}->False;, time: 1787691180.3507168
Start executing task 345 for agent 26 on time 1787691180.351177 with plan ?iv('boy')==True{tc(45)}->False;
Output for task 346: ?iv('boy')==True{tc(45)}->False;, time: 1787691180.357693
Start executing task 346 for agent 16 on time 1787691180.358242 with plan ?iv('boy')==True{tc(45)}->False;
Output for task 347: ?iv('boy')==True{tc(45)}->False;, time: 1787691180.3698697
Start executing task 347 for agent 17 on time 1787691180.370331 with plan ?iv('boy')==True{tc(45)}->False;
Finish executing task 343 for agent 9 on time 1787691180.381752 with plan ?s('cat')==True{g('cat')};
Output for task 349: mu(40);?iv('book')==True{tp()}->False, time: 1787691180.397335
Output for task 350: ?iv('boy')==True{tc(45)}->False;, time: 1787691180.3974962
Start executing task 349 for agent 28 on time 1787691180.3977208 with plan mu(40);?iv('book')==True{tp()}->False
Start executing task 350 for agent 15 on time 1787691180.397943 with plan ?iv('boy')==True{tc(45)}->False;
Output for task 351: ?iv('boy')==True{tc(45)}->False;, time: 1787691180.4044287
Output for task 353: ?s('cat')==True{g('cat')};, time: 1787691180.4045236
Start executing task 351 for agent 38 on time 1787691180.4051533 with plan ?iv('boy')==True{tc(45)}->False;
Start executing task 353 for agent 31 on time 1787691180.4056165 with plan ?s('cat')==True{g('cat')};
Output for task 352: ?iv('keys')&iv('wallet')->{l('Yes');->True}l('No');->False, time: 1787691180.4701326
Output for task 354: mu(40);?iv('book')==True{tp()}->False, time: 1787691180.4704492
Output for task 355: ?iv('boy')==True{tc(45)}->False;, time: 1787691180.4707408
Start executing task 352 for agent 13 on time 1787691180.4708495 with plan ?iv('keys')&iv('wallet')->{l('Yes');->True}l('No');->False
Start executing task 354 for agent 21 on time 1787691180.4714415 with plan mu(40);?iv('book')==True{tp()}->False
Start executing task 355 for agent 12 on time 1787691180.472112 with plan ?iv('boy')==True{tc(45)}->False;
Finish executing task 352 for agent 13 on time 1787691180.475384 with plan ?iv('keys')&iv('wallet')->{l('Yes');->True}l('No');->False
Output for task 357: ?iv('boy')==True{tc(45)}->False;, time: 1787691180.5020926
Start executing task 357 for agent 30 on time 1787691180.502839 with plan ?iv('boy')==True{tc(45)}->False;
Output for task 356: ?iv('keys')&iv('wallet')->{l('Yes');->True}l('No');->False, time: 1787691180.540183
Start executing task 356 for agent 20 on time 1787691180.541084 with plan ?iv('keys')&iv('wallet')->{l('Yes');->True}l('No');->False
Finish executing task 356 for agent 20 on time 1787691180.5455732 with plan ?iv('keys')&iv('wallet')->{l('Yes');->True}l('No');->False
Finish executing task 349 for agent 28 on time 1787691182.8994951 with plan mu(40);?iv('book')==True{tp()}->False
Finish executing task 348 for agent 41 on time 1787691182.914061 with plan tc(30);
Finish executing task 354 for agent 21 on time 1787691182.9734812 with plan mu(40);?iv('book')==True{tp()}->False
Generating request from task 358, time: 1787691184.409144
Generating request from task 359, time: 1787691184.4098964
Generating request from task 360, time: 1787691184.4108386
Generating request from task 361, time: 1787691184.4118078
Generating request from task 362, time: 1787691184.4128416
Generating request from task 363, time: 1787691184.413798
Generating request from task 364, time: 1787691184.4148004
Generating request from task 365, time: 1787691184.4158
Added task 358, time: 1787691184.415874
Generating request from task 366, time: 1787691184.416824
Generating request from task 367, time: 1787691184.41781
Generating request from task 368, time: 1787691184.4188013
Generating request from task 369, time: 1787691184.4200559
Added task 359, time: 1787691184.4222271
Added task 360, time: 1787691184.4280233
Added task 361, time: 1787691184.4750648
Added task 362, time: 1787691184.4857333
Added task 363, time: 1787691184.4929283
Added task 364, time: 1787691184.507411
Added task 365, time: 1787691184.5381343
Added task 366, time: 1787691184.5531518
Added task 367, time: 1787691184.5615063
Added task 368, time: 1787691184.569654
Added task 369, time: 1787691184.5763803
Output for task 362: tc(30);, time: 1787691184.5768552
Output for task 363: tc(45);, time: 1787691184.5769315
Start executing task 363 for agent 8 on time 1787691184.577503 with plan tc(45);
Start executing task 362 for agent 24 on time 1787691184.5777822 with plan tc(30);
Output for task 360: ?s('cat')==True{g('cat')};, time: 1787691184.601737
Start executing task 360 for agent 3 on time 1787691184.6021335 with plan ?s('cat')==True{g('cat')};
Output for task 358: ?iv('boy')==True{tc(45)}->False;, time: 1787691184.621165
Start executing task 358 for agent 27 on time 1787691184.621731 with plan ?iv('boy')==True{tc(45)}->False;
Output for task 359: ?iv('boy')==True{tc(45)}->False;, time: 1787691184.6285946
Output for task 366: tc(30);, time: 1787691184.6286533
Start executing task 366 for agent 23 on time 1787691184.6290662 with plan tc(30);
Start executing task 359 for agent 6 on time 1787691184.6293917 with plan ?iv('boy')==True{tc(45)}->False;
Output for task 361: mu(40);?iv('book')==True{tp()}->False, time: 1787691184.6531367
Start executing task 361 for agent 37 on time 1787691184.6535273 with plan mu(40);?iv('book')==True{tp()}->False
Output for task 364: ?iv('boy')==True{tc(45)}->False;, time: 1787691184.6601498
Start executing task 364 for agent 1 on time 1787691184.6606555 with plan ?iv('boy')==True{tc(45)}->False;
Output for task 365: mu(40);?iv('book')==True{tp()}->False, time: 1787691184.6734395
Start executing task 365 for agent 14 on time 1787691184.6738324 with plan mu(40);?iv('book')==True{tp()}->False
Output for task 367: ?iv('boy')==True{tc(45)}->False;, time: 1787691184.6927714
Start executing task 367 for agent 10 on time 1787691184.6933184 with plan ?iv('boy')==True{tc(45)}->False;
Output for task 368: md(40);?iv('toy')==True{g('toy')}->False, time: 1787691184.7316976
Output for task 369: mu(40);?iv('book')==True{tp()}->False, time: 1787691184.7317445
Start executing task 368 for agent 5 on time 1787691184.7322838 with plan md(40);?iv('toy')==True{g('toy')}->False
Start executing task 369 for agent 32 on time 1787691184.7327096 with plan mu(40);?iv('book')==True{tp()}->False
Finish executing task 345 for agent 26 on time 1787691185.3291862 with plan ?iv('boy')==True{tc(45)}->False;
Finish executing task 346 for agent 16 on time 1787691185.336453 with plan ?iv('boy')==True{tc(45)}->False;
Finish executing task 347 for agent 17 on time 1787691185.3484576 with plan ?iv('boy')==True{tc(45)}->False;
Finish executing task 350 for agent 15 on time 1787691185.3758628 with plan ?iv('boy')==True{tc(45)}->False;
Finish executing task 351 for agent 38 on time 1787691185.383369 with plan ?iv('boy')==True{tc(45)}->False;
Finish executing task 355 for agent 12 on time 1787691185.4503403 with plan ?iv('boy')==True{tc(45)}->False;
Finish executing task 357 for agent 30 on time 1787691185.4810934 with plan ?iv('boy')==True{tc(45)}->False;
Finish executing task 353 for agent 31 on time 1787691186.5806248 with plan ?s('cat')==True{g('cat')};
Finish executing task 363 for agent 8 on time 1787691186.6864512 with plan tc(45);
Generating request from task 370, time: 1787691186.970088
Generating request from task 371, time: 1787691186.9707382
Generating request from task 372, time: 1787691186.9716833
Generating request from task 373, time: 1787691186.9727051
Generating request from task 374, time: 1787691186.9736762
Generating request from task 375, time: 1787691186.974691
Generating request from task 376, time: 1787691186.9756832
Generating request from task 377, time: 1787691186.9766586
Generating request from task 378, time: 1787691186.977651
Generating request from task 379, time: 1787691186.978649
Added task 370, time: 1787691186.9790874
Generating request from task 380, time: 1787691186.979673
Generating request from task 381, time: 1787691186.9806488
Generating request from task 382, time: 1787691186.9816542
Generating request from task 383, time: 1787691186.9826467
Generating request from task 384, time: 1787691186.98364
Generating request from task 385, time: 1787691186.984644
Added task 371, time: 1787691186.9869747
Added task 372, time: 1787691186.994351
Added task 373, time: 1787691187.0419188
Added task 374, time: 1787691187.0539176
Added task 375, time: 1787691187.062676
Added task 376, time: 1787691187.0706935
Added task 377, time: 1787691187.0838144
Added task 378, time: 1787691187.1200597
Output for task 372: tc(30);, time: 1787691187.1202
Start executing task 372 for agent 25 on time 1787691187.120845 with plan tc(30);
Added task 379, time: 1787691187.1498137
Finish executing task 361 for agent 37 on time 1787691187.1554682 with plan mu(40);?iv('book')==True{tp()}->False
Added task 380, time: 1787691187.1645145
Finish executing task 362 for agent 24 on time 1787691187.1646867 with plan tc(30);
Added task 381, time: 1787691187.1731136
Finish executing task 365 for agent 14 on time 1787691187.175649 with plan mu(40);?iv('book')==True{tp()}->False
Added task 382, time: 1787691187.180116
Output for task 373: tc(45);, time: 1787691187.1801846
Start executing task 373 for agent 18 on time 1787691187.180522 with plan tc(45);
Added task 383, time: 1787691187.1901226
Added task 384, time: 1787691187.1984081
Added task 385, time: 1787691187.2054162
Output for task 378: tc(45);, time: 1787691187.2054832
Start executing task 378 for agent 19 on time 1787691187.20583 with plan tc(45);
Output for task 370: ?iv('boy')==True{tc(45)}->False;, time: 1787691187.2143633
Start executing task 370 for agent 35 on time 1787691187.214846 with plan ?iv('boy')==True{tc(45)}->False;
Finish executing task 366 for agent 23 on time 1787691187.2160397 with plan tc(30);
Finish executing task 369 for agent 32 on time 1787691187.234685 with plan mu(40);?iv('book')==True{tp()}->False
Output for task 376: ?s('cat')==True{g('cat')};, time: 1787691187.235538
Start executing task 376 for agent 33 on time 1787691187.2361746 with plan ?s('cat')==True{g('cat')};
Output for task 380: tc(30);, time: 1787691187.2484326
Start executing task 380 for agent 7 on time 1787691187.2487557 with plan tc(30);
Output for task 375: mu(40);?iv('book')==True{tp()}->False, time: 1787691187.2688353
Output for task 377: ?s('scissors')==True{g('scissors')}->False, time: 1787691187.268907
Start executing task 375 for agent 0 on time 1787691187.2692788 with plan mu(40);?iv('book')==True{tp()}->False
Start executing task 377 for agent 4 on time 1787691187.2694297 with plan ?s('scissors')==True{g('scissors')}->False
Output for task 374: md(40);?iv('toy')==True{g('toy')}->False, time: 1787691187.2851975
Output for task 382: tc(45);, time: 1787691187.2852557
Start executing task 382 for agent 29 on time 1787691187.2855277 with plan tc(45);
Start executing task 374 for agent 22 on time 1787691187.2857966 with plan md(40);?iv('toy')==True{g('toy')}->False
Output for task 371: ?iv('keys')&iv('wallet')->{l('Yes');->True}l('No');->False, time: 1787691187.2964256
Start executing task 371 for agent 36 on time 1787691187.2967608 with plan ?iv('keys')&iv('wallet')->{l('Yes');->True}l('No');->False
Finish executing task 371 for agent 36 on time 1787691187.3011124 with plan ?iv('keys')&iv('wallet')->{l('Yes');->True}l('No');->False
Output for task 384: tc(45);, time: 1787691187.310163
Output for task 385: tc(30);, time: 1787691187.3103662
Start executing task 384 for agent 40 on time 1787691187.3105795 with plan tc(45);
Start executing task 385 for agent 11 on time 1787691187.3112085 with plan tc(30);
Output for task 379: md(40);?iv('toy')==True{g('toy')}->False, time: 1787691187.3166509
Start executing task 379 for agent 2 on time 1787691187.3170528 with plan md(40);?iv('toy')==True{g('toy')}->False
Output for task 381: md(40);?iv('toy')==True{g('toy')}->False, time: 1787691187.348785
Start executing task 381 for agent 39 on time 1787691187.3492827 with plan md(40);?iv('toy')==True{g('toy')}->False
Output for task 383: ?iv('boy')==True{tc(45)}->False;, time: 1787691187.3553228
Start executing task 383 for agent 34 on time 1787691187.355971 with plan ?iv('boy')==True{tc(45)}->False;
Generating request from task 386, time: 1787691189.050985
Generating request from task 387, time: 1787691189.0518157
Generating request from task 388, time: 1787691189.052755
Generating request from task 389, time: 1787691189.0537214
Generating request from task 390, time: 1787691189.0550005
Generating request from task 391, time: 1787691189.055798
Generating request from task 392, time: 1787691189.0567703
Generating request from task 393, time: 1787691189.0577595
Generating request from task 394, time: 1787691189.0587614
Generating request from task 395, time: 1787691189.0597553
Generating request from task 396, time: 1787691189.0607636
Generating request from task 397, time: 1787691189.0617607
Generating request from task 398, time: 1787691189.0627513
Generating request from task 399, time: 1787691189.0637493
Added task 386, time: 1787691189.0645666
Generating request from task 400, time: 1787691189.0647433
Added task 387, time: 1787691189.0723455
Added task 388, time: 1787691189.0797827
Added task 389, time: 1787691189.118253
Added task 390, time: 1787691189.1295717
Added task 391, time: 1787691189.1376781
Added task 392, time: 1787691189.145205
Added task 393, time: 1787691189.1523798
Added task 394, time: 1787691189.1732187
Added task 395, time: 1787691189.1996617
Added task 396, time: 1787691189.2130315
Added task 397, time: 1787691189.220888
Added task 398, time: 1787691189.2281544
Added task 399, time: 1787691189.2350283
Added task 400, time: 1787691189.2413726
Output for task 388: ?iv('boy')==True{tc(45)}->False;, time: 1787691189.2493525
Start executing task 388 for agent 9 on time 1787691189.2499814 with plan ?iv('boy')==True{tc(45)}->False;
Output for task 387: mu(40);?iv('book')==True{tp()}->False, time: 1787691189.2741556
Start executing task 387 for agent 20 on time 1787691189.2745488 with plan mu(40);?iv('book')==True{tp()}->False
Finish executing task 373 for agent 18 on time 1787691189.2894082 with plan tc(45);
Output for task 391: ?s('cat')==True{g('cat')};, time: 1787691189.296218
Start executing task 391 for agent 41 on time 1787691189.2966506 with plan ?s('cat')==True{g('cat')};
Finish executing task 378 for agent 19 on time 1787691189.3147035 with plan tc(45);
Output for task 392: mu(40);?iv('book')==True{tp()}->False, time: 1787691189.3251276
Start executing task 392 for agent 26 on time 1787691189.325807 with plan mu(40);?iv('book')==True{tp()}->False
Output for task 386: ?iv('keys')&iv('wallet')->{l('Yes');->True}l('No');->False, time: 1787691189.342239
Start executing task 386 for agent 13 on time 1787691189.342839 with plan ?iv('keys')&iv('wallet')->{l('Yes');->True}l('No');->False
Finish executing task 386 for agent 13 on time 1787691189.3474073 with plan ?iv('keys')&iv('wallet')->{l('Yes');->True}l('No');->False
Output for task 389: ?iv('keys')&iv('wallet')->{l('Yes');->True}l('No');->False, time: 1787691189.3745964
Start executing task 389 for agent 28 on time 1787691189.3753946 with plan ?iv('keys')&iv('wallet')->{l('Yes');->True}l('No');->False
Finish executing task 389 for agent 28 on time 1787691189.380006 with plan ?iv('keys')&iv('wallet')->{l('Yes');->True}l('No');->False
Output for task 390: ?iv('keys')&iv('wallet')->{l('Yes');->True}l('No');->False, time: 1787691189.3836129
Start executing task 390 for agent 21 on time 1787691189.3841517 with plan ?iv('keys')&iv('wallet')->{l('Yes');->True}l('No');->False
Finish executing task 390 for agent 21 on time 1787691189.388364 with plan ?iv('keys')&iv('wallet')->{l('Yes');->True}l('No');->False
Finish executing task 382 for agent 29 on time 1787691189.3943496 with plan tc(45);
Output for task 393: ?iv('keys')&iv('wallet')->{l('Yes');->True}l('No');->False, time: 1787691189.395171
Output for task 394: ?s('scissors')==True{g('scissors')}->False, time: 1787691189.3953562
Start executing task 393 for agent 16 on time 1787691189.4035144 with plan ?iv('keys')&iv('wallet')->{l('Yes');->True}l('No');->False
Start executing task 394 for agent 17 on time 1787691189.4040704 with plan ?s('scissors')==True{g('scissors')}->False
Finish executing task 393 for agent 16 on time 1787691189.408118 with plan ?iv('keys')&iv('wallet')->{l('Yes');->True}l('No');->False
Output for task 395: md(40);?iv('toy')==True{g('toy')}->False, time: 1787691189.4154356
Start executing task 395 for agent 15 on time 1787691189.4161 with plan md(40);?iv('toy')==True{g('toy')}->False
Finish executing task 384 for agent 40 on time 1787691189.4194038 with plan tc(45);
Output for task 396: md(40);?iv('toy')==True{g('toy')}->False, time: 1787691189.4287848
Start executing task 396 for agent 38 on time 1787691189.4295104 with plan md(40);?iv('toy')==True{g('toy')}->False
Output for task 397: mu(40);?iv('book')==True{tp()}->False, time: 1787691189.4420013
Start executing task 397 for agent 12 on time 1787691189.4426403 with plan mu(40);?iv('book')==True{tp()}->False
Output for task 398: ?s('scissors')==True{g('scissors')}->False, time: 1787691189.4484277
Start executing task 398 for agent 30 on time 1787691189.4489748 with plan ?s('scissors')==True{g('scissors')}->False
Output for task 400: ?s('cat')==True{g('cat')};, time: 1787691189.4676414
Start executing task 400 for agent 37 on time 1787691189.4683414 with plan ?s('cat')==True{g('cat')};
Output for task 399: mu(40);?iv('book')==True{tp()}->False, time: 1787691189.4866722
Start executing task 399 for agent 36 on time 1787691189.4873435 with plan mu(40);?iv('book')==True{tp()}->False
Finish executing task 358 for agent 27 on time 1787691189.5999815 with plan ?iv('boy')==True{tc(45)}->False;
Finish executing task 359 for agent 6 on time 1787691189.6075237 with plan ?iv('boy')==True{tc(45)}->False;
Finish executing task 364 for agent 1 on time 1787691189.6387796 with plan ?iv('boy')==True{tc(45)}->False;
Finish executing task 367 for agent 10 on time 1787691189.6712394 with plan ?iv('boy')==True{tc(45)}->False;
Finish executing task 372 for agent 25 on time 1787691189.7079992 with plan tc(30);
Finish executing task 375 for agent 0 on time 1787691189.7709978 with plan mu(40);?iv('book')==True{tp()}->False
Finish executing task 380 for agent 7 on time 1787691189.8355978 with plan tc(30);
Finish executing task 385 for agent 11 on time 1787691189.898297 with plan tc(30);
Finish executing task 368 for agent 5 on time 1787691190.034757 with plan md(40);?iv('toy')==True{g('toy')}->False
Finish executing task 360 for agent 3 on time 1787691190.7768931 with plan ?s('cat')==True{g('cat')};
Finish executing task 377 for agent 4 on time 1787691191.2872677 with plan ?s('scissors')==True{g('scissors')}->False
Finish executing task 387 for agent 20 on time 1787691191.7763677 with plan mu(40);?iv('book')==True{tp()}->False
Finish executing task 392 for agent 26 on time 1787691191.8275642 with plan mu(40);?iv('book')==True{tp()}->False
Finish executing task 397 for agent 12 on time 1787691191.944383 with plan mu(40);?iv('book')==True{tp()}->False
Finish executing task 399 for agent 36 on time 1787691191.989098 with plan mu(40);?iv('book')==True{tp()}->False
Finish executing task 370 for agent 35 on time 1787691192.1931372 with plan ?iv('boy')==True{tc(45)}->False;
Finish executing task 383 for agent 34 on time 1787691192.3341455 with plan ?iv('boy')==True{tc(45)}->False;
Finish executing task 374 for agent 22 on time 1787691192.5883162 with plan md(40);?iv('toy')==True{g('toy')}->False
Finish executing task 379 for agent 2 on time 1787691192.6193132 with plan md(40);?iv('toy')==True{g('toy')}->False
Finish executing task 381 for agent 39 on time 1787691192.6515877 with plan md(40);?iv('toy')==True{g('toy')}->False
Finish executing task 376 for agent 33 on time 1787691193.411104 with plan ?s('cat')==True{g('cat')};
Finish executing task 394 for agent 17 on time 1787691193.4222856 with plan ?s('scissors')==True{g('scissors')}->False
Finish executing task 398 for agent 30 on time 1787691193.467069 with plan ?s('scissors')==True{g('scissors')}->False
Finish executing task 388 for agent 9 on time 1787691194.2280843 with plan ?iv('boy')==True{tc(45)}->False;
Finish executing task 395 for agent 15 on time 1787691194.7186766 with plan md(40);?iv('toy')==True{g('toy')}->False
Finish executing task 396 for agent 38 on time 1787691194.7320576 with plan md(40);?iv('toy')==True{g('toy')}->False
Finish executing task 391 for agent 41 on time 1787691195.471467 with plan ?s('cat')==True{g('cat')};
Finish executing task 400 for agent 37 on time 1787691195.6433103 with plan ?s('cat')==True{g('cat')};
Generating request from task 401, time: 1787691196.3642395
Generating request from task 402, time: 1787691196.3649805
Generating request from task 403, time: 1787691196.365907
Generating request from task 404, time: 1787691196.3668969
Generating request from task 405, time: 1787691196.3679023
Generating request from task 406, time: 1787691196.3688974
Generating request from task 407, time: 1787691196.369914
Generating request from task 408, time: 1787691196.370897
Generating request from task 409, time: 1787691196.3719018
Generating request from task 410, time: 1787691196.3729045
Added task 401, time: 1787691196.373503
Generating request from task 411, time: 1787691196.373945
Generating request from task 412, time: 1787691196.3748946
Generating request from task 413, time: 1787691196.375888
Added task 402, time: 1787691196.3812616
Added task 403, time: 1787691196.388957
Added task 404, time: 1787691196.441296
Added task 405, time: 1787691196.4552987
Added task 406, time: 1787691196.4652321
Added task 407, time: 1787691196.4742548
Added task 408, time: 1787691196.4826124
Added task 409, time: 1787691196.4991722
Added task 410, time: 1787691196.5436604
Added task 411, time: 1787691196.5608816
Added task 412, time: 1787691196.5711613
Added task 413, time: 1787691196.5806434
Output for task 405: tc(30);, time: 1787691196.581305
Start executing task 405 for agent 13 on time 1787691196.5824609 with plan tc(30);
Output for task 401: ?iv('boy')==True{tc(45)}->False;, time: 1787691196.5850546
Start executing task 401 for agent 14 on time 1787691196.5856686 with plan ?iv('boy')==True{tc(45)}->False;
Output for task 402: ?s('scissors')==True{g('scissors')}->False, time: 1787691196.6055195
Output for task 403: ?iv('boy')==True{tc(45)}->False;, time: 1787691196.6056163
Start executing task 403 for agent 31 on time 1787691196.6060486 with plan ?iv('boy')==True{tc(45)}->False;
Start executing task 402 for agent 32 on time 1787691196.606533 with plan ?s('scissors')==True{g('scissors')}->False
Output for task 404: ?s('scissors')==True{g('scissors')}->False, time: 1787691196.6368096
Start executing task 404 for agent 8 on time 1787691196.6374578 with plan ?s('scissors')==True{g('scissors')}->False
Output for task 413: tc(30);, time: 1787691196.67995
Start executing task 413 for agent 1 on time 1787691196.680552 with plan tc(30);
Output for task 409: mu(40);?iv('book')==True{tp()}->False, time: 1787691196.6935265
Start executing task 409 for agent 24 on time 1787691196.694243 with plan mu(40);?iv('book')==True{tp()}->False
Output for task 410: ?s('scissors')==True{g('scissors')}->False, time: 1787691196.7146919
Start executing task 410 for agent 23 on time 1787691196.7156687 with plan ?s('scissors')==True{g('scissors')}->False
Output for task 406: ?iv('keys')&iv('wallet')->{l('Yes');->True}l('No');->False, time: 1787691196.721793
Output for task 407: ?iv('keys')&iv('wallet')->{l('Yes');->True}l('No');->False, time: 1787691196.7220404
Output for task 408: ?iv('keys')&iv('wallet')->{l('Yes');->True}l('No');->False, time: 1787691196.7222679
Start executing task 406 for agent 28 on time 1787691196.7223866 with plan ?iv('keys')&iv('wallet')->{l('Yes');->True}l('No');->False
Output for task 411: ?s('scissors')==True{g('scissors')}->False, time: 1787691196.7225208
Start executing task 407 for agent 21 on time 1787691196.7227008 with plan ?iv('keys')&iv('wallet')->{l('Yes');->True}l('No');->False
Start executing task 408 for agent 16 on time 1787691196.723293 with plan ?iv('keys')&iv('wallet')->{l('Yes');->True}l('No');->False
Start executing task 411 for agent 27 on time 1787691196.7240002 with plan ?s('scissors')==True{g('scissors')}->False
Finish executing task 406 for agent 28 on time 1787691196.7272742 with plan ?iv('keys')&iv('wallet')->{l('Yes');->True}l('No');->False
Finish executing task 407 for agent 21 on time 1787691196.7276437 with plan ?iv('keys')&iv('wallet')->{l('Yes');->True}l('No');->False
Finish executing task 408 for agent 16 on time 1787691196.727835 with plan ?iv('keys')&iv('wallet')->{l('Yes');->True}l('No');->False
Output for task 412: mu(40);?iv('book')==True{tp()}->False, time: 1787691196.7280264
Start executing task 412 for agent 6 on time 1787691196.7287078 with plan mu(40);?iv('book')==True{tp()}->False
Finish executing task 405 for agent 13 on time 1787691199.1696062 with plan tc(30);
Finish executing task 409 for agent 24 on time 1787691199.1962967 with plan mu(40);?iv('book')==True{tp()}->False
Finish executing task 412 for agent 6 on time 1787691199.2307103 with plan mu(40);?iv('book')==True{tp()}->False
Finish executing task 413 for agent 1 on time 1787691199.2675817 with plan tc(30);
Finish executing task 402 for agent 32 on time 1787691200.6246974 with plan ?s('scissors')==True{g('scissors')}->False
Finish executing task 404 for agent 8 on time 1787691200.6556087 with plan ?s('scissors')==True{g('scissors')}->False
Finish executing task 410 for agent 23 on time 1787691200.733947 with plan ?s('scissors')==True{g('scissors')}->False
Finish executing task 411 for agent 27 on time 1787691200.7421415 with plan ?s('scissors')==True{g('scissors')}->False
Finish executing task 401 for agent 14 on time 1787691201.5639622 with plan ?iv('boy')==True{tc(45)}->False;
Finish executing task 403 for agent 31 on time 1787691201.5842974 with plan ?iv('boy')==True{tc(45)}->False;
Generating request from task 414, time: 1787691203.028615
Generating request from task 415, time: 1787691203.0290744
Generating request from task 416, time: 1787691203.029977
Generating request from task 417, time: 1787691203.0309806
Generating request from task 418, time: 1787691203.031948
Generating request from task 419, time: 1787691203.0329418
Generating request from task 420, time: 1787691203.0340068
Generating request from task 421, time: 1787691203.0349495
Generating request from task 422, time: 1787691203.0359318
Generating request from task 423, time: 1787691203.0369406
Generating request from task 424, time: 1787691203.0379405
Added task 414, time: 1787691203.0395927
Added task 415, time: 1787691203.0487509
Added task 416, time: 1787691203.0572429
Added task 417, time: 1787691203.104975
Added task 418, time: 1787691203.1179879
Added task 419, time: 1787691203.1277084
Added task 420, time: 1787691203.136722
Added task 421, time: 1787691203.1452367
Added task 422, time: 1787691203.1788359
Output for task 415: tc(30);, time: 1787691203.1789725
Start executing task 415 for agent 5 on time 1787691203.179572 with plan tc(30);
Added task 423, time: 1787691203.207218
Added task 424, time: 1787691203.2253602
Output for task 416: ?s('cat')==True{g('cat')};, time: 1787691203.241187
Start executing task 416 for agent 0 on time 1787691203.241598 with plan ?s('cat')==True{g('cat')};
Output for task 414: md(40);?iv('toy')==True{g('toy')}->False, time: 1787691203.2764943
Start executing task 414 for agent 10 on time 1787691203.2772431 with plan md(40);?iv('toy')==True{g('toy')}->False
Output for task 421: ?iv('boy')==True{tc(45)}->False;, time: 1787691203.3107545
Start executing task 421 for agent 40 on time 1787691203.3113534 with plan ?iv('boy')==True{tc(45)}->False;
Output for task 422: ?iv('boy')==True{tc(45)}->False;, time: 1787691203.3177795
Start executing task 422 for agent 3 on time 1787691203.3184264 with plan ?iv('boy')==True{tc(45)}->False;
Output for task 418: md(40);?iv('toy')==True{g('toy')}->False, time: 1787691203.3248127
Output for task 424: tc(30);, time: 1787691203.3252316
Start executing task 418 for agent 18 on time 1787691203.3255732 with plan md(40);?iv('toy')==True{g('toy')}->False
Start executing task 424 for agent 7 on time 1787691203.3258395 with plan tc(30);
Output for task 423: ?s('cat')==True{g('cat')};, time: 1787691203.337886
Start executing task 423 for agent 25 on time 1787691203.3385339 with plan ?s('cat')==True{g('cat')};
Output for task 417: ?iv('keys')&iv('wallet')->{l('Yes');->True}l('No');->False, time: 1787691203.3636587
Start executing task 417 for agent 4 on time 1787691203.3643026 with plan ?iv('keys')&iv('wallet')->{l('Yes');->True}l('No');->False
Finish executing task 417 for agent 4 on time 1787691203.3685637 with plan ?iv('keys')&iv('wallet')->{l('Yes');->True}l('No');->False
Output for task 419: ?iv('keys')&iv('wallet')->{l('Yes');->True}l('No');->False, time: 1787691203.370213
Start executing task 419 for agent 19 on time 1787691203.3708389 with plan ?iv('keys')&iv('wallet')->{l('Yes');->True}l('No');->False
Finish executing task 419 for agent 19 on time 1787691203.3752172 with plan ?iv('keys')&iv('wallet')->{l('Yes');->True}l('No');->False
Output for task 420: ?iv('keys')&iv('wallet')->{l('Yes');->True}l('No');->False, time: 1787691203.376498
Start executing task 420 for agent 29 on time 1787691203.3772802 with plan ?iv('keys')&iv('wallet')->{l('Yes');->True}l('No');->False
Finish executing task 420 for agent 29 on time 1787691203.3815308 with plan ?iv('keys')&iv('wallet')->{l('Yes');->True}l('No');->False
Generating request from task 425, time: 1787691203.4115324
Generating request from task 426, time: 1787691203.4123251
Generating request from task 427, time: 1787691203.4132605
Generating request from task 428, time: 1787691203.4142652
Generating request from task 429, time: 1787691203.4152522
Generating request from task 430, time: 1787691203.4162526
Generating request from task 431, time: 1787691203.4172595
Generating request from task 432, time: 1787691203.4182522
Generating request from task 433, time: 1787691203.4192479
Added task 425, time: 1787691203.4278228
Added task 426, time: 1787691203.4425273
Added task 427, time: 1787691203.4552982
Added task 428, time: 1787691203.5108232
Added task 429, time: 1787691203.5324259
Added task 430, time: 1787691203.5457413
Added task 431, time: 1787691203.5558171
Added task 432, time: 1787691203.5642822
Added task 433, time: 1787691203.5721874
Output for task 431: tc(45);, time: 1787691203.631111
Start executing task 431 for agent 34 on time 1787691203.6316988 with plan tc(45);
Output for task 425: md(40);?iv('toy')==True{g('toy')}->False, time: 1787691203.6635942
Start executing task 425 for agent 11 on time 1787691203.6640937 with plan md(40);?iv('toy')==True{g('toy')}->False
Output for task 426: md(40);?iv('toy')==True{g('toy')}->False, time: 1787691203.6703253
Start executing task 426 for agent 20 on time 1787691203.6706367 with plan md(40);?iv('toy')==True{g('toy')}->False
Output for task 432: ?s('scissors')==True{g('scissors')}->False, time: 1787691203.7118833
Start executing task 432 for agent 22 on time 1787691203.7122352 with plan ?s('scissors')==True{g('scissors')}->False
Output for task 427: ?iv('keys')&iv('wallet')->{l('Yes');->True}l('No');->False, time: 1787691203.7187724
Start executing task 427 for agent 26 on time 1787691203.7193353 with plan ?iv('keys')&iv('wallet')->{l('Yes');->True}l('No');->False
Finish executing task 427 for agent 26 on time 1787691203.7239356 with plan ?iv('keys')&iv('wallet')->{l('Yes');->True}l('No');->False
Output for task 430: md(40);?iv('toy')==True{g('toy')}->False, time: 1787691203.725432
Start executing task 430 for agent 35 on time 1787691203.7258432 with plan md(40);?iv('toy')==True{g('toy')}->False
Output for task 428: ?iv('keys')&iv('wallet')->{l('Yes');->True}l('No');->False, time: 1787691203.751304
Start executing task 428 for agent 12 on time 1787691203.7517493 with plan ?iv('keys')&iv('wallet')->{l('Yes');->True}l('No');->False
Finish executing task 428 for agent 12 on time 1787691203.7563605 with plan ?iv('keys')&iv('wallet')->{l('Yes');->True}l('No');->False
Output for task 429: ?iv('keys')&iv('wallet')->{l('Yes');->True}l('No');->False, time: 1787691203.764244
Output for task 433: md(40);?iv('toy')==True{g('toy')}->False, time: 1787691203.764297
Start executing task 433 for agent 2 on time 1787691203.7648385 with plan md(40);?iv('toy')==True{g('toy')}->False
Start executing task 429 for agent 36 on time 1787691203.764993 with plan ?iv('keys')&iv('wallet')->{l('Yes');->True}l('No');->False
Finish executing task 429 for agent 36 on time 1787691203.7699363 with plan ?iv('keys')&iv('wallet')->{l('Yes');->True}l('No');->False
Generating request from task 434, time: 1787691204.7673411
Generating request from task 435, time: 1787691204.7680554
Generating request from task 436, time: 1787691204.7690089
Generating request from task 437, time: 1787691204.7699883
Generating request from task 438, time: 1787691204.7709918
Generating request from task 439, time: 1787691204.7719932
Generating request from task 440, time: 1787691204.772998
Generating request from task 441, time: 1787691204.774
Generating request from task 442, time: 1787691204.774994
Added task 434, time: 1787691204.781373
Added task 435, time: 1787691204.7931783
Added task 436, time: 1787691204.8042104
Added task 437, time: 1787691204.8571434
Added task 438, time: 1787691204.8762393
Added task 439, time: 1787691204.8880153
Added task 440, time: 1787691204.898683
Added task 441, time: 1787691204.9085813
Added task 442, time: 1787691204.9179482
Output for task 439: tc(30);, time: 1787691204.9707196
Start executing task 439 for agent 38 on time 1787691204.9714706 with plan tc(30);
Output for task 435: mu(40);?iv('book')==True{tp()}->False, time: 1787691205.0059676
Start executing task 435 for agent 17 on time 1787691205.0067396 with plan mu(40);?iv('book')==True{tp()}->False
Output for task 434: md(40);?iv('toy')==True{g('toy')}->False, time: 1787691205.012907
Start executing task 434 for agent 39 on time 1787691205.0135527 with plan md(40);?iv('toy')==True{g('toy')}->False
Output for task 436: md(40);?iv('toy')==True{g('toy')}->False, time: 1787691205.0198925
Start executing task 436 for agent 30 on time 1787691205.0204928 with plan md(40);?iv('toy')==True{g('toy')}->False
Output for task 441: ?s('cat')==True{g('cat')};, time: 1787691205.0332723
Start executing task 441 for agent 41 on time 1787691205.0339198 with plan ?s('cat')==True{g('cat')};
Output for task 438: ?iv('boy')==True{tc(45)}->False;, time: 1787691205.0399024
Start executing task 438 for agent 15 on time 1787691205.0404563 with plan ?iv('boy')==True{tc(45)}->False;
Output for task 440: ?iv('boy')==True{tc(45)}->False;, time: 1787691205.0462832
Start executing task 440 for agent 33 on time 1787691205.046791 with plan ?iv('boy')==True{tc(45)}->False;
Output for task 437: ?iv('keys')&iv('wallet')->{l('Yes');->True}l('No');->False, time: 1787691205.097615
Start executing task 437 for agent 9 on time 1787691205.0982072 with plan ?iv('keys')&iv('wallet')->{l('Yes');->True}l('No');->False
Finish executing task 437 for agent 9 on time 1787691205.1028433 with plan ?iv('keys')&iv('wallet')->{l('Yes');->True}l('No');->False
Output for task 442: md(40);?iv('toy')==True{g('toy')}->False, time: 1787691205.1040883
Start executing task 442 for agent 37 on time 1787691205.10471 with plan md(40);?iv('toy')==True{g('toy')}->False
Finish executing task 431 for agent 34 on time 1787691205.7406619 with plan tc(45);
Finish executing task 415 for agent 5 on time 1787691205.766807 with plan tc(30);
Finish executing task 424 for agent 7 on time 1787691205.9128675 with plan tc(30);
Finish executing task 435 for agent 17 on time 1787691207.5088184 with plan mu(40);?iv('book')==True{tp()}->False
Finish executing task 439 for agent 38 on time 1787691207.5586536 with plan tc(30);
Finish executing task 432 for agent 22 on time 1787691207.7301917 with plan ?s('scissors')==True{g('scissors')}->False
Finish executing task 421 for agent 40 on time 1787691208.2893875 with plan ?iv('boy')==True{tc(45)}->False;
Finish executing task 422 for agent 3 on time 1787691208.2966595 with plan ?iv('boy')==True{tc(45)}->False;
Finish executing task 414 for agent 10 on time 1787691208.5798197 with plan md(40);?iv('toy')==True{g('toy')}->False
Finish executing task 418 for agent 18 on time 1787691208.6278894 with plan md(40);?iv('toy')==True{g('toy')}->False
Finish executing task 425 for agent 11 on time 1787691208.9666975 with plan md(40);?iv('toy')==True{g('toy')}->False
Finish executing task 426 for agent 20 on time 1787691208.9729276 with plan md(40);?iv('toy')==True{g('toy')}->False
Finish executing task 430 for agent 35 on time 1787691209.0284982 with plan md(40);?iv('toy')==True{g('toy')}->False
Finish executing task 433 for agent 2 on time 1787691209.067512 with plan md(40);?iv('toy')==True{g('toy')}->False
Finish executing task 416 for agent 0 on time 1787691209.4164279 with plan ?s('cat')==True{g('cat')};
Finish executing task 423 for agent 25 on time 1787691209.5135415 with plan ?s('cat')==True{g('cat')};
Finish executing task 438 for agent 15 on time 1787691210.0187018 with plan ?iv('boy')==True{tc(45)}->False;
Finish executing task 440 for agent 33 on time 1787691210.0250194 with plan ?iv('boy')==True{tc(45)}->False;
Finish executing task 434 for agent 39 on time 1787691210.3158135 with plan md(40);?iv('toy')==True{g('toy')}->False
Finish executing task 436 for agent 30 on time 1787691210.3229358 with plan md(40);?iv('toy')==True{g('toy')}->False
Finish executing task 442 for agent 37 on time 1787691210.4069667 with plan md(40);?iv('toy')==True{g('toy')}->False
Generating request from task 443, time: 1787691210.7444148
Added task 443, time: 1787691210.7536752
Output for task 443: ?iv('boy')==True{tc(45)}->False;, time: 1787691210.8736029
Start executing task 443 for agent 28 on time 1787691210.8742778 with plan ?iv('boy')==True{tc(45)}->False;
Finish executing task 441 for agent 41 on time 1787691211.2089396 with plan ?s('cat')==True{g('cat')};
Finish executing task 443 for agent 28 on time 1787691215.852527 with plan ?iv('boy')==True{tc(45)}->False;
Generating request from task 444, time: 1787691217.1058803
Generating request from task 445, time: 1787691217.1063824
Generating request from task 446, time: 1787691217.1073537
Generating request from task 447, time: 1787691217.1083384
Generating request from task 448, time: 1787691217.1093276
Generating request from task 449, time: 1787691217.1103277
Generating request from task 450, time: 1787691217.111323
Added task 444, time: 1787691217.1141627
Added task 445, time: 1787691217.1217484
Added task 446, time: 1787691217.1286418
Added task 447, time: 1787691217.1928704
Added task 448, time: 1787691217.2067943
Added task 449, time: 1787691217.2188041
Added task 450, time: 1787691217.2277806
Output for task 444: tc(30);, time: 1787691217.228288
Start executing task 444 for agent 21 on time 1787691217.2287912 with plan tc(30);
Output for task 448: tc(45);, time: 1787691217.2897925
Start executing task 448 for agent 32 on time 1787691217.2902963 with plan tc(45);
Output for task 445: ?iv('boy')==True{tc(45)}->False;, time: 1787691217.3229597
Output for task 446: ?iv('boy')==True{tc(45)}->False;, time: 1787691217.3230293
Start executing task 446 for agent 24 on time 1787691217.3233688 with plan ?iv('boy')==True{tc(45)}->False;
Start executing task 445 for agent 16 on time 1787691217.3236406 with plan ?iv('boy')==True{tc(45)}->False;
Output for task 447: ?iv('boy')==True{tc(45)}->False;, time: 1787691217.3493974
Start executing task 447 for agent 6 on time 1787691217.3498306 with plan ?iv('boy')==True{tc(45)}->False;
Output for task 450: ?s('scissors')==True{g('scissors')}->False, time: 1787691217.3618474
Start executing task 450 for agent 23 on time 1787691217.362325 with plan ?s('scissors')==True{g('scissors')}->False
Output for task 449: md(40);?iv('toy')==True{g('toy')}->False, time: 1787691217.3810134
Start executing task 449 for agent 8 on time 1787691217.3816347 with plan md(40);?iv('toy')==True{g('toy')}->False
Generating request from task 451, time: 1787691217.4549935
Generating request from task 452, time: 1787691217.455682
Added task 451, time: 1787691217.4611366
Added task 452, time: 1787691217.466654
Output for task 452: tc(45);, time: 1787691217.5382457
Start executing task 452 for agent 13 on time 1787691217.5387843 with plan tc(45);
Generating request from task 453, time: 1787691217.5532598
Generating request from task 454, time: 1787691217.5541153
Generating request from task 455, time: 1787691217.5550947
Generating request from task 456, time: 1787691217.556094
Added task 453, time: 1787691217.5738006
Added task 454, time: 1787691217.5899603
Added task 455, time: 1787691217.6041598
Added task 456, time: 1787691217.6169622
Output for task 451: mu(40);?iv('book')==True{tp()}->False, time: 1787691217.6543858
Start executing task 451 for agent 27 on time 1787691217.6549966 with plan mu(40);?iv('book')==True{tp()}->False
Output for task 453: tc(45);, time: 1787691217.6630821
Start executing task 453 for agent 1 on time 1787691217.6634402 with plan tc(45);
Output for task 454: tc(45);, time: 1787691217.669784
Start executing task 454 for agent 14 on time 1787691217.6701655 with plan tc(45);
Output for task 455: tc(30);, time: 1787691217.6762016
Start executing task 455 for agent 31 on time 1787691217.6765165 with plan tc(30);
Output for task 456: ?s('scissors')==True{g('scissors')}->False, time: 1787691217.740037
Start executing task 456 for agent 4 on time 1787691217.7407532 with plan ?s('scissors')==True{g('scissors')}->False
Generating request from task 457, time: 1787691218.000497
Generating request from task 458, time: 1787691218.0010557
Generating request from task 459, time: 1787691218.0019646
Generating request from task 460, time: 1787691218.002995
Generating request from task 461, time: 1787691218.0039966
Generating request from task 462, time: 1787691218.0049644
Generating request from task 463, time: 1787691218.0059488
Generating request from task 464, time: 1787691218.006955
Generating request from task 465, time: 1787691218.0079415
Generating request from task 466, time: 1787691218.0091293
Generating request from task 467, time: 1787691218.0099766
Generating request from task 468, time: 1787691218.0109558
Generating request from task 469, time: 1787691218.011943
Added task 457, time: 1787691218.0187547
Added task 458, time: 1787691218.0339868
Added task 459, time: 1787691218.0461822
Added task 460, time: 1787691218.0794177
Added task 461, time: 1787691218.1003141
Added task 462, time: 1787691218.11913
Added task 463, time: 1787691218.1376035
Added task 464, time: 1787691218.1552358
Added task 465, time: 1787691218.1718047
Added task 466, time: 1787691218.1962109
Added task 467, time: 1787691218.2059913
Output for task 460: tc(30);, time: 1787691218.206081
Start executing task 460 for agent 12 on time 1787691218.2064614 with plan tc(30);
Added task 468, time: 1787691218.218555
Added task 469, time: 1787691218.2281218
Output for task 459: ?s('cat')==True{g('cat')};, time: 1787691218.2403412
Start executing task 459 for agent 26 on time 1787691218.2407427 with plan ?s('cat')==True{g('cat')};
Output for task 458: ?s('scissors')==True{g('scissors')}->False, time: 1787691218.2635243
Start executing task 458 for agent 29 on time 1787691218.2640834 with plan ?s('scissors')==True{g('scissors')}->False
Output for task 462: ?s('cat')==True{g('cat')};, time: 1787691218.271035
Start executing task 462 for agent 9 on time 1787691218.2717006 with plan ?s('cat')==True{g('cat')};
Output for task 463: ?s('cat')==True{g('cat')};, time: 1787691218.2820597
Start executing task 463 for agent 17 on time 1787691218.282689 with plan ?s('cat')==True{g('cat')};
Output for task 461: ?iv('boy')==True{tc(45)}->False;, time: 1787691218.2903173
Output for task 466: tc(30);, time: 1787691218.2939787
Start executing task 466 for agent 7 on time 1787691218.2945313 with plan tc(30);
Start executing task 461 for agent 36 on time 1787691218.2975297 with plan ?iv('boy')==True{tc(45)}->False;
Output for task 457: ?iv('keys')&iv('wallet')->{l('Yes');->True}l('No');->False, time: 1787691218.3233964
Output for task 464: md(40);?iv('toy')==True{g('toy')}->False, time: 1787691218.323723
Start executing task 457 for agent 19 on time 1787691218.324095 with plan ?iv('keys')&iv('wallet')->{l('Yes');->True}l('No');->False
Start executing task 464 for agent 22 on time 1787691218.324655 with plan md(40);?iv('toy')==True{g('toy')}->False
Finish executing task 457 for agent 19 on time 1787691218.3287015 with plan ?iv('keys')&iv('wallet')->{l('Yes');->True}l('No');->False
Output for task 465: md(40);?iv('toy')==True{g('toy')}->False, time: 1787691218.3367267
Start executing task 465 for agent 5 on time 1787691218.33735 with plan md(40);?iv('toy')==True{g('toy')}->False
Output for task 468: ?s('cat')==True{g('cat')};, time: 1787691218.3560379
Start executing task 468 for agent 3 on time 1787691218.3565392 with plan ?s('cat')==True{g('cat')};
Output for task 467: mu(40);?iv('book')==True{tp()}->False, time: 1787691218.3752797
Start executing task 467 for agent 40 on time 1787691218.3758156 with plan mu(40);?iv('book')==True{tp()}->False
Output for task 469: mu(40);?iv('book')==True{tp()}->False, time: 1787691218.3877206
Start executing task 469 for agent 34 on time 1787691218.3885114 with plan mu(40);?iv('book')==True{tp()}->False
Finish executing task 448 for agent 32 on time 1787691219.3992302 with plan tc(45);
Finish executing task 452 for agent 13 on time 1787691219.6478562 with plan tc(45);
Finish executing task 453 for agent 1 on time 1787691219.772348 with plan tc(45);
Finish executing task 454 for agent 14 on time 1787691219.7792592 with plan tc(45);
Finish executing task 444 for agent 21 on time 1787691219.8159914 with plan tc(30);
Finish executing task 451 for agent 27 on time 1787691220.1568975 with plan mu(40);?iv('book')==True{tp()}->False
Finish executing task 455 for agent 31 on time 1787691220.2633705 with plan tc(30);
Finish executing task 460 for agent 12 on time 1787691220.7933598 with plan tc(30);
Finish executing task 467 for agent 40 on time 1787691220.877777 with plan mu(40);?iv('book')==True{tp()}->False
Finish executing task 466 for agent 7 on time 1787691220.8815985 with plan tc(30);
Finish executing task 469 for agent 34 on time 1787691220.8905642 with plan mu(40);?iv('book')==True{tp()}->False
Finish executing task 450 for agent 23 on time 1787691221.3801787 with plan ?s('scissors')==True{g('scissors')}->False
Finish executing task 456 for agent 4 on time 1787691221.7588496 with plan ?s('scissors')==True{g('scissors')}->False
Generating request from task 470, time: 1787691221.8131254
Generating request from task 471, time: 1787691221.8137596
Generating request from task 472, time: 1787691221.8147118
Generating request from task 473, time: 1787691221.8157024
Generating request from task 474, time: 1787691221.816686
Generating request from task 475, time: 1787691221.8176763
Generating request from task 476, time: 1787691221.8186855
Generating request from task 477, time: 1787691221.81968
Generating request from task 478, time: 1787691221.8206756
Generating request from task 479, time: 1787691221.8216653
Added task 470, time: 1787691221.8220706
Added task 471, time: 1787691221.830108
Added task 472, time: 1787691221.8377132
Added task 473, time: 1787691221.8981168
Added task 474, time: 1787691221.9049284
Added task 475, time: 1787691221.9116232
Added task 476, time: 1787691221.9264662
Added task 477, time: 1787691221.953883
Added task 478, time: 1787691221.9818687
Output for task 471: tc(45);, time: 1787691221.981989
Start executing task 471 for agent 18 on time 1787691221.9868379 with plan tc(45);
Added task 479, time: 1787691221.9923491
Output for task 475: tc(45);, time: 1787691222.007877
Start executing task 475 for agent 2 on time 1787691222.0085332 with plan tc(45);
Output for task 476: tc(30);, time: 1787691222.0236204
Output for task 470: ?s('cat')==True{g('cat')};, time: 1787691222.026026
Start executing task 470 for agent 10 on time 1787691222.026672 with plan ?s('cat')==True{g('cat')};
Start executing task 476 for agent 38 on time 1787691222.0284889 with plan tc(30);
Output for task 472: mu(40);?iv('book')==True{tp()}->False, time: 1787691222.0574675
Start executing task 472 for agent 11 on time 1787691222.0581381 with plan mu(40);?iv('book')==True{tp()}->False
Output for task 473: ?iv('boy')==True{tc(45)}->False;, time: 1787691222.0711915
Start executing task 473 for agent 20 on time 1787691222.0718384 with plan ?iv('boy')==True{tc(45)}->False;
Output for task 477: mu(40);?iv('book')==True{tp()}->False, time: 1787691222.0970943
Start executing task 477 for agent 15 on time 1787691222.0976832 with plan mu(40);?iv('book')==True{tp()}->False
Output for task 479: ?s('scissors')==True{g('scissors')}->False, time: 1787691222.1166236
Start executing task 479 for agent 39 on time 1787691222.11742 with plan ?s('scissors')==True{g('scissors')}->False
Output for task 478: md(40);?iv('toy')==True{g('toy')}->False, time: 1787691222.1294224
Start executing task 478 for agent 33 on time 1787691222.130023 with plan md(40);?iv('toy')==True{g('toy')}->False
Output for task 474: ?iv('keys')&iv('wallet')->{l('Yes');->True}l('No');->False, time: 1787691222.1422033
Start executing task 474 for agent 35 on time 1787691222.1429083 with plan ?iv('keys')&iv('wallet')->{l('Yes');->True}l('No');->False
Finish executing task 474 for agent 35 on time 1787691222.1474888 with plan ?iv('keys')&iv('wallet')->{l('Yes');->True}l('No');->False
Finish executing task 458 for agent 29 on time 1787691222.281939 with plan ?s('scissors')==True{g('scissors')}->False
Finish executing task 446 for agent 24 on time 1787691222.3013852 with plan ?iv('boy')==True{tc(45)}->False;
Finish executing task 445 for agent 16 on time 1787691222.301659 with plan ?iv('boy')==True{tc(45)}->False;
Finish executing task 447 for agent 6 on time 1787691222.327751 with plan ?iv('boy')==True{tc(45)}->False;
Finish executing task 449 for agent 8 on time 1787691222.6842144 with plan md(40);?iv('toy')==True{g('toy')}->False
Finish executing task 461 for agent 36 on time 1787691223.2757115 with plan ?iv('boy')==True{tc(45)}->False;
Finish executing task 464 for agent 22 on time 1787691223.6272297 with plan md(40);?iv('toy')==True{g('toy')}->False
Finish executing task 465 for agent 5 on time 1787691223.6398027 with plan md(40);?iv('toy')==True{g('toy')}->False
Finish executing task 471 for agent 18 on time 1787691224.095716 with plan tc(45);
Finish executing task 475 for agent 2 on time 1787691224.1176782 with plan tc(45);
Finish executing task 459 for agent 26 on time 1787691224.415783 with plan ?s('cat')==True{g('cat')};
Finish executing task 462 for agent 9 on time 1787691224.446752 with plan ?s('cat')==True{g('cat')};
Finish executing task 463 for agent 17 on time 1787691224.4576638 with plan ?s('cat')==True{g('cat')};
Finish executing task 468 for agent 3 on time 1787691224.5314658 with plan ?s('cat')==True{g('cat')};
Finish executing task 472 for agent 11 on time 1787691224.560175 with plan mu(40);?iv('book')==True{tp()}->False
Finish executing task 477 for agent 15 on time 1787691224.599697 with plan mu(40);?iv('book')==True{tp()}->False
Finish executing task 476 for agent 38 on time 1787691224.6155958 with plan tc(30);
Finish executing task 479 for agent 39 on time 1787691226.1355913 with plan ?s('scissors')==True{g('scissors')}->False
Generating request from task 480, time: 1787691226.1691594
Generating request from task 481, time: 1787691226.1696754
Generating request from task 482, time: 1787691226.1705117
Generating request from task 483, time: 1787691226.1715047
Added task 480, time: 1787691226.1768231
Added task 481, time: 1787691226.1835852
Added task 482, time: 1787691226.189992
Added task 483, time: 1787691226.257049
Output for task 482: tc(45);, time: 1787691226.2857015
Start executing task 482 for agent 0 on time 1787691226.2864678 with plan tc(45);
Output for task 480: mu(40);?iv('book')==True{tp()}->False, time: 1787691226.347002
Start executing task 480 for agent 30 on time 1787691226.3477697 with plan mu(40);?iv('book')==True{tp()}->False
Output for task 481: md(40);?iv('toy')==True{g('toy')}->False, time: 1787691226.365799
Start executing task 481 for agent 37 on time 1787691226.366448 with plan md(40);?iv('toy')==True{g('toy')}->False
Output for task 483: md(40);?iv('toy')==True{g('toy')}->False, time: 1787691226.3910763
Start executing task 483 for agent 25 on time 1787691226.3916554 with plan md(40);?iv('toy')==True{g('toy')}->False
Finish executing task 473 for agent 20 on time 1787691227.0500727 with plan ?iv('boy')==True{tc(45)}->False;
Finish executing task 478 for agent 33 on time 1787691227.4325788 with plan md(40);?iv('toy')==True{g('toy')}->False
Generating request from task 484, time: 1787691227.8160176
Generating request from task 485, time: 1787691227.8166494
Generating request from task 486, time: 1787691227.8175716
Generating request from task 487, time: 1787691227.8185499
Generating request from task 488, time: 1787691227.819535
Generating request from task 489, time: 1787691227.8205314
Added task 484, time: 1787691227.8248663
Added task 485, time: 1787691227.8326693
Added task 486, time: 1787691227.8400671
Added task 487, time: 1787691227.8909261
Added task 488, time: 1787691227.904038
Added task 489, time: 1787691227.9131064
Output for task 484: tc(45);, time: 1787691227.9215004
Start executing task 484 for agent 41 on time 1787691227.9222345 with plan tc(45);
Output for task 487: tc(30);, time: 1787691227.9701278
Start executing task 487 for agent 27 on time 1787691227.970839 with plan tc(30);
Output for task 486: ?s('cat')==True{g('cat')};, time: 1787691227.9909108
Start executing task 486 for agent 19 on time 1787691227.991664 with plan ?s('cat')==True{g('cat')};
Output for task 489: ?s('cat')==True{g('cat')};, time: 1787691228.022539
Start executing task 489 for agent 34 on time 1787691228.0231724 with plan ?s('cat')==True{g('cat')};
Output for task 485: md(40);?iv('toy')==True{g('toy')}->False, time: 1787691228.0291228
Start executing task 485 for agent 28 on time 1787691228.0297089 with plan md(40);?iv('toy')==True{g('toy')}->False
Output for task 488: ?s('scissors')==True{g('scissors')}->False, time: 1787691228.0416768
Start executing task 488 for agent 40 on time 1787691228.04237 with plan ?s('scissors')==True{g('scissors')}->False
Finish executing task 470 for agent 10 on time 1787691228.2016945 with plan ?s('cat')==True{g('cat')};
Finish executing task 482 for agent 0 on time 1787691228.3956316 with plan tc(45);
Finish executing task 480 for agent 30 on time 1787691228.8498483 with plan mu(40);?iv('book')==True{tp()}->False
Generating request from task 490, time: 1787691229.2086368
Generating request from task 491, time: 1787691229.2093163
Generating request from task 492, time: 1787691229.2102087
Added task 490, time: 1787691229.2189302
Added task 491, time: 1787691229.2271564
Added task 492, time: 1787691229.234972
Output for task 492: tc(30);, time: 1787691229.3151019
Start executing task 492 for agent 4 on time 1787691229.3154433 with plan tc(30);
Output for task 490: md(40);?iv('toy')==True{g('toy')}->False, time: 1787691229.3921413
Start executing task 490 for agent 23 on time 1787691229.3926473 with plan md(40);?iv('toy')==True{g('toy')}->False
Output for task 491: ?iv('keys')&iv('wallet')->{l('Yes');->True}l('No');->False, time: 1787691229.4428957
Start executing task 491 for agent 32 on time 1787691229.443359 with plan ?iv('keys')&iv('wallet')->{l('Yes');->True}l('No');->False
Finish executing task 491 for agent 32 on time 1787691229.4479997 with plan ?iv('keys')&iv('wallet')->{l('Yes');->True}l('No');->False
Finish executing task 484 for agent 41 on time 1787691230.0313942 with plan tc(45);
Finish executing task 487 for agent 27 on time 1787691230.5579534 with plan tc(30);
Finish executing task 481 for agent 37 on time 1787691231.6690936 with plan md(40);?iv('toy')==True{g('toy')}->False
Finish executing task 483 for agent 25 on time 1787691231.694272 with plan md(40);?iv('toy')==True{g('toy')}->False
Finish executing task 492 for agent 4 on time 1787691231.9023654 with plan tc(30);
Finish executing task 488 for agent 40 on time 1787691232.060613 with plan ?s('scissors')==True{g('scissors')}->False
Finish executing task 485 for agent 28 on time 1787691233.332315 with plan md(40);?iv('toy')==True{g('toy')}->False
Finish executing task 486 for agent 19 on time 1787691234.1666272 with plan ?s('cat')==True{g('cat')};
Finish executing task 489 for agent 34 on time 1787691234.1980247 with plan ?s('cat')==True{g('cat')};
Finish executing task 490 for agent 23 on time 1787691234.6949837 with plan md(40);?iv('toy')==True{g('toy')}->False
Generating request from task 493, time: 1787691243.87839
Generating request from task 494, time: 1787691243.879194
Generating request from task 495, time: 1787691243.8800128
Generating request from task 496, time: 1787691243.8810182
Generating request from task 497, time: 1787691243.882013
Generating request from task 498, time: 1787691243.8829782
Generating request from task 499, time: 1787691243.8839684
Added task 493, time: 1787691243.8960662
Added task 494, time: 1787691243.904637
Added task 495, time: 1787691243.9128478
Added task 496, time: 1787691243.9376373
Added task 497, time: 1787691243.947216
Added task 498, time: 1787691243.9559839
Added task 499, time: 1787691243.9630342
Output for task 493: tc(45);, time: 1787691243.9705527
Start executing task 493 for agent 21 on time 1787691243.9713178 with plan tc(45);
Output for task 494: tc(30);, time: 1787691243.9900055
Start executing task 494 for agent 35 on time 1787691243.9905698 with plan tc(30);
Output for task 499: tc(30);, time: 1787691244.0163567
Start executing task 499 for agent 1 on time 1787691244.017046 with plan tc(30);
Output for task 495: md(40);?iv('toy')==True{g('toy')}->False, time: 1787691244.0753875
Output for task 496: mu(40);?iv('book')==True{tp()}->False, time: 1787691244.075612
Start executing task 495 for agent 13 on time 1787691244.0759163 with plan md(40);?iv('toy')==True{g('toy')}->False
Start executing task 496 for agent 16 on time 1787691244.076267 with plan mu(40);?iv('book')==True{tp()}->False
Output for task 498: mu(40);?iv('book')==True{tp()}->False, time: 1787691244.0879376
Start executing task 498 for agent 6 on time 1787691244.0883043 with plan mu(40);?iv('book')==True{tp()}->False
Output for task 497: md(40);?iv('toy')==True{g('toy')}->False, time: 1787691244.0942879
Start executing task 497 for agent 24 on time 1787691244.0946555 with plan md(40);?iv('toy')==True{g('toy')}->False
Generating request from task 500, time: 1787691245.9289646
Generating request from task 501, time: 1787691245.9296737
Added task 500, time: 1787691245.9393127
Added task 501, time: 1787691245.9477994
Output for task 500: tc(45);, time: 1787691245.998591
Start executing task 500 for agent 14 on time 1787691245.9993396 with plan tc(45);
Output for task 501: mu(40);?iv('book')==True{tp()}->False, time: 1787691246.074972
Start executing task 501 for agent 29 on time 1787691246.0756593 with plan mu(40);?iv('book')==True{tp()}->False
Finish executing task 493 for agent 21 on time 1787691246.0804765 with plan tc(45);
Finish executing task 494 for agent 35 on time 1787691246.5777245 with plan tc(30);
Finish executing task 496 for agent 16 on time 1787691246.5781014 with plan mu(40);?iv('book')==True{tp()}->False
Finish executing task 498 for agent 6 on time 1787691246.5901268 with plan mu(40);?iv('book')==True{tp()}->False
Finish executing task 499 for agent 1 on time 1787691246.6041667 with plan tc(30);
Finish executing task 500 for agent 14 on time 1787691248.1083186 with plan tc(45);
Generating request from task 502, time: 1787691248.467087
Generating request from task 503, time: 1787691248.4676518
Generating request from task 504, time: 1787691248.4686058
Generating request from task 505, time: 1787691248.4695945
Generating request from task 506, time: 1787691248.4705951
Added task 502, time: 1787691248.4808958
Added task 503, time: 1787691248.489367
Added task 504, time: 1787691248.4975073
Added task 505, time: 1787691248.530546
Added task 506, time: 1787691248.5404978
Finish executing task 501 for agent 29 on time 1787691248.5774736 with plan mu(40);?iv('book')==True{tp()}->False
Output for task 503: ?s('cat')==True{g('cat')};, time: 1787691248.6142187
Start executing task 503 for agent 31 on time 1787691248.614802 with plan ?s('cat')==True{g('cat')};
Output for task 502: ?s('scissors')==True{g('scissors')}->False, time: 1787691248.627369
Start executing task 502 for agent 8 on time 1787691248.627698 with plan ?s('scissors')==True{g('scissors')}->False
Output for task 504: mu(40);?iv('book')==True{tp()}->False, time: 1787691248.640048
Start executing task 504 for agent 12 on time 1787691248.6405115 with plan mu(40);?iv('book')==True{tp()}->False
Output for task 506: mu(40);?iv('book')==True{tp()}->False, time: 1787691248.672404
Start executing task 506 for agent 36 on time 1787691248.673231 with plan mu(40);?iv('book')==True{tp()}->False
Output for task 505: md(40);?iv('toy')==True{g('toy')}->False, time: 1787691248.6787326
Start executing task 505 for agent 7 on time 1787691248.6796935 with plan md(40);?iv('toy')==True{g('toy')}->False
Finish executing task 495 for agent 13 on time 1787691249.3783271 with plan md(40);?iv('toy')==True{g('toy')}->False
Finish executing task 497 for agent 24 on time 1787691249.3970056 with plan md(40);?iv('toy')==True{g('toy')}->False
Generating request from task 507, time: 1787691249.4797385
Generating request from task 508, time: 1787691249.480417
Generating request from task 509, time: 1787691249.4813542
Generating request from task 510, time: 1787691249.4823318
Generating request from task 511, time: 1787691249.4833248
Generating request from task 512, time: 1787691249.4843156
Generating request from task 513, time: 1787691249.4853313
Generating request from task 514, time: 1787691249.4863148
Generating request from task 515, time: 1787691249.4873137
Generating request from task 516, time: 1787691249.488331
Generating request from task 517, time: 1787691249.4893265
Generating request from task 518, time: 1787691249.49032
Generating request from task 519, time: 1787691249.4913256
Generating request from task 520, time: 1787691249.4923184
Generating request from task 521, time: 1787691249.4933255
Added task 507, time: 1787691249.4956458
Added task 508, time: 1787691249.5080473
Added task 509, time: 1787691249.5190842
Added task 510, time: 1787691249.5644264
Added task 511, time: 1787691249.575913
Added task 512, time: 1787691249.5835483
Added task 513, time: 1787691249.5909967
Added task 514, time: 1787691249.6056566
Output for task 507: tc(30);, time: 1787691249.605727
Start executing task 507 for agent 22 on time 1787691249.6063993 with plan tc(30);
Added task 515, time: 1787691249.6405187
Added task 516, time: 1787691249.6651938
Added task 517, time: 1787691249.689784
Added task 518, time: 1787691249.699812
Added task 519, time: 1787691249.707516
Output for task 510: tc(30);, time: 1787691249.7075996
Start executing task 510 for agent 15 on time 1787691249.708246 with plan tc(30);
Added task 520, time: 1787691249.7224085
Added task 521, time: 1787691249.7317815
Output for task 509: ?s('cat')==True{g('cat')};, time: 1787691249.732308
Start executing task 509 for agent 11 on time 1787691249.73265 with plan ?s('cat')==True{g('cat')};
Output for task 508: mu(40);?iv('book')==True{tp()}->False, time: 1787691249.7605944
Start executing task 508 for agent 5 on time 1787691249.7610397 with plan mu(40);?iv('book')==True{tp()}->False
Output for task 511: ?s('cat')==True{g('cat')};, time: 1787691249.7706914
Start executing task 511 for agent 26 on time 1787691249.7714107 with plan ?s('cat')==True{g('cat')};
Output for task 517: tc(45);, time: 1787691249.7888556
Start executing task 517 for agent 2 on time 1787691249.7894502 with plan tc(45);
Output for task 512: ?s('scissors')==True{g('scissors')}->False, time: 1787691249.8058136
Start executing task 512 for agent 9 on time 1787691249.8066032 with plan ?s('scissors')==True{g('scissors')}->False
Output for task 514: ?s('scissors')==True{g('scissors')}->False, time: 1787691249.813394
Start executing task 514 for agent 3 on time 1787691249.814098 with plan ?s('scissors')==True{g('scissors')}->False
Output for task 515: md(40);?iv('toy')==True{g('toy')}->False, time: 1787691249.8350835
Start executing task 515 for agent 39 on time 1787691249.8358202 with plan md(40);?iv('toy')==True{g('toy')}->False
Output for task 513: ?iv('keys')&iv('wallet')->{l('Yes');->True}l('No');->False, time: 1787691249.8697348
Output for task 518: ?s('cat')==True{g('cat')}->False, time: 1787691249.8700466
Start executing task 513 for agent 17 on time 1787691249.870604 with plan ?iv('keys')&iv('wallet')->{l('Yes');->True}l('No');->False
Start executing task 518 for agent 38 on time 1787691249.8707623 with plan ?s('cat')==True{g('cat')}->False
Finish executing task 513 for agent 17 on time 1787691249.8753703 with plan ?iv('keys')&iv('wallet')->{l('Yes');->True}l('No');->False
Output for task 519: ?s('scissors')==True{g('scissors')}->False, time: 1787691249.8894906
Start executing task 519 for agent 20 on time 1787691249.8902962 with plan ?s('scissors')==True{g('scissors')}->False
Output for task 520: ?iv('boy')==True{tc(45)}->False;, time: 1787691249.8961487
Start executing task 520 for agent 33 on time 1787691249.896909 with plan ?iv('boy')==True{tc(45)}->False;
Output for task 516: ?iv('keys')&iv('wallet')->{l('Yes');->True}l('No');->False, time: 1787691249.9029446
Start executing task 516 for agent 18 on time 1787691249.9035065 with plan ?iv('keys')&iv('wallet')->{l('Yes');->True}l('No');->False
Finish executing task 516 for agent 18 on time 1787691249.9079175 with plan ?iv('keys')&iv('wallet')->{l('Yes');->True}l('No');->False
Output for task 521: ?iv('boy')==True{tc(45)}->False;, time: 1787691249.9088497
Start executing task 521 for agent 30 on time 1787691249.909473 with plan ?iv('boy')==True{tc(45)}->False;
Finish executing task 504 for agent 12 on time 1787691251.142602 with plan mu(40);?iv('book')==True{tp()}->False
Finish executing task 506 for agent 36 on time 1787691251.1753533 with plan mu(40);?iv('book')==True{tp()}->False
Finish executing task 517 for agent 2 on time 1787691251.8985367 with plan tc(45);
Finish executing task 507 for agent 22 on time 1787691252.193377 with plan tc(30);
Finish executing task 508 for agent 5 on time 1787691252.2628038 with plan mu(40);?iv('book')==True{tp()}->False
Finish executing task 510 for agent 15 on time 1787691252.2951467 with plan tc(30);
Finish executing task 502 for agent 8 on time 1787691252.6455934 with plan ?s('scissors')==True{g('scissors')}->False
Finish executing task 512 for agent 9 on time 1787691253.8249156 with plan ?s('scissors')==True{g('scissors')}->False
Finish executing task 514 for agent 3 on time 1787691253.8322616 with plan ?s('scissors')==True{g('scissors')}->False
Finish executing task 519 for agent 20 on time 1787691253.9084692 with plan ?s('scissors')==True{g('scissors')}->False
Finish executing task 505 for agent 7 on time 1787691253.982289 with plan md(40);?iv('toy')==True{g('toy')}->False
Finish executing task 503 for agent 31 on time 1787691254.7895744 with plan ?s('cat')==True{g('cat')};
Finish executing task 520 for agent 33 on time 1787691254.875241 with plan ?iv('boy')==True{tc(45)}->False;
Finish executing task 521 for agent 30 on time 1787691254.8877234 with plan ?iv('boy')==True{tc(45)}->False;
Finish executing task 515 for agent 39 on time 1787691255.1383667 with plan md(40);?iv('toy')==True{g('toy')}->False
Finish executing task 509 for agent 11 on time 1787691255.9074361 with plan ?s('cat')==True{g('cat')};
Finish executing task 511 for agent 26 on time 1787691255.9464717 with plan ?s('cat')==True{g('cat')};
Finish executing task 518 for agent 38 on time 1787691256.0462475 with plan ?s('cat')==True{g('cat')}->False
Generating request from task 522, time: 1787691257.5518816
Generating request from task 523, time: 1787691257.5524933
Generating request from task 524, time: 1787691257.553424
Generating request from task 525, time: 1787691257.5544188
Generating request from task 526, time: 1787691257.5554006
Generating request from task 527, time: 1787691257.556392
Generating request from task 528, time: 1787691257.5573866
Generating request from task 529, time: 1787691257.5583854
Generating request from task 530, time: 1787691257.5593827
Added task 522, time: 1787691257.5614178
Added task 523, time: 1787691257.5687966
Added task 524, time: 1787691257.57567
Added task 525, time: 1787691257.63976
Added task 526, time: 1787691257.65366
Added task 527, time: 1787691257.6633248
Added task 528, time: 1787691257.6726668
Added task 529, time: 1787691257.681355
Added task 530, time: 1787691257.713228
Output for task 523: tc(30);, time: 1787691257.713352
Start executing task 523 for agent 32 on time 1787691257.713824 with plan tc(30);
Output for task 528: tc(45);, time: 1787691257.7684255
Output for task 529: tc(45);, time: 1787691257.768521
Start executing task 528 for agent 41 on time 1787691257.7692373 with plan tc(45);
Start executing task 529 for agent 27 on time 1787691257.7694125 with plan tc(45);
Output for task 522: ?iv('boy')==True{tc(45)}->False;, time: 1787691257.7891903
Start executing task 522 for agent 10 on time 1787691257.789816 with plan ?iv('boy')==True{tc(45)}->False;
Output for task 524: ?s('scissors')==True{g('scissors')}->False, time: 1787691257.795721
Start executing task 524 for agent 0 on time 1787691257.7965522 with plan ?s('scissors')==True{g('scissors')}->False
Output for task 525: mu(40);?iv('book')==True{tp()}->False, time: 1787691257.8287501
Output for task 526: ?iv('boy')==True{tc(45)}->False;, time: 1787691257.8290226
Start executing task 525 for agent 37 on time 1787691257.8292332 with plan mu(40);?iv('book')==True{tp()}->False
Start executing task 526 for agent 25 on time 1787691257.8294356 with plan ?iv('boy')==True{tc(45)}->False;
Output for task 527: mu(40);?iv('book')==True{tp()}->False, time: 1787691257.8351936
Start executing task 527 for agent 40 on time 1787691257.8357725 with plan mu(40);?iv('book')==True{tp()}->False
Output for task 530: ?iv('keys')&iv('wallet')->{l('Yes');->True}l('No');->False, time: 1787691257.904727
Start executing task 530 for agent 28 on time 1787691257.9056046 with plan ?iv('keys')&iv('wallet')->{l('Yes');->True}l('No');->False
Finish executing task 530 for agent 28 on time 1787691257.9102921 with plan ?iv('keys')&iv('wallet')->{l('Yes');->True}l('No');->False
Generating request from task 531, time: 1787691258.5145576
Added task 531, time: 1787691258.524457
Output for task 531: md(40);?iv('toy')==True{g('toy')}->False, time: 1787691258.6580153
Start executing task 531 for agent 4 on time 1787691258.6589925 with plan md(40);?iv('toy')==True{g('toy')}->False
Finish executing task 528 for agent 41 on time 1787691259.878513 with plan tc(45);
Finish executing task 529 for agent 27 on time 1787691259.8803267 with plan tc(45);
Finish executing task 523 for agent 32 on time 1787691260.3008535 with plan tc(30);
Finish executing task 525 for agent 37 on time 1787691260.3309977 with plan mu(40);?iv('book')==True{tp()}->False
Finish executing task 527 for agent 40 on time 1787691260.3377476 with plan mu(40);?iv('book')==True{tp()}->False
Finish executing task 524 for agent 0 on time 1787691261.8146935 with plan ?s('scissors')==True{g('scissors')}->False
Finish executing task 522 for agent 10 on time 1787691262.7680297 with plan ?iv('boy')==True{tc(45)}->False;
Finish executing task 526 for agent 25 on time 1787691262.807383 with plan ?iv('boy')==True{tc(45)}->False;
Finish executing task 531 for agent 4 on time 1787691263.9616256 with plan md(40);?iv('toy')==True{g('toy')}->False
