Generating request from task 0, time: 1787683804.0115125
Generating request from task 1, time: 1787683804.0124114
Generating request from task 2, time: 1787683804.0127318
Generating request from task 3, time: 1787683804.0129817
Generating request from task 4, time: 1787683804.0132227
Generating request from task 5, time: 1787683804.013448
Generating request from task 6, time: 1787683804.0136862
Generating request from task 7, time: 1787683804.0139577
Generating request from task 8, time: 1787683804.0142388
Generating request from task 9, time: 1787683804.0145185
Generating request from task 10, time: 1787683804.0147865
Generating request from task 11, time: 1787683804.0150795
Generating request from task 12, time: 1787683804.0153348
Added task 0, time: 1787683804.040104
Added task 7, time: 1787683804.1394813
Added task 5, time: 1787683804.1699772
Added task 4, time: 1787683804.1884496
Added task 3, time: 1787683804.2084546
Added task 1, time: 1787683804.2277925
Added task 2, time: 1787683804.2466054
Output for task 7: tc(30);, time: 1787683804.2915595
Output for task 5: tc(30);, time: 1787683804.2930276
Output for task 4: tc(45);, time: 1787683804.293963
Output for task 3: tc(30);, time: 1787683804.2948444
Start executing task 7 for agent 7 on time 1787683804.2942512 with plan tc(30);
Start executing task 5 for agent 5 on time 1787683804.2951567 with plan tc(30);
Start executing task 4 for agent 4 on time 1787683804.299737 with plan tc(45);
Start executing task 3 for agent 3 on time 1787683804.2999084 with plan tc(30);
Output for task 2: ?s('cat')==True{, time: 1787683804.3169107
Start executing task 2 for agent 2 on time 1787683804.3193889 with plan ?s('cat')==True{
Output for task 0: ?s('scissors')==True{, time: 1787683804.3277552
Output for task 1: ?iv('boy')==True{, time: 1787683804.3288767
Start executing task 0 for agent 0 on time 1787683804.3293593 with plan ?s('scissors')==True{
Start executing task 1 for agent 1 on time 1787683804.330452 with plan ?iv('boy')==True{
Added task 1, time: 1787683804.3381014
Added task 7, time: 1787683804.3686943
Output for task 7: , time: 1787683804.3808694
Output for task 1: tc(45)}, time: 1787683804.4066975
Added task 5, time: 1787683804.413854
Added task 3, time: 1787683804.4318805
Output for task 5: , time: 1787683804.4319394
Added task 6, time: 1787683804.454782
Output for task 3: , time: 1787683804.454871
Added task 8, time: 1787683804.4753523
Added task 9, time: 1787683804.4962068
Added task 10, time: 1787683804.5167086
Added task 11, time: 1787683804.5367918
Added task 12, time: 1787683804.5567796
Added task 4, time: 1787683804.5722847
Added task 1, time: 1787683804.5873456
Output for task 4: , time: 1787683804.587404
Output for task 8: md(40);, time: 1787683804.6284885
Output for task 9: mu(40);, time: 1787683804.6294005
Output for task 11: md(40);, time: 1787683804.6301253
Start executing task 8 for agent 8 on time 1787683804.6302254 with plan md(40);
Output for task 12: md(40);, time: 1787683804.6308692
Start executing task 9 for agent 9 on time 1787683804.6308405 with plan mu(40);
Start executing task 11 for agent 11 on time 1787683804.6314356 with plan md(40);
Output for task 1: ->False;, time: 1787683804.6316323
Start executing task 12 for agent 12 on time 1787683804.6329503 with plan md(40);
Added task 2, time: 1787683804.644948
Output for task 10: ?iv('keys'), time: 1787683804.6450236
Start executing task 10 for agent 10 on time 1787683804.6465328 with plan ?iv('keys')
Finish executing task 10 for agent 10 on time 1787683804.6478426 with plan ?iv('keys')
Added task 10, time: 1787683804.6620135
Added task 0, time: 1787683804.678008
Output for task 6: ?s('cat')==True{, time: 1787683804.6988199
Start executing task 6 for agent 6 on time 1787683804.7004864 with plan ?s('cat')==True{
Output for task 2: g('cat'), time: 1787683804.7168186
Output for task 10: &iv('wallet'), time: 1787683804.7258317
Output for task 0: g('scissors'), time: 1787683804.726357
Start executing task 10 for agent 10 on time 1787683804.7265682 with plan &iv('wallet')
Finish executing task 10 for agent 10 on time 1787683804.7278411 with plan &iv('wallet')
Added task 10, time: 1787683804.7327373
Added task 6, time: 1787683804.7503812
Output for task 6: g('cat'), time: 1787683804.787978
Output for task 10: ->{l('Yes');, time: 1787683804.7967913
Start executing task 10 for agent 10 on time 1787683804.7975636 with plan ->{l('Yes');
Finish executing task 10 for agent 10 on time 1787683804.798929 with plan ->{l('Yes');
Added task 10, time: 1787683804.8034432
Added task 8, time: 1787683804.820557
Output for task 10: ->True}l('No');, time: 1787683804.8810995
Start executing task 10 for agent 10 on time 1787683804.881818 with plan ->True}l('No');
Output for task 8: ?iv('toy')==True{, time: 1787683804.8820124
Finish executing task 10 for agent 10 on time 1787683804.8831396 with plan ->True}l('No');
Added task 10, time: 1787683804.8887458
Added task 8, time: 1787683804.9152148
Output for task 10: ->False, time: 1787683804.944243
Start executing task 10 for agent 10 on time 1787683804.9451945 with plan ->False
Finish executing task 10 for agent 10 on time 1787683804.9454205 with plan ->False
Added task 9, time: 1787683804.9574845
Output for task 8: g('toy')}, time: 1787683804.9575467
Added task 11, time: 1787683804.9743307
Added task 12, time: 1787683804.9900513
Added task 2, time: 1787683805.0049572
Added task 0, time: 1787683805.019711
Added task 6, time: 1787683805.033496
Added task 8, time: 1787683805.0464623
Output for task 2: };, time: 1787683805.0684297
Output for task 6: };, time: 1787683805.0685122
Output for task 0: }->False, time: 1787683805.0786178
Output for task 8: ->False, time: 1787683805.078703
Output for task 9: ?iv('book')==True{, time: 1787683805.114436
Output for task 11: ?iv('toy')==True{, time: 1787683805.1149082
Output for task 12: ?iv('toy')==True{, time: 1787683805.1153064
Added task 9, time: 1787683805.118255
Added task 11, time: 1787683805.132068
Added task 12, time: 1787683805.1451108
Output for task 9: tp()}, time: 1787683805.1698134
Added task 9, time: 1787683805.1803646
Output for task 11: g('toy')}, time: 1787683805.2015562
Output for task 12: g('toy')}, time: 1787683805.2020702
Added task 11, time: 1787683805.2129807
Output for task 9: ->False, time: 1787683805.2130425
Added task 12, time: 1787683805.2263334
Output for task 11: ->False, time: 1787683805.255583
Output for task 12: ->False, time: 1787683805.2557056
Finish executing task 0 for agent 0 on time 1787683805.8874695 with plan ?s('scissors')==True{
Start executing task 0 for agent 0 on time 1787683805.8880386 with plan g('scissors')
Finish executing task 4 for agent 4 on time 1787683806.411397 with plan tc(45);
Start executing task 4 for agent 4 on time 1787683806.4117877 with plan 
Finish executing task 4 for agent 4 on time 1787683806.4120333 with plan 
Finish executing task 7 for agent 7 on time 1787683806.888548 with plan tc(30);
Start executing task 7 for agent 7 on time 1787683806.8889954 with plan 
Finish executing task 7 for agent 7 on time 1787683806.8892157 with plan 
Finish executing task 5 for agent 5 on time 1787683806.8895874 with plan tc(30);
Start executing task 5 for agent 5 on time 1787683806.889983 with plan 
Finish executing task 5 for agent 5 on time 1787683806.8902068 with plan 
Finish executing task 3 for agent 3 on time 1787683806.8903444 with plan tc(30);
Start executing task 3 for agent 3 on time 1787683806.8907053 with plan 
Finish executing task 3 for agent 3 on time 1787683806.8909242 with plan 
Generating request from task 13, time: 1787683807.0465612
Generating request from task 14, time: 1787683807.0471146
Generating request from task 15, time: 1787683807.0474572
Generating request from task 16, time: 1787683807.047808
Generating request from task 17, time: 1787683807.0482423
Generating request from task 18, time: 1787683807.0486026
Generating request from task 19, time: 1787683807.048978
Generating request from task 20, time: 1787683807.050248
Generating request from task 21, time: 1787683807.0510526
Generating request from task 22, time: 1787683807.0520487
Generating request from task 23, time: 1787683807.053067
Generating request from task 24, time: 1787683807.0540416
Generating request from task 25, time: 1787683807.055004
Generating request from task 26, time: 1787683807.0560226
Added task 13, time: 1787683807.070317
Added task 15, time: 1787683807.107962
Finish executing task 9 for agent 9 on time 1787683807.1332488 with plan mu(40);
Start executing task 9 for agent 9 on time 1787683807.1336288 with plan ?iv('book')==True{
Finish executing task 9 for agent 9 on time 1787683807.135047 with plan ?iv('book')==True{
Start executing task 9 for agent 9 on time 1787683807.1352277 with plan tp()}
Finish executing task 9 for agent 9 on time 1787683807.1364837 with plan tp()}
Start executing task 9 for agent 9 on time 1787683807.1366284 with plan ->False
Finish executing task 9 for agent 9 on time 1787683807.1367917 with plan ->False
Output for task 13: tc(30);, time: 1787683807.1522555
Start executing task 13 for agent 10 on time 1787683807.1535056 with plan tc(30);
Output for task 15: ?iv('boy')==True{, time: 1787683807.1774137
Start executing task 15 for agent 14 on time 1787683807.1796305 with plan ?iv('boy')==True{
Added task 23, time: 1787683807.1883738
Added task 22, time: 1787683807.210233
Finish executing task 8 for agent 8 on time 1787683807.2276216 with plan md(40);
Start executing task 8 for agent 8 on time 1787683807.227932 with plan ?iv('toy')==True{
Finish executing task 11 for agent 11 on time 1787683807.228187 with plan md(40);
Start executing task 11 for agent 11 on time 1787683807.2285404 with plan ?iv('toy')==True{
Finish executing task 8 for agent 8 on time 1787683807.2292387 with plan ?iv('toy')==True{
Start executing task 8 for agent 8 on time 1787683807.2294304 with plan g('toy')}
Finish executing task 11 for agent 11 on time 1787683807.2298446 with plan ?iv('toy')==True{
Start executing task 11 for agent 11 on time 1787683807.2300599 with plan g('toy')}
Finish executing task 12 for agent 12 on time 1787683807.2303674 with plan md(40);
Start executing task 12 for agent 12 on time 1787683807.23074 with plan ?iv('toy')==True{
Added task 16, time: 1787683807.2308805
Finish executing task 12 for agent 12 on time 1787683807.2320967 with plan ?iv('toy')==True{
Start executing task 12 for agent 12 on time 1787683807.2322836 with plan g('toy')}
Added task 15, time: 1787683807.2473037
Added task 13, time: 1787683807.2630742
Output for task 13: , time: 1787683807.274916
Output for task 23: tc(30);, time: 1787683807.3038726
Output for task 15: tc(45)}, time: 1787683807.305327
Start executing task 23 for agent 22 on time 1787683807.3059387 with plan tc(30);
Output for task 22: ?iv('boy')==True{, time: 1787683807.330912
Output for task 16: ?iv('boy')==True{, time: 1787683807.331768
Start executing task 22 for agent 21 on time 1787683807.3326104 with plan ?iv('boy')==True{
Start executing task 16 for agent 15 on time 1787683807.3332036 with plan ?iv('boy')==True{
Finish executing task 1 for agent 1 on time 1787683807.3338625 with plan ?iv('boy')==True{
Start executing task 1 for agent 1 on time 1787683807.3343246 with plan tc(45)}
Added task 16, time: 1787683807.339094
Added task 22, time: 1787683807.3566153
Added task 23, time: 1787683807.3731408
Output for task 23: , time: 1787683807.3849635
Output for task 16: tc(45)}, time: 1787683807.4097958
Output for task 22: tc(45)}, time: 1787683807.4103518
Added task 14, time: 1787683807.4204152
Added task 17, time: 1787683807.4409246
Added task 18, time: 1787683807.4610481
Added task 19, time: 1787683807.4811523
Added task 20, time: 1787683807.5007443
Added task 21, time: 1787683807.5203989
Added task 24, time: 1787683807.5392907
Added task 25, time: 1787683807.5580034
Added task 26, time: 1787683807.5764518
Added task 15, time: 1787683807.589076
Added task 16, time: 1787683807.6010172
Output for task 14: mu(40);, time: 1787683807.6111574
Output for task 17: md(40);, time: 1787683807.6120062
Output for task 20: mu(40);, time: 1787683807.6127248
Start executing task 14 for agent 13 on time 1787683807.612787 with plan mu(40);
Start executing task 17 for agent 16 on time 1787683807.6135654 with plan md(40);
Start executing task 20 for agent 19 on time 1787683807.614192 with plan mu(40);
Added task 22, time: 1787683807.6283998
Added task 14, time: 1787683807.6428642
Output for task 18: ?iv('keys'), time: 1787683807.6648989
Output for task 21: ?iv('keys'), time: 1787683807.6657376
Output for task 24: ?iv('keys'), time: 1787683807.6663918
Start executing task 18 for agent 17 on time 1787683807.66649 with plan ?iv('keys')
Start executing task 21 for agent 20 on time 1787683807.6671274 with plan ?iv('keys')
Start executing task 24 for agent 23 on time 1787683807.6675165 with plan ?iv('keys')
Finish executing task 18 for agent 17 on time 1787683807.6679387 with plan ?iv('keys')
Finish executing task 21 for agent 20 on time 1787683807.6685755 with plan ?iv('keys')
Finish executing task 24 for agent 23 on time 1787683807.668824 with plan ?iv('keys')
Output for task 25: ?s('cat')==True{, time: 1787683807.7001696
Start executing task 25 for agent 24 on time 1787683807.7017908 with plan ?s('cat')==True{
Added task 24, time: 1787683807.7157452
Output for task 19: ?s('scissors')==True{, time: 1787683807.7158053
Output for task 26: md(40);, time: 1787683807.7165782
Output for task 15: ->False;, time: 1787683807.7172515
Output for task 16: ->False;, time: 1787683807.7173028
Start executing task 19 for agent 18 on time 1787683807.7173107 with plan ?s('scissors')==True{
Start executing task 26 for agent 25 on time 1787683807.7179828 with plan md(40);
Added task 21, time: 1787683807.7345371
Added task 18, time: 1787683807.7507992
Added task 25, time: 1787683807.7665374
Output for task 22: ->False;, time: 1787683807.7879186
Output for task 25: g('cat'), time: 1787683807.8070433
Output for task 14: ?iv('book')==True{, time: 1787683807.8170786
Output for task 24: &iv('wallet'), time: 1787683807.8175719
Output for task 21: &iv('wallet'), time: 1787683807.8179948
Start executing task 24 for agent 23 on time 1787683807.8182118 with plan &iv('wallet')
Output for task 18: &iv('wallet'), time: 1787683807.8183947
Start executing task 18 for agent 17 on time 1787683807.8190503 with plan &iv('wallet')
Start executing task 21 for agent 20 on time 1787683807.819202 with plan &iv('wallet')
Finish executing task 24 for agent 23 on time 1787683807.8196898 with plan &iv('wallet')
Finish executing task 18 for agent 17 on time 1787683807.820547 with plan &iv('wallet')
Finish executing task 21 for agent 20 on time 1787683807.8207452 with plan &iv('wallet')
Added task 18, time: 1787683807.825711
Added task 24, time: 1787683807.8433917
Added task 21, time: 1787683807.8603673
Output for task 18: ->{l('Yes');, time: 1787683807.907146
Output for task 24: ->{l('Yes');, time: 1787683807.9077723
Start executing task 18 for agent 17 on time 1787683807.907956 with plan ->{l('Yes');
Output for task 21: ->{l('Yes');, time: 1787683807.9082034
Start executing task 24 for agent 23 on time 1787683807.9085484 with plan ->{l('Yes');
Start executing task 21 for agent 20 on time 1787683807.9088469 with plan ->{l('Yes');
Finish executing task 18 for agent 17 on time 1787683807.9093757 with plan ->{l('Yes');
Finish executing task 24 for agent 23 on time 1787683807.909846 with plan ->{l('Yes');
Finish executing task 21 for agent 20 on time 1787683807.9101737 with plan ->{l('Yes');
Added task 21, time: 1787683807.9153655
Added task 24, time: 1787683807.9330544
Added task 18, time: 1787683807.9498944
Added task 19, time: 1787683807.9661765
Output for task 19: g('scissors'), time: 1787683808.014452
Output for task 21: ->True}l('No');, time: 1787683808.032823
Output for task 24: ->True}l('No');, time: 1787683808.0333169
Start executing task 21 for agent 20 on time 1787683808.0336668 with plan ->True}l('No');
Output for task 18: ->True}l('No');, time: 1787683808.0338197
Start executing task 24 for agent 23 on time 1787683808.0339792 with plan ->True}l('No');
Start executing task 18 for agent 17 on time 1787683808.0344703 with plan ->True}l('No');
Finish executing task 21 for agent 20 on time 1787683808.0350325 with plan ->True}l('No');
Finish executing task 24 for agent 23 on time 1787683808.0353484 with plan ->True}l('No');
Finish executing task 18 for agent 17 on time 1787683808.0357943 with plan ->True}l('No');
Finish executing task 2 for agent 2 on time 1787683808.0369403 with plan ?s('cat')==True{
Start executing task 2 for agent 2 on time 1787683808.037444 with plan g('cat')
Added task 18, time: 1787683808.0411513
Added task 24, time: 1787683808.059203
Added task 21, time: 1787683808.0761278
Added task 17, time: 1787683808.092483
Output for task 18: ->False, time: 1787683808.1216018
Output for task 24: ->False, time: 1787683808.1216795
Output for task 21: ->False, time: 1787683808.1217153
Start executing task 18 for agent 17 on time 1787683808.122594 with plan ->False
Finish executing task 18 for agent 17 on time 1787683808.1228101 with plan ->False
Start executing task 24 for agent 23 on time 1787683808.122947 with plan ->False
Finish executing task 24 for agent 23 on time 1787683808.1231368 with plan ->False
Start executing task 21 for agent 20 on time 1787683808.1232555 with plan ->False
Finish executing task 21 for agent 20 on time 1787683808.1234868 with plan ->False
Added task 14, time: 1787683808.1340592
Added task 20, time: 1787683808.1490238
Added task 26, time: 1787683808.1648977
Added task 25, time: 1787683808.1789653
Added task 19, time: 1787683808.1920788
Output for task 14: tp()}, time: 1787683808.2139008
Output for task 25: };, time: 1787683808.214383
Added task 14, time: 1787683808.224771
Output for task 19: }->False, time: 1787683808.2248375
Output for task 17: ?iv('toy')==True{, time: 1787683808.2458696
Added task 17, time: 1787683808.2567031
Output for task 14: ->False, time: 1787683808.2567632
Output for task 20: ?iv('book')==True{, time: 1787683808.287016
Output for task 26: ?iv('toy')==True{, time: 1787683808.2875009
Added task 20, time: 1787683808.2981737
Output for task 17: g('toy')}, time: 1787683808.2982328
Added task 26, time: 1787683808.3124123
Added task 17, time: 1787683808.325439
Output for task 20: tp()}, time: 1787683808.3461804
Finish executing task 0 for agent 0 on time 1787683808.351884 with plan g('scissors')
Start executing task 0 for agent 0 on time 1787683808.3523421 with plan }->False
Finish executing task 0 for agent 0 on time 1787683808.352565 with plan }->False
Added task 20, time: 1787683808.3563256
Output for task 17: ->False, time: 1787683808.3563864
Output for task 26: g('toy')}, time: 1787683808.3768556
Added task 26, time: 1787683808.3867683
Output for task 20: ->False, time: 1787683808.3868337
Output for task 26: ->False, time: 1787683808.415104
Finish executing task 6 for agent 6 on time 1787683808.4178572 with plan ?s('cat')==True{
Start executing task 6 for agent 6 on time 1787683808.4180288 with plan g('cat')
Finish executing task 19 for agent 18 on time 1787683809.2755678 with plan ?s('scissors')==True{
Start executing task 19 for agent 18 on time 1787683809.2759678 with plan g('scissors')
Finish executing task 1 for agent 1 on time 1787683809.3139055 with plan tc(45)}
Start executing task 1 for agent 1 on time 1787683809.3144143 with plan ->False;
Finish executing task 1 for agent 1 on time 1787683809.31467 with plan ->False;
Finish executing task 13 for agent 10 on time 1787683809.7428517 with plan tc(30);
Start executing task 13 for agent 10 on time 1787683809.7432187 with plan 
Finish executing task 13 for agent 10 on time 1787683809.7434268 with plan 
Finish executing task 23 for agent 22 on time 1787683809.8948708 with plan tc(30);
Start executing task 23 for agent 22 on time 1787683809.89526 with plan 
Finish executing task 23 for agent 22 on time 1787683809.895503 with plan 
Finish executing task 8 for agent 8 on time 1787683809.9388518 with plan g('toy')}
Start executing task 8 for agent 8 on time 1787683809.9391794 with plan ->False
Finish executing task 8 for agent 8 on time 1787683809.939378 with plan ->False
Finish executing task 11 for agent 11 on time 1787683809.939594 with plan g('toy')}
Start executing task 11 for agent 11 on time 1787683809.9400158 with plan ->False
Finish executing task 11 for agent 11 on time 1787683809.9402502 with plan ->False
Finish executing task 12 for agent 12 on time 1787683809.9408674 with plan g('toy')}
Start executing task 12 for agent 12 on time 1787683809.9412525 with plan ->False
Finish executing task 12 for agent 12 on time 1787683809.9415314 with plan ->False
Finish executing task 14 for agent 13 on time 1787683810.1152363 with plan mu(40);
Start executing task 14 for agent 13 on time 1787683810.115561 with plan ?iv('book')==True{
Finish executing task 20 for agent 19 on time 1787683810.1159196 with plan mu(40);
Start executing task 20 for agent 19 on time 1787683810.1162632 with plan ?iv('book')==True{
Finish executing task 14 for agent 13 on time 1787683810.116971 with plan ?iv('book')==True{
Start executing task 14 for agent 13 on time 1787683810.1171715 with plan tp()}
Finish executing task 20 for agent 19 on time 1787683810.1175938 with plan ?iv('book')==True{
Start executing task 20 for agent 19 on time 1787683810.117784 with plan tp()}
Finish executing task 14 for agent 13 on time 1787683810.1184263 with plan tp()}
Start executing task 14 for agent 13 on time 1787683810.118591 with plan ->False
Finish executing task 14 for agent 13 on time 1787683810.118757 with plan ->False
Finish executing task 20 for agent 19 on time 1787683810.1190495 with plan tp()}
Start executing task 20 for agent 19 on time 1787683810.1192267 with plan ->False
Finish executing task 20 for agent 19 on time 1787683810.1193914 with plan ->False
Finish executing task 15 for agent 14 on time 1787683810.1828654 with plan ?iv('boy')==True{
Start executing task 15 for agent 14 on time 1787683810.1833444 with plan tc(45)}
Finish executing task 17 for agent 16 on time 1787683810.2108574 with plan md(40);
Start executing task 17 for agent 16 on time 1787683810.2112505 with plan ?iv('toy')==True{
Finish executing task 17 for agent 16 on time 1787683810.2125776 with plan ?iv('toy')==True{
Start executing task 17 for agent 16 on time 1787683810.2127414 with plan g('toy')}
Finish executing task 26 for agent 25 on time 1787683810.3153212 with plan md(40);
Start executing task 26 for agent 25 on time 1787683810.315641 with plan ?iv('toy')==True{
Finish executing task 26 for agent 25 on time 1787683810.3169954 with plan ?iv('toy')==True{
Start executing task 26 for agent 25 on time 1787683810.317181 with plan g('toy')}
Finish executing task 22 for agent 21 on time 1787683810.335846 with plan ?iv('boy')==True{
Start executing task 22 for agent 21 on time 1787683810.336053 with plan tc(45)}
Finish executing task 16 for agent 15 on time 1787683810.336594 with plan ?iv('boy')==True{
Start executing task 16 for agent 15 on time 1787683810.3367424 with plan tc(45)}
Finish executing task 2 for agent 2 on time 1787683810.5015266 with plan g('cat')
Start executing task 2 for agent 2 on time 1787683810.5020509 with plan };
Finish executing task 2 for agent 2 on time 1787683810.5022852 with plan };
Finish executing task 6 for agent 6 on time 1787683810.8819268 with plan g('cat')
Start executing task 6 for agent 6 on time 1787683810.8823667 with plan };
Finish executing task 6 for agent 6 on time 1787683810.8825982 with plan };
Finish executing task 25 for agent 24 on time 1787683811.419042 with plan ?s('cat')==True{
Start executing task 25 for agent 24 on time 1787683811.4193738 with plan g('cat')
Finish executing task 19 for agent 18 on time 1787683811.740018 with plan g('scissors')
Start executing task 19 for agent 18 on time 1787683811.7404099 with plan }->False
Finish executing task 19 for agent 18 on time 1787683811.7406375 with plan }->False
Finish executing task 15 for agent 14 on time 1787683812.162869 with plan tc(45)}
Start executing task 15 for agent 14 on time 1787683812.1633718 with plan ->False;
Finish executing task 15 for agent 14 on time 1787683812.1636243 with plan ->False;
Finish executing task 22 for agent 21 on time 1787683812.3158584 with plan tc(45)}
Start executing task 22 for agent 21 on time 1787683812.3162389 with plan ->False;
Finish executing task 22 for agent 21 on time 1787683812.3165045 with plan ->False;
Finish executing task 16 for agent 15 on time 1787683812.3165913 with plan tc(45)}
Start executing task 16 for agent 15 on time 1787683812.3171134 with plan ->False;
Finish executing task 16 for agent 15 on time 1787683812.3173995 with plan ->False;
Finish executing task 17 for agent 16 on time 1787683812.9222937 with plan g('toy')}
Start executing task 17 for agent 16 on time 1787683812.9227695 with plan ->False
Finish executing task 17 for agent 16 on time 1787683812.9231844 with plan ->False
Finish executing task 26 for agent 25 on time 1787683813.0267043 with plan g('toy')}
Start executing task 26 for agent 25 on time 1787683813.02709 with plan ->False
Finish executing task 26 for agent 25 on time 1787683813.0273197 with plan ->False
Finish executing task 25 for agent 24 on time 1787683813.8834496 with plan g('cat')
Start executing task 25 for agent 24 on time 1787683813.8838625 with plan };
Finish executing task 25 for agent 24 on time 1787683813.8840938 with plan };
Generating request from task 27, time: 1787683814.9619355
Generating request from task 28, time: 1787683814.9625373
Generating request from task 29, time: 1787683814.9631054
Generating request from task 30, time: 1787683814.963527
Generating request from task 31, time: 1787683814.963905
Generating request from task 32, time: 1787683814.9642644
Generating request from task 33, time: 1787683814.9646137
Generating request from task 34, time: 1787683814.9649668
Generating request from task 35, time: 1787683814.9652877
Generating request from task 36, time: 1787683814.965621
Generating request from task 37, time: 1787683814.9659438
Added task 27, time: 1787683814.9880443
Added task 30, time: 1787683815.0278082
Output for task 27: tc(45);, time: 1787683815.0732489
Start executing task 27 for agent 9 on time 1787683815.0744247 with plan tc(45);
Output for task 30: ?iv('boy')==True{, time: 1787683815.0981429
Start executing task 30 for agent 23 on time 1787683815.0991764 with plan ?iv('boy')==True{
Added task 35, time: 1787683815.108385
Added task 33, time: 1787683815.1295536
Added task 31, time: 1787683815.1494145
Added task 30, time: 1787683815.165266
Added task 27, time: 1787683815.180176
Output for task 27: , time: 1787683815.191936
Output for task 33: tc(30);, time: 1787683815.2183175
Output for task 31: tc(30);, time: 1787683815.2188766
Output for task 30: tc(45)}, time: 1787683815.219304
Start executing task 33 for agent 3 on time 1787683815.2193959 with plan tc(30);
Start executing task 31 for agent 0 on time 1787683815.2200072 with plan tc(30);
Output for task 35: ?iv('boy')==True{, time: 1787683815.2434914
Start executing task 35 for agent 7 on time 1787683815.244543 with plan ?iv('boy')==True{
Added task 35, time: 1787683815.2492332
Added task 33, time: 1787683815.2654748
Output for task 33: , time: 1787683815.2772963
Output for task 35: tc(45)}, time: 1787683815.301159
Added task 31, time: 1787683815.306143
Added task 28, time: 1787683815.3257692
Output for task 31: , time: 1787683815.3258386
Added task 29, time: 1787683815.344816
Added task 32, time: 1787683815.3632784
Added task 34, time: 1787683815.381425
Added task 36, time: 1787683815.3993137
Added task 37, time: 1787683815.4169533
Added task 30, time: 1787683815.431557
Added task 35, time: 1787683815.4447415
Output for task 29: mu(40);, time: 1787683815.486224
Output for task 34: mu(40);, time: 1787683815.4867978
Output for task 36: mu(40);, time: 1787683815.4872174
Start executing task 29 for agent 20 on time 1787683815.4872482 with plan mu(40);
Output for task 37: md(40);, time: 1787683815.4876025
Start executing task 34 for agent 5 on time 1787683815.487769 with plan mu(40);
Output for task 30: ->False;, time: 1787683815.488021
Output for task 35: ->False;, time: 1787683815.4880607
Start executing task 36 for agent 1 on time 1787683815.4883223 with plan mu(40);
Start executing task 37 for agent 8 on time 1787683815.4885612 with plan md(40);
Added task 36, time: 1787683815.5003986
Output for task 28: ?iv('keys'), time: 1787683815.5004756
Output for task 32: ?iv('keys'), time: 1787683815.5010145
Start executing task 28 for agent 17 on time 1787683815.501306 with plan ?iv('keys')
Start executing task 32 for agent 4 on time 1787683815.5021408 with plan ?iv('keys')
Finish executing task 28 for agent 17 on time 1787683815.5028362 with plan ?iv('keys')
Finish executing task 32 for agent 4 on time 1787683815.5035703 with plan ?iv('keys')
Added task 32, time: 1787683815.5170908
Added task 28, time: 1787683815.532023
Added task 29, time: 1787683815.5462077
Output for task 32: &iv('wallet'), time: 1787683815.5929208
Output for task 28: &iv('wallet'), time: 1787683815.5934443
Start executing task 32 for agent 4 on time 1787683815.5938542 with plan &iv('wallet')
Start executing task 28 for agent 17 on time 1787683815.5940914 with plan &iv('wallet')
Finish executing task 32 for agent 4 on time 1787683815.5951378 with plan &iv('wallet')
Finish executing task 28 for agent 17 on time 1787683815.5953786 with plan &iv('wallet')
Added task 28, time: 1787683815.6053033
Added task 32, time: 1787683815.619622
Added task 34, time: 1787683815.6332436
Output for task 36: ?iv('book')==True{, time: 1787683815.6545217
Output for task 29: ?iv('book')==True{, time: 1787683815.655061
Output for task 28: ->{l('Yes');, time: 1787683815.681446
Output for task 32: ->{l('Yes');, time: 1787683815.6820843
Start executing task 28 for agent 17 on time 1787683815.682279 with plan ->{l('Yes');
Start executing task 32 for agent 4 on time 1787683815.6830359 with plan ->{l('Yes');
Finish executing task 28 for agent 17 on time 1787683815.6835544 with plan ->{l('Yes');
Finish executing task 32 for agent 4 on time 1787683815.6843119 with plan ->{l('Yes');
Added task 32, time: 1787683815.6947784
Added task 28, time: 1787683815.7098887
Added task 37, time: 1787683815.7241905
Generating request from task 38, time: 1787683815.7254405
Output for task 34: ?iv('book')==True{, time: 1787683815.7448373
Output for task 32: ->True}l('No');, time: 1787683815.7882807
Output for task 28: ->True}l('No');, time: 1787683815.7887776
Output for task 37: ?iv('toy')==True{, time: 1787683815.789188
Start executing task 32 for agent 4 on time 1787683815.7892046 with plan ->True}l('No');
Start executing task 28 for agent 17 on time 1787683815.7894425 with plan ->True}l('No');
Finish executing task 32 for agent 4 on time 1787683815.7904963 with plan ->True}l('No');
Finish executing task 28 for agent 17 on time 1787683815.7907312 with plan ->True}l('No');
Added task 38, time: 1787683815.7984734
Added task 28, time: 1787683815.8149335
Added task 32, time: 1787683815.830749
Added task 34, time: 1787683815.8457983
Output for task 34: tp()}, time: 1787683815.8664243
Output for task 28: ->False, time: 1787683815.8757005
Output for task 32: ->False, time: 1787683815.8757746
Start executing task 28 for agent 17 on time 1787683815.8767307 with plan ->False
Finish executing task 28 for agent 17 on time 1787683815.8770537 with plan ->False
Start executing task 32 for agent 4 on time 1787683815.8772182 with plan ->False
Finish executing task 32 for agent 4 on time 1787683815.8774457 with plan ->False
Output for task 38: tc(30);, time: 1787683815.884299
Start executing task 38 for agent 11 on time 1787683815.8854117 with plan tc(30);
Added task 38, time: 1787683815.8892174
Added task 29, time: 1787683815.9046187
Output for task 38: , time: 1787683815.9047005
Added task 36, time: 1787683815.9194832
Added task 34, time: 1787683815.9332986
Added task 37, time: 1787683815.9465203
Output for task 29: tp()}, time: 1787683815.9683268
Output for task 36: tp()}, time: 1787683815.968806
Added task 29, time: 1787683815.9794896
Output for task 34: ->False, time: 1787683815.9795504
Added task 36, time: 1787683815.9927158
Output for task 37: g('toy')}, time: 1787683816.0139542
Added task 37, time: 1787683816.024208
Output for task 29: ->False, time: 1787683816.0242686
Output for task 36: ->False, time: 1787683816.0243115
Output for task 37: ->False, time: 1787683816.0529742
Finish executing task 27 for agent 9 on time 1787683817.1855626 with plan tc(45);
Start executing task 27 for agent 9 on time 1787683817.186013 with plan 
Finish executing task 27 for agent 9 on time 1787683817.1862643 with plan 
Finish executing task 31 for agent 0 on time 1787683817.8088653 with plan tc(30);
Finish executing task 33 for agent 3 on time 1787683817.8091671 with plan tc(30);
Start executing task 31 for agent 0 on time 1787683817.8096201 with plan 
Start executing task 33 for agent 3 on time 1787683817.810019 with plan 
Finish executing task 31 for agent 0 on time 1787683817.8103006 with plan 
Finish executing task 33 for agent 3 on time 1787683817.810551 with plan 
Finish executing task 29 for agent 20 on time 1787683817.9888577 with plan mu(40);
Start executing task 29 for agent 20 on time 1787683817.9893026 with plan ?iv('book')==True{
Finish executing task 34 for agent 5 on time 1787683817.9898605 with plan mu(40);
Start executing task 34 for agent 5 on time 1787683817.990238 with plan ?iv('book')==True{
Finish executing task 29 for agent 20 on time 1787683817.9906526 with plan ?iv('book')==True{
Start executing task 29 for agent 20 on time 1787683817.9908774 with plan tp()}
Finish executing task 36 for agent 1 on time 1787683817.991104 with plan mu(40);
Start executing task 36 for agent 1 on time 1787683817.9915955 with plan ?iv('book')==True{
Finish executing task 34 for agent 5 on time 1787683817.991915 with plan ?iv('book')==True{
Start executing task 34 for agent 5 on time 1787683817.9921367 with plan tp()}
Finish executing task 29 for agent 20 on time 1787683817.9923449 with plan tp()}
Start executing task 29 for agent 20 on time 1787683817.9925187 with plan ->False
Finish executing task 29 for agent 20 on time 1787683817.9926856 with plan ->False
Finish executing task 36 for agent 1 on time 1787683817.9929698 with plan ?iv('book')==True{
Start executing task 36 for agent 1 on time 1787683817.993198 with plan tp()}
Finish executing task 34 for agent 5 on time 1787683817.9934046 with plan tp()}
Start executing task 34 for agent 5 on time 1787683817.9936 with plan ->False
Finish executing task 34 for agent 5 on time 1787683817.99377 with plan ->False
Finish executing task 36 for agent 1 on time 1787683817.9944553 with plan tp()}
Start executing task 36 for agent 1 on time 1787683817.9946492 with plan ->False
Finish executing task 36 for agent 1 on time 1787683817.994819 with plan ->False
Finish executing task 37 for agent 8 on time 1787683818.0858521 with plan md(40);
Start executing task 37 for agent 8 on time 1787683818.0861337 with plan ?iv('toy')==True{
Finish executing task 37 for agent 8 on time 1787683818.0874279 with plan ?iv('toy')==True{
Start executing task 37 for agent 8 on time 1787683818.0875812 with plan g('toy')}
Finish executing task 30 for agent 23 on time 1787683818.1018581 with plan ?iv('boy')==True{
Start executing task 30 for agent 23 on time 1787683818.102238 with plan tc(45)}
Finish executing task 35 for agent 7 on time 1787683818.2479763 with plan ?iv('boy')==True{
Start executing task 35 for agent 7 on time 1787683818.2483656 with plan tc(45)}
Finish executing task 38 for agent 11 on time 1787683818.475004 with plan tc(30);
Start executing task 38 for agent 11 on time 1787683818.475323 with plan 
Finish executing task 38 for agent 11 on time 1787683818.4755242 with plan 
Finish executing task 30 for agent 23 on time 1787683820.0818548 with plan tc(45)}
Start executing task 30 for agent 23 on time 1787683820.0822506 with plan ->False;
Finish executing task 30 for agent 23 on time 1787683820.0824804 with plan ->False;
Finish executing task 35 for agent 7 on time 1787683820.2283418 with plan tc(45)}
Start executing task 35 for agent 7 on time 1787683820.2287579 with plan ->False;
Finish executing task 35 for agent 7 on time 1787683820.2290437 with plan ->False;
Finish executing task 37 for agent 8 on time 1787683820.797096 with plan g('toy')}
Start executing task 37 for agent 8 on time 1787683820.797477 with plan ->False
Finish executing task 37 for agent 8 on time 1787683820.7977278 with plan ->False
Generating request from task 39, time: 1787683834.9454503
Generating request from task 40, time: 1787683834.9460866
Generating request from task 41, time: 1787683834.9464917
Generating request from task 42, time: 1787683834.946837
Generating request from task 43, time: 1787683834.947173
Generating request from task 44, time: 1787683834.9475043
Generating request from task 45, time: 1787683834.9478056
Generating request from task 46, time: 1787683834.9481409
Generating request from task 47, time: 1787683834.948445
Added task 39, time: 1787683834.9696944
Added task 40, time: 1787683835.0063498
Output for task 39: ?iv('boy')==True{, time: 1787683835.076308
Output for task 40: ?iv('boy')==True{, time: 1787683835.0769405
Start executing task 39 for agent 12 on time 1787683835.077401 with plan ?iv('boy')==True{
Start executing task 40 for agent 13 on time 1787683835.0778577 with plan ?iv('boy')==True{
Added task 47, time: 1787683835.0872157
Added task 42, time: 1787683835.1095114
Added task 40, time: 1787683835.1256974
Added task 39, time: 1787683835.140824
Added task 41, time: 1787683835.158462
Output for task 47: tc(45);, time: 1787683835.1985962
Output for task 42: tc(45);, time: 1787683835.1991234
Output for task 40: tc(45)}, time: 1787683835.1995587
Output for task 39: tc(45)}, time: 1787683835.199981
Start executing task 47 for agent 14 on time 1787683835.199773 with plan tc(45);
Start executing task 42 for agent 2 on time 1787683835.2002392 with plan tc(45);
Added task 43, time: 1787683835.2169502
Added task 44, time: 1787683835.236505
Added task 45, time: 1787683835.2556944
Added task 46, time: 1787683835.2745872
Added task 47, time: 1787683835.2894955
Added task 40, time: 1787683835.3039546
Output for task 47: , time: 1787683835.3040123
Output for task 41: ?s('cat')==True{, time: 1787683835.3253438
Start executing task 41 for agent 19 on time 1787683835.3264022 with plan ?s('cat')==True{
Added task 42, time: 1787683835.3381515
Added task 39, time: 1787683835.351984
Output for task 42: , time: 1787683835.3520415
Added task 41, time: 1787683835.3652866
Output for task 43: md(40);, time: 1787683835.3872375
Output for task 45: md(40);, time: 1787683835.3877254
Output for task 40: ->False;, time: 1787683835.3881283
Start executing task 43 for agent 6 on time 1787683835.3882294 with plan md(40);
Start executing task 45 for agent 10 on time 1787683835.3887322 with plan md(40);
Added task 43, time: 1787683835.399162
Added task 45, time: 1787683835.412193
Output for task 44: ?s('cat')==True{, time: 1787683835.434622
Output for task 39: ->False;, time: 1787683835.4350944
Output for task 41: g('cat'), time: 1787683835.4351435
Start executing task 44 for agent 18 on time 1787683835.4355567 with plan ?s('cat')==True{
Added task 44, time: 1787683835.4464023
Output for task 46: ?s('scissors')==True{, time: 1787683835.4464583
Start executing task 46 for agent 22 on time 1787683835.4476666 with plan ?s('scissors')==True{
Added task 46, time: 1787683835.4605358
Added task 41, time: 1787683835.4734993
Output for task 41: };, time: 1787683835.4947093
Output for task 44: g('cat'), time: 1787683835.5125449
Added task 44, time: 1787683835.523415
Output for task 43: ?iv('toy')==True{, time: 1787683835.5234718
Output for task 45: ?iv('toy')==True{, time: 1787683835.5239103
Output for task 46: g('scissors'), time: 1787683835.5243046
Added task 43, time: 1787683835.5389307
Added task 45, time: 1787683835.552585
Added task 46, time: 1787683835.5658982
Output for task 44: };, time: 1787683835.586886
Output for task 46: }->False, time: 1787683835.5958428
Output for task 43: g('toy')}, time: 1787683835.6046996
Output for task 45: g('toy')}, time: 1787683835.605197
Added task 43, time: 1787683835.6074672
Added task 45, time: 1787683835.6204464
Output for task 43: ->False, time: 1787683835.6491416
Output for task 45: ->False, time: 1787683835.649214
Finish executing task 46 for agent 22 on time 1787683837.006067 with plan ?s('scissors')==True{
Start executing task 46 for agent 22 on time 1787683837.006603 with plan g('scissors')
Finish executing task 47 for agent 14 on time 1787683837.310969 with plan tc(45);
Start executing task 47 for agent 14 on time 1787683837.3114278 with plan 
Finish executing task 42 for agent 2 on time 1787683837.3115377 with plan tc(45);
Finish executing task 47 for agent 14 on time 1787683837.311954 with plan 
Start executing task 42 for agent 2 on time 1787683837.3123658 with plan 
Finish executing task 42 for agent 2 on time 1787683837.312746 with plan 
Finish executing task 43 for agent 6 on time 1787683837.9848645 with plan md(40);
Start executing task 43 for agent 6 on time 1787683837.985298 with plan ?iv('toy')==True{
Finish executing task 45 for agent 10 on time 1787683837.9862177 with plan md(40);
Start executing task 45 for agent 10 on time 1787683837.9867458 with plan ?iv('toy')==True{
Finish executing task 43 for agent 6 on time 1787683837.9869466 with plan ?iv('toy')==True{
Start executing task 43 for agent 6 on time 1787683837.9874923 with plan g('toy')}
Finish executing task 45 for agent 10 on time 1787683837.9884224 with plan ?iv('toy')==True{
Start executing task 45 for agent 10 on time 1787683837.9887245 with plan g('toy')}
Finish executing task 39 for agent 12 on time 1787683838.0808394 with plan ?iv('boy')==True{
Finish executing task 40 for agent 13 on time 1787683838.0810306 with plan ?iv('boy')==True{
Start executing task 39 for agent 12 on time 1787683838.0813665 with plan tc(45)}
Start executing task 40 for agent 13 on time 1787683838.0816965 with plan tc(45)}
Finish executing task 41 for agent 19 on time 1787683839.0437412 with plan ?s('cat')==True{
Start executing task 41 for agent 19 on time 1787683839.0441492 with plan g('cat')
Finish executing task 44 for agent 18 on time 1787683839.15289 with plan ?s('cat')==True{
Start executing task 44 for agent 18 on time 1787683839.1532803 with plan g('cat')
Finish executing task 46 for agent 22 on time 1787683839.4698756 with plan g('scissors')
Start executing task 46 for agent 22 on time 1787683839.4703844 with plan }->False
Finish executing task 46 for agent 22 on time 1787683839.4706285 with plan }->False
Finish executing task 39 for agent 12 on time 1787683840.0608575 with plan tc(45)}
Start executing task 39 for agent 12 on time 1787683840.0612595 with plan ->False;
Finish executing task 39 for agent 12 on time 1787683840.0614932 with plan ->False;
Finish executing task 40 for agent 13 on time 1787683840.0619652 with plan tc(45)}
Start executing task 40 for agent 13 on time 1787683840.0623527 with plan ->False;
Finish executing task 40 for agent 13 on time 1787683840.062588 with plan ->False;
Generating request from task 48, time: 1787683840.427195
Generating request from task 49, time: 1787683840.4277954
Added task 48, time: 1787683840.4417505
Added task 49, time: 1787683840.4757442
Output for task 48: tc(45);, time: 1787683840.5214748
Output for task 49: tc(45);, time: 1787683840.522122
Start executing task 48 for agent 15 on time 1787683840.5225656 with plan tc(45);
Start executing task 49 for agent 21 on time 1787683840.5229998 with plan tc(45);
Added task 48, time: 1787683840.5249984
Added task 49, time: 1787683840.5403736
Output for task 48: , time: 1787683840.5404685
Output for task 49: , time: 1787683840.5550668
Finish executing task 43 for agent 6 on time 1787683840.6970286 with plan g('toy')}
Start executing task 43 for agent 6 on time 1787683840.6973946 with plan ->False
Finish executing task 43 for agent 6 on time 1787683840.6976283 with plan ->False
Finish executing task 45 for agent 10 on time 1787683840.6983247 with plan g('toy')}
Start executing task 45 for agent 10 on time 1787683840.6987822 with plan ->False
Finish executing task 45 for agent 10 on time 1787683840.6991885 with plan ->False
Finish executing task 41 for agent 19 on time 1787683841.5068583 with plan g('cat')
Start executing task 41 for agent 19 on time 1787683841.507286 with plan };
Finish executing task 41 for agent 19 on time 1787683841.5075164 with plan };
Finish executing task 44 for agent 18 on time 1787683841.6173315 with plan g('cat')
Start executing task 44 for agent 18 on time 1787683841.6177216 with plan };
Finish executing task 44 for agent 18 on time 1787683841.6179824 with plan };
Generating request from task 50, time: 1787683842.5266573
Generating request from task 51, time: 1787683842.5272758
Generating request from task 52, time: 1787683842.5276904
Generating request from task 53, time: 1787683842.5280826
Generating request from task 54, time: 1787683842.528436
Generating request from task 55, time: 1787683842.5290604
Added task 50, time: 1787683842.5443332
Added task 52, time: 1787683842.5795245
Output for task 52: tc(30);, time: 1787683842.624431
Start executing task 52 for agent 24 on time 1787683842.6255949 with plan tc(30);
Finish executing task 48 for agent 15 on time 1787683842.6337006 with plan tc(45);
Start executing task 48 for agent 15 on time 1787683842.6339288 with plan 
Finish executing task 48 for agent 15 on time 1787683842.6340342 with plan 
Finish executing task 49 for agent 21 on time 1787683842.6341417 with plan tc(45);
Start executing task 49 for agent 21 on time 1787683842.6344976 with plan 
Finish executing task 49 for agent 21 on time 1787683842.6346934 with plan 
Output for task 50: ?iv('boy')==True{, time: 1787683842.649008
Start executing task 50 for agent 16 on time 1787683842.6499844 with plan ?iv('boy')==True{
Added task 54, time: 1787683842.6573405
Added task 50, time: 1787683842.6725576
Added task 52, time: 1787683842.6870587
Output for task 52: , time: 1787683842.6988688
Output for task 54: tc(45);, time: 1787683842.7233262
Output for task 50: tc(45)}, time: 1787683842.723885
Start executing task 54 for agent 4 on time 1787683842.7243853 with plan tc(45);
Added task 51, time: 1787683842.7309523
Added task 53, time: 1787683842.7490022
Added task 55, time: 1787683842.7667048
Added task 54, time: 1787683842.7805135
Added task 50, time: 1787683842.7937753
Output for task 54: , time: 1787683842.793837
Output for task 50: ->False;, time: 1787683842.8323298
Output for task 51: ?iv('keys'), time: 1787683842.8414052
Start executing task 51 for agent 25 on time 1787683842.8424022 with plan ?iv('keys')
Finish executing task 51 for agent 25 on time 1787683842.8437862 with plan ?iv('keys')
Added task 51, time: 1787683842.8514144
Output for task 53: ?s('scissors')==True{, time: 1787683842.8719907
Output for task 55: ?s('scissors')==True{, time: 1787683842.8725133
Start executing task 53 for agent 17 on time 1787683842.8731804 with plan ?s('scissors')==True{
Start executing task 55 for agent 20 on time 1787683842.8734918 with plan ?s('scissors')==True{
Output for task 51: &iv('wallet'), time: 1787683842.896787
Start executing task 51 for agent 25 on time 1787683842.8975925 with plan &iv('wallet')
Finish executing task 51 for agent 25 on time 1787683842.8989127 with plan &iv('wallet')
Added task 51, time: 1787683842.8999782
Added task 53, time: 1787683842.913975
Output for task 51: ->{l('Yes');, time: 1787683842.957942
Output for task 53: g('scissors'), time: 1787683842.9584823
Start executing task 51 for agent 25 on time 1787683842.958656 with plan ->{l('Yes');
Finish executing task 51 for agent 25 on time 1787683842.9599771 with plan ->{l('Yes');
Added task 51, time: 1787683842.9614575
Added task 55, time: 1787683842.975195
Output for task 55: g('scissors'), time: 1787683843.0189788
Output for task 51: ->True}l('No');, time: 1787683843.0354984
Start executing task 51 for agent 25 on time 1787683843.0363889 with plan ->True}l('No');
Finish executing task 51 for agent 25 on time 1787683843.037784 with plan ->True}l('No');
Added task 51, time: 1787683843.0386555
Added task 53, time: 1787683843.0524533
Output for task 51: ->False, time: 1787683843.0804157
Output for task 53: }->False, time: 1787683843.0804963
Start executing task 51 for agent 25 on time 1787683843.0813255 with plan ->False
Finish executing task 51 for agent 25 on time 1787683843.0815916 with plan ->False
Added task 55, time: 1787683843.0819614
Output for task 55: }->False, time: 1787683843.1102486
Generating request from task 56, time: 1787683843.301675
Generating request from task 57, time: 1787683843.30222
Generating request from task 58, time: 1787683843.302595
Generating request from task 59, time: 1787683843.30358
Added task 56, time: 1787683843.306493
Added task 57, time: 1787683843.3232582
Output for task 56: tc(30);, time: 1787683843.3591807
Output for task 57: tc(45);, time: 1787683843.3597708
Start executing task 56 for agent 5 on time 1787683843.3601968 with plan tc(30);
Start executing task 57 for agent 1 on time 1787683843.3613274 with plan tc(45);
Added task 58, time: 1787683843.3665667
Added task 56, time: 1787683843.3806512
Output for task 56: , time: 1787683843.392343
Output for task 58: tc(45);, time: 1787683843.4161377
Start executing task 58 for agent 9 on time 1787683843.4171069 with plan tc(45);
Added task 57, time: 1787683843.4190388
Added task 58, time: 1787683843.432952
Output for task 57: , time: 1787683843.433028
Added task 59, time: 1787683843.4497817
Output for task 58: , time: 1787683843.4498708
Output for task 59: ?s('scissors')==True{, time: 1787683843.5105593
Start executing task 59 for agent 0 on time 1787683843.51179 with plan ?s('scissors')==True{
Added task 59, time: 1787683843.5124075
Output for task 59: g('scissors'), time: 1787683843.5566638
Added task 59, time: 1787683843.55842
Output for task 59: }->False, time: 1787683843.5867767
Finish executing task 53 for agent 17 on time 1787683844.4313595 with plan ?s('scissors')==True{
Start executing task 53 for agent 17 on time 1787683844.4317214 with plan g('scissors')
Finish executing task 55 for agent 20 on time 1787683844.4320514 with plan ?s('scissors')==True{
Start executing task 55 for agent 20 on time 1787683844.4324343 with plan g('scissors')
Finish executing task 54 for agent 4 on time 1787683844.8339312 with plan tc(45);
Start executing task 54 for agent 4 on time 1787683844.8343308 with plan 
Finish executing task 54 for agent 4 on time 1787683844.8345406 with plan 
Finish executing task 59 for agent 0 on time 1787683845.0702028 with plan ?s('scissors')==True{
Start executing task 59 for agent 0 on time 1787683845.0706403 with plan g('scissors')
Finish executing task 52 for agent 24 on time 1787683845.2152352 with plan tc(30);
Start executing task 52 for agent 24 on time 1787683845.2155058 with plan 
Finish executing task 52 for agent 24 on time 1787683845.2156866 with plan 
Finish executing task 57 for agent 1 on time 1787683845.4718626 with plan tc(45);
Start executing task 57 for agent 1 on time 1787683845.47237 with plan 
Finish executing task 57 for agent 1 on time 1787683845.4725814 with plan 
Finish executing task 58 for agent 9 on time 1787683845.5282238 with plan tc(45);
Start executing task 58 for agent 9 on time 1787683845.5285876 with plan 
Finish executing task 58 for agent 9 on time 1787683845.5287857 with plan 
Finish executing task 50 for agent 16 on time 1787683845.6528645 with plan ?iv('boy')==True{
Start executing task 50 for agent 16 on time 1787683845.6532555 with plan tc(45)}
Finish executing task 56 for agent 5 on time 1787683845.9498556 with plan tc(30);
Start executing task 56 for agent 5 on time 1787683845.9502451 with plan 
Finish executing task 56 for agent 5 on time 1787683845.950451 with plan 
Finish executing task 53 for agent 17 on time 1787683846.8949687 with plan g('scissors')
Start executing task 53 for agent 17 on time 1787683846.8953815 with plan }->False
Finish executing task 53 for agent 17 on time 1787683846.8956249 with plan }->False
Finish executing task 55 for agent 20 on time 1787683846.8958519 with plan g('scissors')
Start executing task 55 for agent 20 on time 1787683846.8962355 with plan }->False
Finish executing task 55 for agent 20 on time 1787683846.8964758 with plan }->False
Finish executing task 59 for agent 0 on time 1787683847.53474 with plan g('scissors')
Start executing task 59 for agent 0 on time 1787683847.5352352 with plan }->False
Finish executing task 59 for agent 0 on time 1787683847.5355215 with plan }->False
Finish executing task 50 for agent 16 on time 1787683847.6328735 with plan tc(45)}
Start executing task 50 for agent 16 on time 1787683847.633304 with plan ->False;
Finish executing task 50 for agent 16 on time 1787683847.6335483 with plan ->False;
Generating request from task 60, time: 1787683852.562373
Generating request from task 61, time: 1787683852.563006
Generating request from task 62, time: 1787683852.5634143
Generating request from task 63, time: 1787683852.5637608
Generating request from task 64, time: 1787683852.5641272
Generating request from task 65, time: 1787683852.5644796
Generating request from task 66, time: 1787683852.5647886
Generating request from task 67, time: 1787683852.5650911
Added task 60, time: 1787683852.5757055
Added task 61, time: 1787683852.610698
Output for task 60: ?iv('boy')==True{, time: 1787683852.6790955
Output for task 61: ?iv('boy')==True{, time: 1787683852.6798182
Start executing task 60 for agent 3 on time 1787683852.6802764 with plan ?iv('boy')==True{
Start executing task 61 for agent 23 on time 1787683852.6807292 with plan ?iv('boy')==True{
Added task 67, time: 1787683852.6889694
Added task 66, time: 1787683852.7105086
Added task 64, time: 1787683852.7303886
Added task 62, time: 1787683852.749001
Added task 61, time: 1787683852.7633283
Added task 60, time: 1787683852.776914
Added task 63, time: 1787683852.7933595
Output for task 62: tc(45);, time: 1787683852.8339787
Output for task 61: tc(45)}, time: 1787683852.8344676
Output for task 60: tc(45)}, time: 1787683852.8348806
Start executing task 62 for agent 7 on time 1787683852.8350403 with plan tc(45);
Output for task 63: ?iv('keys'), time: 1787683852.844199
Start executing task 63 for agent 8 on time 1787683852.8451853 with plan ?iv('keys')
Finish executing task 63 for agent 8 on time 1787683852.846648 with plan ?iv('keys')
Output for task 67: ?iv('boy')==True{, time: 1787683852.8623526
Output for task 66: ?iv('boy')==True{, time: 1787683852.8629315
Output for task 64: ?iv('boy')==True{, time: 1787683852.8634484
Start executing task 67 for agent 14 on time 1787683852.863318 with plan ?iv('boy')==True{
Start executing task 66 for agent 2 on time 1787683852.8644443 with plan ?iv('boy')==True{
Start executing task 64 for agent 11 on time 1787683852.864682 with plan ?iv('boy')==True{
Added task 64, time: 1787683852.8697493
Added task 66, time: 1787683852.8865538
Added task 67, time: 1787683852.9028022
Added task 63, time: 1787683852.918178
Added task 65, time: 1787683852.9367895
Output for task 64: tc(45)}, time: 1787683852.9760659
Output for task 66: tc(45)}, time: 1787683852.9766245
Output for task 67: tc(45)}, time: 1787683852.9770608
Output for task 63: &iv('wallet'), time: 1787683852.9857345
Start executing task 63 for agent 8 on time 1787683852.9866164 with plan &iv('wallet')
Finish executing task 63 for agent 8 on time 1787683852.9880137 with plan &iv('wallet')
Added task 63, time: 1787683852.9995139
Added task 62, time: 1787683853.0157218
Output for task 62: , time: 1787683853.027511
Output for task 65: ?s('scissors')==True{, time: 1787683853.0359497
Start executing task 65 for agent 22 on time 1787683853.0371602 with plan ?s('scissors')==True{
Output for task 63: ->{l('Yes');, time: 1787683853.0601854
Start executing task 63 for agent 8 on time 1787683853.0610104 with plan ->{l('Yes');
Finish executing task 63 for agent 8 on time 1787683853.0623467 with plan ->{l('Yes');
Added task 63, time: 1787683853.065964
Added task 60, time: 1787683853.0824072
Output for task 60: ->False;, time: 1787683853.118093
Output for task 63: ->True}l('No');, time: 1787683853.141848
Start executing task 63 for agent 8 on time 1787683853.1426582 with plan ->True}l('No');
Finish executing task 63 for agent 8 on time 1787683853.1439967 with plan ->True}l('No');
Added task 63, time: 1787683853.1470683
Added task 61, time: 1787683853.162689
Output for task 63: ->False, time: 1787683853.1903636
Start executing task 63 for agent 8 on time 1787683853.1910868 with plan ->False
Finish executing task 63 for agent 8 on time 1787683853.1912944 with plan ->False
Added task 66, time: 1787683853.2018967
Output for task 61: ->False;, time: 1787683853.201955
Added task 64, time: 1787683853.2166495
Added task 67, time: 1787683853.2302706
Added task 65, time: 1787683853.2431595
Output for task 66: ->False;, time: 1787683853.2819068
Output for task 64: ->False;, time: 1787683853.2819934
Output for task 67: ->False;, time: 1787683853.282032
Output for task 65: g('scissors'), time: 1787683853.290939
Added task 65, time: 1787683853.292723
Output for task 65: }->False, time: 1787683853.3210375
Finish executing task 65 for agent 22 on time 1787683854.5955586 with plan ?s('scissors')==True{
Start executing task 65 for agent 22 on time 1787683854.5960824 with plan g('scissors')
Finish executing task 62 for agent 7 on time 1787683854.9458666 with plan tc(45);
Start executing task 62 for agent 7 on time 1787683854.9462907 with plan 
Finish executing task 62 for agent 7 on time 1787683854.9465046 with plan 
Finish executing task 60 for agent 3 on time 1787683855.6837292 with plan ?iv('boy')==True{
Finish executing task 61 for agent 23 on time 1787683855.6839507 with plan ?iv('boy')==True{
Start executing task 60 for agent 3 on time 1787683855.684312 with plan tc(45)}
Start executing task 61 for agent 23 on time 1787683855.6846426 with plan tc(45)}
Finish executing task 67 for agent 14 on time 1787683855.8669133 with plan ?iv('boy')==True{
Start executing task 67 for agent 14 on time 1787683855.8672621 with plan tc(45)}
Finish executing task 64 for agent 11 on time 1787683855.867875 with plan ?iv('boy')==True{
Start executing task 64 for agent 11 on time 1787683855.8682766 with plan tc(45)}
Finish executing task 66 for agent 2 on time 1787683855.8685663 with plan ?iv('boy')==True{
Start executing task 66 for agent 2 on time 1787683855.8690598 with plan tc(45)}
Finish executing task 65 for agent 22 on time 1787683857.0601864 with plan g('scissors')
Start executing task 65 for agent 22 on time 1787683857.0607002 with plan }->False
Finish executing task 65 for agent 22 on time 1787683857.060976 with plan }->False
Generating request from task 68, time: 1787683857.0832038
Generating request from task 69, time: 1787683857.0838788
Generating request from task 70, time: 1787683857.084323
Generating request from task 71, time: 1787683857.0846963
Generating request from task 72, time: 1787683857.0850754
Generating request from task 73, time: 1787683857.0854082
Added task 68, time: 1787683857.096533
Added task 72, time: 1787683857.1320367
Added task 69, time: 1787683857.159975
Output for task 72: tc(30);, time: 1787683857.2024415
Start executing task 72 for agent 19 on time 1787683857.2035623 with plan tc(30);
Added task 72, time: 1787683857.2136683
Added task 70, time: 1787683857.2318764
Output for task 72: , time: 1787683857.2319422
Added task 71, time: 1787683857.249004
Added task 73, time: 1787683857.26517
Output for task 69: ?s('cat')==True{, time: 1787683857.2867644
Start executing task 69 for agent 13 on time 1787683857.28778 with plan ?s('cat')==True{
Added task 69, time: 1787683857.297487
Output for task 68: ?s('scissors')==True{, time: 1787683857.2975442
Start executing task 68 for agent 12 on time 1787683857.2983973 with plan ?s('scissors')==True{
Added task 68, time: 1787683857.310858
Output for task 71: md(40);, time: 1787683857.3322752
Start executing task 71 for agent 10 on time 1787683857.3332152 with plan md(40);
Added task 71, time: 1787683857.3432796
Output for task 70: ?iv('keys'), time: 1787683857.3433373
Start executing task 70 for agent 6 on time 1787683857.344157 with plan ?iv('keys')
Finish executing task 70 for agent 6 on time 1787683857.3456082 with plan ?iv('keys')
Added task 70, time: 1787683857.356649
Output for task 73: ?s('cat')==True{, time: 1787683857.37779
Output for task 69: g('cat'), time: 1787683857.3782659
Start executing task 73 for agent 18 on time 1787683857.3787754 with plan ?s('cat')==True{
Output for task 68: g('scissors'), time: 1787683857.3873436
Output for task 70: &iv('wallet'), time: 1787683857.4040632
Start executing task 70 for agent 6 on time 1787683857.4049976 with plan &iv('wallet')
Finish executing task 70 for agent 6 on time 1787683857.4063416 with plan &iv('wallet')
Added task 70, time: 1787683857.415687
Added task 73, time: 1787683857.4299164
Output for task 71: ?iv('toy')==True{, time: 1787683857.4501038
Output for task 73: g('cat'), time: 1787683857.4668894
Output for task 70: ->{l('Yes');, time: 1787683857.4754992
Start executing task 70 for agent 6 on time 1787683857.4763272 with plan ->{l('Yes');
Finish executing task 70 for agent 6 on time 1787683857.4775946 with plan ->{l('Yes');
Added task 70, time: 1787683857.47994
Added task 71, time: 1787683857.4949527
Output for task 71: g('toy')}, time: 1787683857.530858
Output for task 70: ->True}l('No');, time: 1787683857.5550914
Start executing task 70 for agent 6 on time 1787683857.5558438 with plan ->True}l('No');
Finish executing task 70 for agent 6 on time 1787683857.557119 with plan ->True}l('No');
Added task 70, time: 1787683857.559531
Added task 69, time: 1787683857.5745487
Output for task 69: };, time: 1787683857.5942059
Output for task 70: ->False, time: 1787683857.60254
Start executing task 70 for agent 6 on time 1787683857.6030674 with plan ->False
Finish executing task 70 for agent 6 on time 1787683857.603247 with plan ->False
Added task 68, time: 1787683857.6054578
Added task 73, time: 1787683857.6192625
Added task 71, time: 1787683857.632518
Output for task 73: };, time: 1787683857.6530561
Output for task 68: }->False, time: 1787683857.661809
Output for task 71: ->False, time: 1787683857.661883
Finish executing task 60 for agent 3 on time 1787683857.6646698 with plan tc(45)}
Start executing task 60 for agent 3 on time 1787683857.665074 with plan ->False;
Finish executing task 60 for agent 3 on time 1787683857.665312 with plan ->False;
Finish executing task 61 for agent 23 on time 1787683857.6654449 with plan tc(45)}
Start executing task 61 for agent 23 on time 1787683857.6658084 with plan ->False;
Finish executing task 61 for agent 23 on time 1787683857.6660676 with plan ->False;
Finish executing task 67 for agent 14 on time 1787683857.8472207 with plan tc(45)}
Start executing task 67 for agent 14 on time 1787683857.8475735 with plan ->False;
Finish executing task 67 for agent 14 on time 1787683857.847798 with plan ->False;
Finish executing task 64 for agent 11 on time 1787683857.848296 with plan tc(45)}
Start executing task 64 for agent 11 on time 1787683857.84866 with plan ->False;
Finish executing task 64 for agent 11 on time 1787683857.8489072 with plan ->False;
Finish executing task 66 for agent 2 on time 1787683857.8489985 with plan tc(45)}
Start executing task 66 for agent 2 on time 1787683857.8495579 with plan ->False;
Finish executing task 66 for agent 2 on time 1787683857.8498058 with plan ->False;
Finish executing task 68 for agent 12 on time 1787683858.8566725 with plan ?s('scissors')==True{
Start executing task 68 for agent 12 on time 1787683858.857134 with plan g('scissors')
Generating request from task 74, time: 1787683859.162421
Generating request from task 75, time: 1787683859.1629794
Generating request from task 76, time: 1787683859.1633663
Generating request from task 77, time: 1787683859.1637077
Generating request from task 78, time: 1787683859.1640816
Generating request from task 79, time: 1787683859.1649158
Generating request from task 80, time: 1787683859.1658885
Generating request from task 81, time: 1787683859.166873
Generating request from task 82, time: 1787683859.167884
Generating request from task 83, time: 1787683859.168873
Generating request from task 84, time: 1787683859.169869
Generating request from task 85, time: 1787683859.1708589
Generating request from task 86, time: 1787683859.171881
Generating request from task 87, time: 1787683859.1728935
Added task 74, time: 1787683859.1734443
Generating request from task 88, time: 1787683859.1739166
Added task 75, time: 1787683859.1998546
Output for task 74: tc(45);, time: 1787683859.2372413
Start executing task 74 for agent 25 on time 1787683859.238374 with plan tc(45);
Added task 77, time: 1787683859.2548773
Added task 80, time: 1787683859.2751358
Output for task 75: ?iv('boy')==True{, time: 1787683859.3042302
Start executing task 75 for agent 15 on time 1787683859.3053317 with plan ?iv('boy')==True{
Added task 88, time: 1787683859.322251
Output for task 77: tc(45);, time: 1787683859.322314
Output for task 80: tc(30);, time: 1787683859.3227813
Start executing task 77 for agent 17 on time 1787683859.3232746 with plan tc(45);
Start executing task 80 for agent 24 on time 1787683859.3236208 with plan tc(30);
Added task 87, time: 1787683859.3448658
Added task 86, time: 1787683859.366143
Added task 84, time: 1787683859.3872263
Added task 83, time: 1787683859.408045
Added task 80, time: 1787683859.4248183
Added task 74, time: 1787683859.4410346
Output for task 80: , time: 1787683859.441093
Added task 76, time: 1787683859.4604056
Output for task 74: , time: 1787683859.46049
Added task 77, time: 1787683859.4759665
Added task 78, time: 1787683859.494788
Output for task 77: , time: 1787683859.494855
Added task 79, time: 1787683859.5128047
Added task 81, time: 1787683859.5303483
Added task 82, time: 1787683859.5456781
Added task 85, time: 1787683859.5607736
Added task 75, time: 1787683859.5720828
Output for task 87: tc(45);, time: 1787683859.5721421
Output for task 84: tc(30);, time: 1787683859.572637
Start executing task 87 for agent 22 on time 1787683859.5733151 with plan tc(45);
Start executing task 84 for agent 9 on time 1787683859.5734959 with plan tc(30);
Added task 84, time: 1787683859.5867264
Added task 87, time: 1787683859.599698
Output for task 76: ?s('cat')==True{, time: 1787683859.6199293
Start executing task 76 for agent 21 on time 1787683859.620846 with plan ?s('cat')==True{
Added task 76, time: 1787683859.633434
Output for task 88: ?iv('boy')==True{, time: 1787683859.6443622
Output for task 86: ?iv('boy')==True{, time: 1787683859.6448333
Output for task 83: ?iv('boy')==True{, time: 1787683859.6452281
Start executing task 88 for agent 7 on time 1787683859.6453238 with plan ?iv('boy')==True{
Output for task 78: ?s('scissors')==True{, time: 1787683859.6456325
Start executing task 86 for agent 8 on time 1787683859.6458638 with plan ?iv('boy')==True{
Output for task 79: ?s('scissors')==True{, time: 1787683859.6461034
Output for task 82: mu(40);, time: 1787683859.6464803
Start executing task 83 for agent 1 on time 1787683859.6465864 with plan ?iv('boy')==True{
Start executing task 78 for agent 20 on time 1787683859.6471736 with plan ?s('scissors')==True{
Start executing task 79 for agent 4 on time 1787683859.647365 with plan ?s('scissors')==True{
Start executing task 82 for agent 0 on time 1787683859.6477392 with plan mu(40);
Added task 86, time: 1787683859.6632342
Output for task 84: , time: 1787683859.6750033
Output for task 87: , time: 1787683859.6869333
Output for task 81: ?s('scissors')==True{, time: 1787683859.738479
Output for task 75: tc(45)}, time: 1787683859.7391176
Start executing task 81 for agent 16 on time 1787683859.739427 with plan ?s('scissors')==True{
Output for task 76: g('cat'), time: 1787683859.7396183
Output for task 86: tc(45)}, time: 1787683859.7400832
Added task 83, time: 1787683859.7555037
Output for task 85: ?s('cat')==True{, time: 1787683859.755563
Start executing task 85 for agent 5 on time 1787683859.756516 with plan ?s('cat')==True{
Added task 88, time: 1787683859.774521
Added task 75, time: 1787683859.7921941
Finish executing task 72 for agent 19 on time 1787683859.793226 with plan tc(30);
Start executing task 72 for agent 19 on time 1787683859.7935448 with plan 
Finish executing task 72 for agent 19 on time 1787683859.7937288 with plan 
Output for task 83: tc(45)}, time: 1787683859.8298154
Output for task 88: tc(45)}, time: 1787683859.830386
Output for task 75: ->False;, time: 1787683859.8307953
Added task 86, time: 1787683859.8374329
Added task 83, time: 1787683859.8553596
Added task 88, time: 1787683859.8723087
Added task 78, time: 1787683859.8886418
Added task 79, time: 1787683859.904326
Added task 81, time: 1787683859.9197996
Finish executing task 71 for agent 10 on time 1787683859.9306111 with plan md(40);
Start executing task 71 for agent 10 on time 1787683859.9310138 with plan ?iv('toy')==True{
Finish executing task 71 for agent 10 on time 1787683859.932353 with plan ?iv('toy')==True{
Start executing task 71 for agent 10 on time 1787683859.9325366 with plan g('toy')}
Added task 85, time: 1787683859.934125
Added task 82, time: 1787683859.9477708
Added task 76, time: 1787683859.9607697
Output for task 86: ->False;, time: 1787683859.9906163
Output for task 83: ->False;, time: 1787683859.9906871
Output for task 88: ->False;, time: 1787683859.9907236
Output for task 85: g('cat'), time: 1787683859.990929
Added task 85, time: 1787683860.0046613
Output for task 78: g('scissors'), time: 1787683860.0267992
Output for task 79: g('scissors'), time: 1787683860.027317
Output for task 81: g('scissors'), time: 1787683860.0277264
Output for task 76: };, time: 1787683860.0281324
Output for task 85: };, time: 1787683860.0281749
Added task 78, time: 1787683860.0392144
Added task 79, time: 1787683860.0530317
Added task 81, time: 1787683860.0660925
Output for task 82: ?iv('book')==True{, time: 1787683860.0873454
Added task 82, time: 1787683860.0980918
Output for task 78: }->False, time: 1787683860.098149
Output for task 79: }->False, time: 1787683860.098187
Output for task 81: }->False, time: 1787683860.0982158
Output for task 82: tp()}, time: 1787683860.118893
Added task 82, time: 1787683860.120651
Output for task 82: ->False, time: 1787683860.14898
Finish executing task 69 for agent 13 on time 1787683861.0052102 with plan ?s('cat')==True{
Start executing task 69 for agent 13 on time 1787683861.00559 with plan g('cat')
Finish executing task 73 for agent 18 on time 1787683861.0961456 with plan ?s('cat')==True{
Start executing task 73 for agent 18 on time 1787683861.0965617 with plan g('cat')
Finish executing task 78 for agent 20 on time 1787683861.2056077 with plan ?s('scissors')==True{
Finish executing task 79 for agent 4 on time 1787683861.2058065 with plan ?s('scissors')==True{
Start executing task 78 for agent 20 on time 1787683861.2061365 with plan g('scissors')
Start executing task 79 for agent 4 on time 1787683861.20642 with plan g('scissors')
Finish executing task 81 for agent 16 on time 1787683861.297718 with plan ?s('scissors')==True{
Start executing task 81 for agent 16 on time 1787683861.298068 with plan g('scissors')
Finish executing task 68 for agent 12 on time 1787683861.3212116 with plan g('scissors')
Start executing task 68 for agent 12 on time 1787683861.321586 with plan }->False
Finish executing task 68 for agent 12 on time 1787683861.3218155 with plan }->False
Finish executing task 74 for agent 25 on time 1787683861.3495393 with plan tc(45);
Start executing task 74 for agent 25 on time 1787683861.3499238 with plan 
Finish executing task 74 for agent 25 on time 1787683861.3501327 with plan 
Finish executing task 77 for agent 17 on time 1787683861.4333208 with plan tc(45);
Start executing task 77 for agent 17 on time 1787683861.4337013 with plan 
Finish executing task 77 for agent 17 on time 1787683861.4339435 with plan 
Finish executing task 87 for agent 22 on time 1787683861.68386 with plan tc(45);
Start executing task 87 for agent 22 on time 1787683861.6842327 with plan 
Finish executing task 87 for agent 22 on time 1787683861.6844323 with plan 
Finish executing task 80 for agent 24 on time 1787683861.9128597 with plan tc(30);
Start executing task 80 for agent 24 on time 1787683861.9132824 with plan 
Finish executing task 80 for agent 24 on time 1787683861.9134889 with plan 
Finish executing task 82 for agent 0 on time 1787683862.150471 with plan mu(40);
Start executing task 82 for agent 0 on time 1787683862.1509445 with plan ?iv('book')==True{
Finish executing task 82 for agent 0 on time 1787683862.1522975 with plan ?iv('book')==True{
Start executing task 82 for agent 0 on time 1787683862.1524804 with plan tp()}
Finish executing task 82 for agent 0 on time 1787683862.1537423 with plan tp()}
Start executing task 82 for agent 0 on time 1787683862.1538866 with plan ->False
Finish executing task 82 for agent 0 on time 1787683862.154052 with plan ->False
Finish executing task 84 for agent 9 on time 1787683862.1633625 with plan tc(30);
Start executing task 84 for agent 9 on time 1787683862.1637793 with plan 
Finish executing task 84 for agent 9 on time 1787683862.1639986 with plan 
Finish executing task 75 for agent 15 on time 1787683862.308771 with plan ?iv('boy')==True{
Start executing task 75 for agent 15 on time 1787683862.309186 with plan tc(45)}
Finish executing task 71 for agent 10 on time 1787683862.6418638 with plan g('toy')}
Start executing task 71 for agent 10 on time 1787683862.6422548 with plan ->False
Finish executing task 71 for agent 10 on time 1787683862.6424875 with plan ->False
Finish executing task 88 for agent 7 on time 1787683862.6487408 with plan ?iv('boy')==True{
Start executing task 88 for agent 7 on time 1787683862.6491358 with plan tc(45)}
Finish executing task 86 for agent 8 on time 1787683862.6494918 with plan ?iv('boy')==True{
Start executing task 86 for agent 8 on time 1787683862.6497662 with plan tc(45)}
Finish executing task 83 for agent 1 on time 1787683862.6502075 with plan ?iv('boy')==True{
Start executing task 83 for agent 1 on time 1787683862.6507037 with plan tc(45)}
Finish executing task 76 for agent 21 on time 1787683863.3381748 with plan ?s('cat')==True{
Start executing task 76 for agent 21 on time 1787683863.338579 with plan g('cat')
Finish executing task 69 for agent 13 on time 1787683863.469707 with plan g('cat')
Start executing task 69 for agent 13 on time 1787683863.470134 with plan };
Finish executing task 69 for agent 13 on time 1787683863.4703608 with plan };
Finish executing task 85 for agent 5 on time 1787683863.4738367 with plan ?s('cat')==True{
Start executing task 85 for agent 5 on time 1787683863.4741952 with plan g('cat')
Finish executing task 73 for agent 18 on time 1787683863.5606782 with plan g('cat')
Start executing task 73 for agent 18 on time 1787683863.5610662 with plan };
Finish executing task 73 for agent 18 on time 1787683863.5612862 with plan };
Finish executing task 78 for agent 20 on time 1787683863.6704922 with plan g('scissors')
Finish executing task 79 for agent 4 on time 1787683863.670687 with plan g('scissors')
Start executing task 78 for agent 20 on time 1787683863.6710258 with plan }->False
Start executing task 79 for agent 4 on time 1787683863.6714263 with plan }->False
Finish executing task 78 for agent 20 on time 1787683863.6716821 with plan }->False
Finish executing task 79 for agent 4 on time 1787683863.6719275 with plan }->False
Finish executing task 81 for agent 16 on time 1787683863.7620957 with plan g('scissors')
Start executing task 81 for agent 16 on time 1787683863.7624805 with plan }->False
Finish executing task 81 for agent 16 on time 1787683863.7627099 with plan }->False
Finish executing task 75 for agent 15 on time 1787683864.2891665 with plan tc(45)}
Start executing task 75 for agent 15 on time 1787683864.289553 with plan ->False;
Finish executing task 75 for agent 15 on time 1787683864.289783 with plan ->False;
Finish executing task 88 for agent 7 on time 1787683864.6291082 with plan tc(45)}
Start executing task 88 for agent 7 on time 1787683864.629473 with plan ->False;
Finish executing task 88 for agent 7 on time 1787683864.6297007 with plan ->False;
Finish executing task 86 for agent 8 on time 1787683864.6298866 with plan tc(45)}
Start executing task 86 for agent 8 on time 1787683864.630224 with plan ->False;
Finish executing task 86 for agent 8 on time 1787683864.6304555 with plan ->False;
Finish executing task 83 for agent 1 on time 1787683864.630727 with plan tc(45)}
Start executing task 83 for agent 1 on time 1787683864.631223 with plan ->False;
Finish executing task 83 for agent 1 on time 1787683864.631459 with plan ->False;
Finish executing task 76 for agent 21 on time 1787683865.8026683 with plan g('cat')
Start executing task 76 for agent 21 on time 1787683865.8030927 with plan };
Finish executing task 76 for agent 21 on time 1787683865.8033102 with plan };
Finish executing task 85 for agent 5 on time 1787683865.9382455 with plan g('cat')
Start executing task 85 for agent 5 on time 1787683865.9386477 with plan };
Finish executing task 85 for agent 5 on time 1787683865.9389136 with plan };
Generating request from task 89, time: 1787683877.9172966
Generating request from task 90, time: 1787683877.9179864
Generating request from task 91, time: 1787683877.9184287
Generating request from task 92, time: 1787683877.9187758
Generating request from task 93, time: 1787683877.919117
Generating request from task 94, time: 1787683877.919433
Generating request from task 95, time: 1787683877.919753
Generating request from task 96, time: 1787683877.9200726
Generating request from task 97, time: 1787683877.920397
Generating request from task 98, time: 1787683877.9207132
Generating request from task 99, time: 1787683877.9210398
Generating request from task 100, time: 1787683877.9213622
Generating request from task 101, time: 1787683877.9216485
Generating request from task 102, time: 1787683877.9219809
Generating request from task 103, time: 1787683877.922286
Added task 89, time: 1787683877.9297202
Added task 94, time: 1787683877.967166
Output for task 94: tc(30);, time: 1787683878.0102787
Start executing task 94 for agent 14 on time 1787683878.011455 with plan tc(30);
Output for task 89: ?iv('boy')==True{, time: 1787683878.0351663
Start executing task 89 for agent 6 on time 1787683878.0362146 with plan ?iv('boy')==True{
Added task 103, time: 1787683878.0473268
Added task 97, time: 1787683878.0706441
Added task 89, time: 1787683878.0878978
Added task 94, time: 1787683878.1044536
Output for task 94: , time: 1787683878.116179
Output for task 103: tc(30);, time: 1787683878.1423101
Output for task 97: tc(30);, time: 1787683878.142889
Output for task 89: tc(45)}, time: 1787683878.1432986
Start executing task 103 for agent 17 on time 1787683878.1432662 with plan tc(30);
Start executing task 97 for agent 0 on time 1787683878.144417 with plan tc(30);
Added task 103, time: 1787683878.149771
Added task 97, time: 1787683878.1670449
Output for task 103: , time: 1787683878.1671047
Added task 90, time: 1787683878.1872911
Output for task 97: , time: 1787683878.1873753
Added task 91, time: 1787683878.2071588
Added task 92, time: 1787683878.226394
Added task 93, time: 1787683878.2453873
Added task 95, time: 1787683878.264549
Added task 96, time: 1787683878.2829378
Added task 98, time: 1787683878.3011854
Added task 99, time: 1787683878.3190248
Added task 100, time: 1787683878.3366215
Added task 101, time: 1787683878.3520448
Added task 102, time: 1787683878.367358
Added task 89, time: 1787683878.3784802
Output for task 91: md(40);, time: 1787683878.3785415
Start executing task 91 for agent 23 on time 1787683878.3794298 with plan md(40);
Added task 91, time: 1787683878.3919568
Output for task 92: ?s('cat')==True{, time: 1787683878.4128733
Output for task 93: ?s('cat')==True{, time: 1787683878.4133382
Output for task 95: ?s('cat')==True{, time: 1787683878.4137738
Start executing task 92 for agent 11 on time 1787683878.41388 with plan ?s('cat')==True{
Output for task 96: ?s('cat')==True{, time: 1787683878.4141707
Output for task 99: ?s('cat')==True{, time: 1787683878.4145296
Start executing task 93 for agent 2 on time 1787683878.414422 with plan ?s('cat')==True{
Start executing task 95 for agent 12 on time 1787683878.415091 with plan ?s('cat')==True{
Start executing task 96 for agent 19 on time 1787683878.4152832 with plan ?s('cat')==True{
Start executing task 99 for agent 20 on time 1787683878.4156609 with plan ?s('cat')==True{
Added task 92, time: 1787683878.4305067
Output for task 90: ?s('scissors')==True{, time: 1787683878.4865482
Output for task 98: ?s('scissors')==True{, time: 1787683878.4872005
Start executing task 90 for agent 3 on time 1787683878.4876351 with plan ?s('scissors')==True{
Start executing task 98 for agent 10 on time 1787683878.4880633 with plan ?s('scissors')==True{
Output for task 89: ->False;, time: 1787683878.506922
Output for task 92: g('cat'), time: 1787683878.506996
Added task 96, time: 1787683878.5216117
Output for task 100: ?s('scissors')==True{, time: 1787683878.5216722
Start executing task 100 for agent 4 on time 1787683878.5225103 with plan ?s('scissors')==True{
Added task 95, time: 1787683878.5390286
Added task 93, time: 1787683878.5553956
Added task 99, time: 1787683878.5711083
Added task 90, time: 1787683878.5861366
Added task 98, time: 1787683878.6006825
Added task 100, time: 1787683878.6130505
Output for task 101: ?s('cat')==True{, time: 1787683878.6131084
Start executing task 101 for agent 16 on time 1787683878.61384 with plan ?s('cat')==True{
Added task 101, time: 1787683878.6272123
Added task 92, time: 1787683878.63868
Output for task 102: ?s('scissors')==True{, time: 1787683878.6387377
Output for task 91: ?iv('toy')==True{, time: 1787683878.6392097
Start executing task 102 for agent 25 on time 1787683878.639555 with plan ?s('scissors')==True{
Added task 102, time: 1787683878.6532588
Added task 91, time: 1787683878.666187
Output for task 96: g('cat'), time: 1787683878.6767392
Output for task 95: g('cat'), time: 1787683878.6772208
Output for task 93: g('cat'), time: 1787683878.677608
Output for task 99: g('cat'), time: 1787683878.6780038
Added task 95, time: 1787683878.6934028
Added task 93, time: 1787683878.7077773
Added task 96, time: 1787683878.7215998
Added task 99, time: 1787683878.734658
Output for task 90: g('scissors'), time: 1787683878.7455242
Output for task 92: };, time: 1787683878.746055
Output for task 95: };, time: 1787683878.7461045
Added task 90, time: 1787683878.759474
Output for task 98: g('scissors'), time: 1787683878.793532
Output for task 101: g('cat'), time: 1787683878.7940388
Output for task 93: };, time: 1787683878.794465
Output for task 96: };, time: 1787683878.7945068
Output for task 99: };, time: 1787683878.7945378
Added task 98, time: 1787683878.8089752
Added task 101, time: 1787683878.8223214
Output for task 100: g('scissors'), time: 1787683878.8443928
Output for task 91: g('toy')}, time: 1787683878.8449075
Output for task 101: };, time: 1787683878.845306
Added task 100, time: 1787683878.8566704
Output for task 102: g('scissors'), time: 1787683878.8567452
Output for task 90: }->False, time: 1787683878.8572104
Output for task 98: }->False, time: 1787683878.8572533
Added task 102, time: 1787683878.871973
Added task 91, time: 1787683878.8853536
Output for task 100: }->False, time: 1787683878.915792
Output for task 102: }->False, time: 1787683878.915877
Output for task 91: ->False, time: 1787683878.915914
Finish executing task 90 for agent 3 on time 1787683880.045932 with plan ?s('scissors')==True{
Finish executing task 98 for agent 10 on time 1787683880.046242 with plan ?s('scissors')==True{
Start executing task 90 for agent 3 on time 1787683880.046546 with plan g('scissors')
Start executing task 98 for agent 10 on time 1787683880.0468202 with plan g('scissors')
Finish executing task 100 for agent 4 on time 1787683880.0807965 with plan ?s('scissors')==True{
Start executing task 100 for agent 4 on time 1787683880.0811062 with plan g('scissors')
Finish executing task 102 for agent 25 on time 1787683880.1978807 with plan ?s('scissors')==True{
Start executing task 102 for agent 25 on time 1787683880.198235 with plan g('scissors')
Finish executing task 94 for agent 14 on time 1787683880.601132 with plan tc(30);
Start executing task 94 for agent 14 on time 1787683880.6014946 with plan 
Finish executing task 94 for agent 14 on time 1787683880.6016915 with plan 
Finish executing task 103 for agent 17 on time 1787683880.7331102 with plan tc(30);
Start executing task 103 for agent 17 on time 1787683880.7334852 with plan 
Finish executing task 103 for agent 17 on time 1787683880.7336903 with plan 
Finish executing task 97 for agent 0 on time 1787683880.7341497 with plan tc(30);
Start executing task 97 for agent 0 on time 1787683880.7346616 with plan 
Finish executing task 97 for agent 0 on time 1787683880.734924 with plan 
Finish executing task 91 for agent 23 on time 1787683880.976887 with plan md(40);
Start executing task 91 for agent 23 on time 1787683880.9772692 with plan ?iv('toy')==True{
Finish executing task 91 for agent 23 on time 1787683880.9786086 with plan ?iv('toy')==True{
Start executing task 91 for agent 23 on time 1787683880.9788046 with plan g('toy')}
Finish executing task 89 for agent 6 on time 1787683881.0395727 with plan ?iv('boy')==True{
Start executing task 89 for agent 6 on time 1787683881.0398753 with plan tc(45)}
Generating request from task 104, time: 1787683882.129677
Generating request from task 105, time: 1787683882.1303117
Generating request from task 106, time: 1787683882.1307416
Generating request from task 107, time: 1787683882.1311312
Finish executing task 92 for agent 11 on time 1787683882.131226 with plan ?s('cat')==True{
Generating request from task 108, time: 1787683882.1314769
Start executing task 92 for agent 11 on time 1787683882.1315546 with plan g('cat')
Generating request from task 109, time: 1787683882.1317856
Finish executing task 93 for agent 2 on time 1787683882.1319036 with plan ?s('cat')==True{
Generating request from task 110, time: 1787683882.1321146
Start executing task 93 for agent 2 on time 1787683882.1323898 with plan g('cat')
Generating request from task 111, time: 1787683882.1324406
Finish executing task 95 for agent 12 on time 1787683882.13269 with plan ?s('cat')==True{
Generating request from task 112, time: 1787683882.132959
Start executing task 95 for agent 12 on time 1787683882.1331358 with plan g('cat')
Finish executing task 96 for agent 19 on time 1787683882.133416 with plan ?s('cat')==True{
Generating request from task 113, time: 1787683882.13395
Finish executing task 99 for agent 20 on time 1787683882.1336203 with plan ?s('cat')==True{
Start executing task 96 for agent 19 on time 1787683882.1339674 with plan g('cat')
Start executing task 99 for agent 20 on time 1787683882.1342845 with plan g('cat')
Generating request from task 114, time: 1787683882.1349444
Generating request from task 115, time: 1787683882.1359432
Generating request from task 116, time: 1787683882.136937
Generating request from task 117, time: 1787683882.1379468
Added task 104, time: 1787683882.1428206
Added task 105, time: 1787683882.181281
Added task 110, time: 1787683882.211454
Output for task 104: md(40);, time: 1787683882.253653
Output for task 110: tc(45);, time: 1787683882.2542357
Start executing task 104 for agent 22 on time 1787683882.2546775 with plan md(40);
Start executing task 110 for agent 7 on time 1787683882.2551026 with plan tc(45);
Output for task 105: ?iv('boy')==True{, time: 1787683882.2784126
Start executing task 105 for agent 24 on time 1787683882.2794266 with plan ?iv('boy')==True{
Added task 115, time: 1787683882.2887318
Added task 113, time: 1787683882.3100266
Finish executing task 101 for agent 16 on time 1787683882.32779 with plan ?s('cat')==True{
Start executing task 101 for agent 16 on time 1787683882.3281724 with plan g('cat')
Added task 111, time: 1787683882.3305864
Added task 105, time: 1787683882.3472788
Added task 110, time: 1787683882.3633564
Output for task 110: , time: 1787683882.375082
Output for task 111: tc(45);, time: 1787683882.4012258
Output for task 105: tc(45)}, time: 1787683882.4017825
Start executing task 111 for agent 13 on time 1787683882.4021225 with plan tc(45);
Output for task 115: ?iv('boy')==True{, time: 1787683882.4269187
Output for task 113: ?iv('boy')==True{, time: 1787683882.4279375
Start executing task 113 for agent 21 on time 1787683882.4285288 with plan ?iv('boy')==True{
Start executing task 115 for agent 26 on time 1787683882.4288204 with plan ?iv('boy')==True{
Added task 113, time: 1787683882.4348185
Added task 115, time: 1787683882.452232
Added task 106, time: 1787683882.4728348
Output for task 113: tc(45)}, time: 1787683882.5102
Output for task 115: tc(45)}, time: 1787683882.5106845
Finish executing task 90 for agent 3 on time 1787683882.5109532 with plan g('scissors')
Start executing task 90 for agent 3 on time 1787683882.511297 with plan }->False
Finish executing task 90 for agent 3 on time 1787683882.511522 with plan }->False
Finish executing task 98 for agent 10 on time 1787683882.5116482 with plan g('scissors')
Start executing task 98 for agent 10 on time 1787683882.5119607 with plan }->False
Finish executing task 98 for agent 10 on time 1787683882.51219 with plan }->False
Added task 107, time: 1787683882.5286636
Finish executing task 100 for agent 4 on time 1787683882.5451584 with plan g('scissors')
Start executing task 100 for agent 4 on time 1787683882.5455163 with plan }->False
Finish executing task 100 for agent 4 on time 1787683882.5457635 with plan }->False
Added task 108, time: 1787683882.5496702
Added task 109, time: 1787683882.570386
Added task 112, time: 1787683882.591159
Added task 114, time: 1787683882.6111915
Added task 116, time: 1787683882.6311069
Added task 117, time: 1787683882.6508584
Finish executing task 102 for agent 25 on time 1787683882.662333 with plan g('scissors')
Start executing task 102 for agent 25 on time 1787683882.6626823 with plan }->False
Finish executing task 102 for agent 25 on time 1787683882.6629603 with plan }->False
Added task 111, time: 1787683882.666439
Added task 105, time: 1787683882.679545
Output for task 106: ?s('scissors')==True{, time: 1787683882.6897984
Start executing task 106 for agent 9 on time 1787683882.6907184 with plan ?s('scissors')==True{
Added task 113, time: 1787683882.705461
Output for task 111: , time: 1787683882.7055204
Output for task 107: mu(40);, time: 1787683882.7274253
Output for task 108: md(40);, time: 1787683882.7279813
Output for task 109: md(40);, time: 1787683882.7283993
Start executing task 107 for agent 15 on time 1787683882.7285182 with plan mu(40);
Output for task 116: md(40);, time: 1787683882.728856
Start executing task 108 for agent 1 on time 1787683882.729048 with plan md(40);
Output for task 117: mu(40);, time: 1787683882.7295382
Start executing task 109 for agent 8 on time 1787683882.729296 with plan md(40);
Start executing task 116 for agent 27 on time 1787683882.730752 with plan md(40);
Start executing task 117 for agent 28 on time 1787683882.7309575 with plan mu(40);
Added task 115, time: 1787683882.7479074
Added task 106, time: 1787683882.7648504
Added task 104, time: 1787683882.7811046
Added task 107, time: 1787683882.7967107
Output for task 112: ?iv('keys'), time: 1787683882.8187177
Output for task 114: ?iv('keys'), time: 1787683882.8192868
Start executing task 112 for agent 18 on time 1787683882.819683 with plan ?iv('keys')
Start executing task 114 for agent 5 on time 1787683882.8200812 with plan ?iv('keys')
Finish executing task 112 for agent 18 on time 1787683882.8210971 with plan ?iv('keys')
Finish executing task 114 for agent 5 on time 1787683882.8214965 with plan ?iv('keys')
Added task 114, time: 1787683882.8337436
Output for task 105: ->False;, time: 1787683882.8338032
Added task 112, time: 1787683882.8493972
Added task 109, time: 1787683882.8642163
Output for task 113: ->False;, time: 1787683882.8857744
Output for task 115: ->False;, time: 1787683882.8858557
Output for task 106: g('scissors'), time: 1787683882.8958714
Output for task 104: ?iv('toy')==True{, time: 1787683882.9153962
Output for task 107: ?iv('book')==True{, time: 1787683882.9159007
Output for task 114: &iv('wallet'), time: 1787683882.916295
Output for task 112: &iv('wallet'), time: 1787683882.9166658
Start executing task 114 for agent 5 on time 1787683882.9169521 with plan &iv('wallet')
Start executing task 112 for agent 18 on time 1787683882.9172518 with plan &iv('wallet')
Finish executing task 114 for agent 5 on time 1787683882.9182792 with plan &iv('wallet')
Finish executing task 112 for agent 18 on time 1787683882.918527 with plan &iv('wallet')
Added task 112, time: 1787683882.930943
Added task 114, time: 1787683882.9479342
Added task 104, time: 1787683882.9644492
Output for task 109: ?iv('toy')==True{, time: 1787683882.98528
Output for task 104: g('toy')}, time: 1787683883.0031288
Output for task 112: ->{l('Yes');, time: 1787683883.012165
Output for task 114: ->{l('Yes');, time: 1787683883.0126407
Start executing task 112 for agent 18 on time 1787683883.013025 with plan ->{l('Yes');
Start executing task 114 for agent 5 on time 1787683883.013376 with plan ->{l('Yes');
Finish executing task 112 for agent 18 on time 1787683883.0143964 with plan ->{l('Yes');
Finish executing task 114 for agent 5 on time 1787683883.0147054 with plan ->{l('Yes');
Added task 114, time: 1787683883.0194972
Finish executing task 89 for agent 6 on time 1787683883.0198565 with plan tc(45)}
Start executing task 89 for agent 6 on time 1787683883.0202537 with plan ->False;
Finish executing task 89 for agent 6 on time 1787683883.0204823 with plan ->False;
Added task 112, time: 1787683883.037041
Added task 107, time: 1787683883.054272
Output for task 107: tp()}, time: 1787683883.0747046
Output for task 114: ->True}l('No');, time: 1787683883.1160107
Output for task 112: ->True}l('No');, time: 1787683883.1164942
Start executing task 114 for agent 5 on time 1787683883.1168709 with plan ->True}l('No');
Start executing task 112 for agent 18 on time 1787683883.1172118 with plan ->True}l('No');
Finish executing task 114 for agent 5 on time 1787683883.118194 with plan ->True}l('No');
Finish executing task 112 for agent 18 on time 1787683883.1185486 with plan ->True}l('No');
Added task 112, time: 1787683883.1245873
Added task 114, time: 1787683883.147037
Added task 108, time: 1787683883.1688018
Output for task 112: ->False, time: 1787683883.2022452
Output for task 114: ->False, time: 1787683883.2023222
Start executing task 112 for agent 18 on time 1787683883.2030272 with plan ->False
Finish executing task 112 for agent 18 on time 1787683883.2032423 with plan ->False
Start executing task 114 for agent 5 on time 1787683883.2033713 with plan ->False
Finish executing task 114 for agent 5 on time 1787683883.2035992 with plan ->False
Added task 107, time: 1787683883.2158298
Added task 109, time: 1787683883.2360218
Added task 116, time: 1787683883.2556827
Added task 117, time: 1787683883.2744784
Added task 106, time: 1787683883.292495
Added task 104, time: 1787683883.3096795
Output for task 107: ->False, time: 1787683883.3435454
Output for task 106: }->False, time: 1787683883.3436196
Output for task 104: ->False, time: 1787683883.3436565
Output for task 108: ?iv('toy')==True{, time: 1787683883.3532727
Output for task 109: g('toy')}, time: 1787683883.3537343
Added task 108, time: 1787683883.3644178
Added task 109, time: 1787683883.3775127
Output for task 116: ?iv('toy')==True{, time: 1787683883.407512
Output for task 117: ?iv('book')==True{, time: 1787683883.4079783
Output for task 109: ->False, time: 1787683883.4083736
Added task 116, time: 1787683883.418768
Output for task 108: g('toy')}, time: 1787683883.4188497
Added task 117, time: 1787683883.4330156
Added task 108, time: 1787683883.4460342
Output for task 117: tp()}, time: 1787683883.4670515
Added task 117, time: 1787683883.4770653
Output for task 108: ->False, time: 1787683883.4771247
Output for task 116: g('toy')}, time: 1787683883.4976115
Added task 116, time: 1787683883.5075111
Output for task 117: ->False, time: 1787683883.5075696
Output for task 116: ->False, time: 1787683883.5358183
Finish executing task 91 for agent 23 on time 1787683883.6878572 with plan g('toy')}
Start executing task 91 for agent 23 on time 1787683883.6881049 with plan ->False
Finish executing task 91 for agent 23 on time 1787683883.688304 with plan ->False
Finish executing task 106 for agent 9 on time 1787683884.248946 with plan ?s('scissors')==True{
Start executing task 106 for agent 9 on time 1787683884.2492914 with plan g('scissors')
Finish executing task 110 for agent 7 on time 1787683884.366197 with plan tc(45);
Start executing task 110 for agent 7 on time 1787683884.3665462 with plan 
Finish executing task 110 for agent 7 on time 1787683884.3667548 with plan 
Finish executing task 111 for agent 13 on time 1787683884.5130093 with plan tc(45);
Start executing task 111 for agent 13 on time 1787683884.5133333 with plan 
Finish executing task 111 for agent 13 on time 1787683884.5135257 with plan 
Finish executing task 92 for agent 11 on time 1787683884.5955975 with plan g('cat')
Start executing task 92 for agent 11 on time 1787683884.5959315 with plan };
Finish executing task 92 for agent 11 on time 1787683884.5961523 with plan };
Finish executing task 93 for agent 2 on time 1787683884.596471 with plan g('cat')
Start executing task 93 for agent 2 on time 1787683884.5969388 with plan };
Finish executing task 93 for agent 2 on time 1787683884.5971797 with plan };
Finish executing task 95 for agent 12 on time 1787683884.5973225 with plan g('cat')
Start executing task 95 for agent 12 on time 1787683884.5977464 with plan };
Finish executing task 96 for agent 19 on time 1787683884.5978525 with plan g('cat')
Finish executing task 99 for agent 20 on time 1787683884.5980148 with plan g('cat')
Finish executing task 95 for agent 12 on time 1787683884.5983233 with plan };
Start executing task 96 for agent 19 on time 1787683884.59861 with plan };
Start executing task 99 for agent 20 on time 1787683884.5989354 with plan };
Finish executing task 96 for agent 19 on time 1787683884.599288 with plan };
Finish executing task 99 for agent 20 on time 1787683884.5995226 with plan };
Finish executing task 101 for agent 16 on time 1787683884.7922206 with plan g('cat')
Start executing task 101 for agent 16 on time 1787683884.7926013 with plan };
Finish executing task 101 for agent 16 on time 1787683884.7928202 with plan };
Finish executing task 104 for agent 22 on time 1787683884.8514519 with plan md(40);
Start executing task 104 for agent 22 on time 1787683884.851844 with plan ?iv('toy')==True{
Finish executing task 104 for agent 22 on time 1787683884.8531852 with plan ?iv('toy')==True{
Start executing task 104 for agent 22 on time 1787683884.8533685 with plan g('toy')}
Finish executing task 107 for agent 15 on time 1787683885.231037 with plan mu(40);
Start executing task 107 for agent 15 on time 1787683885.231406 with plan ?iv('book')==True{
Finish executing task 107 for agent 15 on time 1787683885.2327328 with plan ?iv('book')==True{
Start executing task 107 for agent 15 on time 1787683885.232929 with plan tp()}
Finish executing task 117 for agent 28 on time 1787683885.2334971 with plan mu(40);
Start executing task 117 for agent 28 on time 1787683885.234 with plan ?iv('book')==True{
Finish executing task 107 for agent 15 on time 1787683885.2343025 with plan tp()}
Start executing task 107 for agent 15 on time 1787683885.234468 with plan ->False
Finish executing task 107 for agent 15 on time 1787683885.234635 with plan ->False
Finish executing task 117 for agent 28 on time 1787683885.2353556 with plan ?iv('book')==True{
Start executing task 117 for agent 28 on time 1787683885.2355611 with plan tp()}
Finish executing task 117 for agent 28 on time 1787683885.2368128 with plan tp()}
Start executing task 117 for agent 28 on time 1787683885.2369707 with plan ->False
Finish executing task 117 for agent 28 on time 1787683885.2371354 with plan ->False
Finish executing task 105 for agent 24 on time 1787683885.281854 with plan ?iv('boy')==True{
Start executing task 105 for agent 24 on time 1787683885.2822146 with plan tc(45)}
Finish executing task 108 for agent 1 on time 1787683885.3241546 with plan md(40);
Start executing task 108 for agent 1 on time 1787683885.3246696 with plan ?iv('toy')==True{
Finish executing task 108 for agent 1 on time 1787683885.3260386 with plan ?iv('toy')==True{
Start executing task 108 for agent 1 on time 1787683885.3262103 with plan g('toy')}
Finish executing task 109 for agent 8 on time 1787683885.3270528 with plan md(40);
Start executing task 109 for agent 8 on time 1787683885.3273978 with plan ?iv('toy')==True{
Finish executing task 116 for agent 27 on time 1787683885.3282673 with plan md(40);
Start executing task 116 for agent 27 on time 1787683885.3285584 with plan ?iv('toy')==True{
Finish executing task 109 for agent 8 on time 1787683885.3288074 with plan ?iv('toy')==True{
Start executing task 109 for agent 8 on time 1787683885.329002 with plan g('toy')}
Finish executing task 116 for agent 27 on time 1787683885.3298433 with plan ?iv('toy')==True{
Start executing task 116 for agent 27 on time 1787683885.3300307 with plan g('toy')}
Finish executing task 113 for agent 21 on time 1787683885.4317074 with plan ?iv('boy')==True{
Finish executing task 115 for agent 26 on time 1787683885.4319348 with plan ?iv('boy')==True{
Start executing task 113 for agent 21 on time 1787683885.432224 with plan tc(45)}
Start executing task 115 for agent 26 on time 1787683885.4324708 with plan tc(45)}
Generating request from task 118, time: 1787683886.1687267
Generating request from task 119, time: 1787683886.1693304
Generating request from task 120, time: 1787683886.1697454
Generating request from task 121, time: 1787683886.170144
Generating request from task 122, time: 1787683886.1705456
Generating request from task 123, time: 1787683886.1709125
Generating request from task 124, time: 1787683886.1712565
Generating request from task 125, time: 1787683886.1716113
Generating request from task 126, time: 1787683886.1722758
Generating request from task 127, time: 1787683886.1733649
Generating request from task 128, time: 1787683886.174247
Generating request from task 129, time: 1787683886.1751866
Generating request from task 130, time: 1787683886.176268
Generating request from task 131, time: 1787683886.1772454
Generating request from task 132, time: 1787683886.1782792
Generating request from task 133, time: 1787683886.179262
Added task 122, time: 1787683886.188193
Added task 123, time: 1787683886.2287989
Output for task 122: tc(45);, time: 1787683886.2748547
Start executing task 122 for agent 18 on time 1787683886.2757547 with plan tc(45);
Output for task 123: ?iv('boy')==True{, time: 1787683886.299418
Start executing task 123 for agent 5 on time 1787683886.3003957 with plan ?iv('boy')==True{
Added task 123, time: 1787683886.3067424
Added task 122, time: 1787683886.3253927
Output for task 122: , time: 1787683886.3376722
Output for task 123: tc(45)}, time: 1787683886.3614793
Added task 118, time: 1787683886.3711324
Added task 119, time: 1787683886.3914697
Added task 120, time: 1787683886.411649
Added task 121, time: 1787683886.431454
Added task 124, time: 1787683886.451007
Added task 125, time: 1787683886.4703333
Added task 126, time: 1787683886.4897847
Added task 127, time: 1787683886.5084913
Added task 128, time: 1787683886.526858
Added task 129, time: 1787683886.5431552
Added task 130, time: 1787683886.559238
Added task 131, time: 1787683886.5757134
Output for task 118: md(40);, time: 1787683886.5757751
Output for task 119: md(40);, time: 1787683886.5762446
Output for task 120: mu(40);, time: 1787683886.5766408
Start executing task 118 for agent 3 on time 1787683886.5766351 with plan md(40);
Output for task 121: md(40);, time: 1787683886.5772076
Start executing task 119 for agent 10 on time 1787683886.5771527 with plan md(40);
Output for task 124: md(40);, time: 1787683886.5776217
Start executing task 120 for agent 4 on time 1787683886.5776756 with plan mu(40);
Output for task 125: mu(40);, time: 1787683886.5780065
Start executing task 121 for agent 25 on time 1787683886.578145 with plan md(40);
Start executing task 124 for agent 14 on time 1787683886.5787356 with plan md(40);
Start executing task 125 for agent 0 on time 1787683886.5794778 with plan mu(40);
Added task 132, time: 1787683886.6000693
Added task 133, time: 1787683886.621205
Output for task 126: ?iv('keys'), time: 1787683886.6773329
Output for task 127: ?iv('keys'), time: 1787683886.677837
Start executing task 126 for agent 17 on time 1787683886.6782742 with plan ?iv('keys')
Start executing task 127 for agent 6 on time 1787683886.678709 with plan ?iv('keys')
Finish executing task 126 for agent 17 on time 1787683886.6797655 with plan ?iv('keys')
Finish executing task 127 for agent 6 on time 1787683886.680185 with plan ?iv('keys')
Output for task 130: md(40);, time: 1787683886.697499
Output for task 132: md(40);, time: 1787683886.6980314
Start executing task 130 for agent 28 on time 1787683886.6984344 with plan md(40);
Start executing task 132 for agent 30 on time 1787683886.699721 with plan md(40);
Finish executing task 106 for agent 9 on time 1787683886.7133362 with plan g('scissors')
Start executing task 106 for agent 9 on time 1787683886.7136376 with plan }->False
Finish executing task 106 for agent 9 on time 1787683886.713889 with plan }->False
Added task 127, time: 1787683886.7158136
Output for task 129: ?iv('keys'), time: 1787683886.7158806
Start executing task 129 for agent 15 on time 1787683886.7166414 with plan ?iv('keys')
Finish executing task 129 for agent 15 on time 1787683886.7180889 with plan ?iv('keys')
Added task 129, time: 1787683886.7357821
Added task 123, time: 1787683886.754415
Added task 126, time: 1787683886.7725751
Added task 120, time: 1787683886.7899466
Output for task 128: ?s('cat')==True{, time: 1787683886.8120558
Output for task 131: ?s('cat')==True{, time: 1787683886.812603
Start executing task 128 for agent 23 on time 1787683886.8128965 with plan ?s('cat')==True{
Output for task 133: ?s('cat')==True{, time: 1787683886.8133442
Start executing task 131 for agent 29 on time 1787683886.8140695 with plan ?s('cat')==True{
Start executing task 133 for agent 31 on time 1787683886.814775 with plan ?s('cat')==True{
Output for task 123: ->False;, time: 1787683886.8324504
Output for task 127: &iv('wallet'), time: 1787683886.8417263
Output for task 129: &iv('wallet'), time: 1787683886.8422174
Output for task 126: &iv('wallet'), time: 1787683886.8426094
Start executing task 127 for agent 6 on time 1787683886.8425944 with plan &iv('wallet')
Start executing task 129 for agent 15 on time 1787683886.8429365 with plan &iv('wallet')
Start executing task 126 for agent 17 on time 1787683886.8435607 with plan &iv('wallet')
Finish executing task 127 for agent 6 on time 1787683886.8439975 with plan &iv('wallet')
Finish executing task 129 for agent 15 on time 1787683886.8442223 with plan &iv('wallet')
Finish executing task 126 for agent 17 on time 1787683886.8448145 with plan &iv('wallet')
Added task 126, time: 1787683886.8603163
Added task 129, time: 1787683886.8803926
Added task 127, time: 1787683886.8998225
Added task 128, time: 1787683886.9186785
Output for task 120: ?iv('book')==True{, time: 1787683886.9403267
Output for task 128: g('cat'), time: 1787683886.9582484
Output for task 126: ->{l('Yes');, time: 1787683886.9677424
Output for task 129: ->{l('Yes');, time: 1787683886.9682145
Output for task 127: ->{l('Yes');, time: 1787683886.968599
Start executing task 126 for agent 17 on time 1787683886.9685574 with plan ->{l('Yes');
Start executing task 129 for agent 15 on time 1787683886.9689453 with plan ->{l('Yes');
Start executing task 127 for agent 6 on time 1787683886.969304 with plan ->{l('Yes');
Finish executing task 126 for agent 17 on time 1787683886.9698427 with plan ->{l('Yes');
Finish executing task 129 for agent 15 on time 1787683886.9702377 with plan ->{l('Yes');
Finish executing task 127 for agent 6 on time 1787683886.9706535 with plan ->{l('Yes');
Added task 127, time: 1787683886.9788914
Added task 129, time: 1787683886.999651
Added task 126, time: 1787683887.0203927
Added task 131, time: 1787683887.039937
Output for task 131: g('cat'), time: 1787683887.0777955
Output for task 127: ->True}l('No');, time: 1787683887.1041684
Output for task 129: ->True}l('No');, time: 1787683887.1046507
Start executing task 127 for agent 6 on time 1787683887.1049194 with plan ->True}l('No');
Output for task 126: ->True}l('No');, time: 1787683887.105109
Start executing task 129 for agent 15 on time 1787683887.1055644 with plan ->True}l('No');
Start executing task 126 for agent 17 on time 1787683887.1058033 with plan ->True}l('No');
Finish executing task 127 for agent 6 on time 1787683887.106317 with plan ->True}l('No');
Finish executing task 129 for agent 15 on time 1787683887.1068397 with plan ->True}l('No');
Finish executing task 126 for agent 17 on time 1787683887.1071713 with plan ->True}l('No');
Added task 126, time: 1787683887.1152973
Added task 129, time: 1787683887.1362736
Added task 127, time: 1787683887.1564727
Added task 133, time: 1787683887.176339
Output for task 126: ->False, time: 1787683887.206143
Output for task 129: ->False, time: 1787683887.2062228
Output for task 127: ->False, time: 1787683887.2062604
Start executing task 129 for agent 15 on time 1787683887.206879 with plan ->False
Finish executing task 129 for agent 15 on time 1787683887.207092 with plan ->False
Start executing task 127 for agent 6 on time 1787683887.2072113 with plan ->False
Finish executing task 127 for agent 6 on time 1787683887.207466 with plan ->False
Start executing task 126 for agent 17 on time 1787683887.2076075 with plan ->False
Finish executing task 126 for agent 17 on time 1787683887.2078707 with plan ->False
Added task 121, time: 1787683887.2224588
Output for task 133: g('cat'), time: 1787683887.2225282
Added task 118, time: 1787683887.245183
Finish executing task 105 for agent 24 on time 1787683887.262177 with plan tc(45)}
Start executing task 105 for agent 24 on time 1787683887.2625723 with plan ->False;
Finish executing task 105 for agent 24 on time 1787683887.2627983 with plan ->False;
Added task 119, time: 1787683887.2700403
Added task 120, time: 1787683887.2946572
Added task 124, time: 1787683887.3184528
Added task 125, time: 1787683887.3411822
Added task 130, time: 1787683887.363313
Added task 132, time: 1787683887.3845398
Added task 128, time: 1787683887.4053583
Finish executing task 115 for agent 26 on time 1787683887.4118574 with plan tc(45)}
Start executing task 115 for agent 26 on time 1787683887.4121878 with plan ->False;
Finish executing task 115 for agent 26 on time 1787683887.4124024 with plan ->False;
Finish executing task 113 for agent 21 on time 1787683887.4125311 with plan tc(45)}
Start executing task 113 for agent 21 on time 1787683887.4129303 with plan ->False;
Finish executing task 113 for agent 21 on time 1787683887.4131734 with plan ->False;
Added task 131, time: 1787683887.4199357
Output for task 120: tp()}, time: 1787683887.419999
Added task 120, time: 1787683887.4410882
Generating request from task 134, time: 1787683887.4461024
Generating request from task 135, time: 1787683887.4465506
Generating request from task 136, time: 1787683887.4469004
Generating request from task 137, time: 1787683887.4475965
Generating request from task 138, time: 1787683887.4486334
Generating request from task 139, time: 1787683887.4496331
Generating request from task 140, time: 1787683887.4506218
Generating request from task 141, time: 1787683887.451627
Generating request from task 142, time: 1787683887.452596
Generating request from task 143, time: 1787683887.4536552
Generating request from task 144, time: 1787683887.4546616
Generating request from task 145, time: 1787683887.4556174
Generating request from task 146, time: 1787683887.4567263
Generating request from task 147, time: 1787683887.4576478
Generating request from task 148, time: 1787683887.458598
Generating request from task 149, time: 1787683887.4595265
Added task 134, time: 1787683887.4654486
Output for task 128: };, time: 1787683887.4655912
Added task 135, time: 1787683887.496472
Added task 136, time: 1787683887.5206385
Output for task 131: };, time: 1787683887.5207365
Generating request from task 150, time: 1787683887.5430763
Generating request from task 151, time: 1787683887.5438902
Generating request from task 152, time: 1787683887.545019
Generating request from task 153, time: 1787683887.5458155
Added task 139, time: 1787683887.551703
Finish executing task 104 for agent 22 on time 1787683887.5628965 with plan g('toy')}
Start executing task 104 for agent 22 on time 1787683887.5632157 with plan ->False
Finish executing task 104 for agent 22 on time 1787683887.5634296 with plan ->False
Added task 148, time: 1787683887.5763407
Added task 150, time: 1787683887.6006727
Output for task 120: ->False, time: 1787683887.6007416
Added task 153, time: 1787683887.631891
Output for task 121: ?iv('toy')==True{, time: 1787683887.64482
Output for task 118: ?iv('toy')==True{, time: 1787683887.645737
Output for task 119: ?iv('toy')==True{, time: 1787683887.6462533
Output for task 124: ?iv('toy')==True{, time: 1787683887.646859
Output for task 125: ?iv('book')==True{, time: 1787683887.647444
Output for task 130: ?iv('toy')==True{, time: 1787683887.648129
Output for task 132: ?iv('toy')==True{, time: 1787683887.6489036
Output for task 134: tc(45);, time: 1787683887.7749758
Start executing task 134 for agent 11 on time 1787683887.7762723 with plan tc(45);
Output for task 135: tc(30);, time: 1787683887.787077
Output for task 136: tc(30);, time: 1787683887.7880104
Output for task 139: tc(30);, time: 1787683887.7887528
Output for task 153: tc(30);, time: 1787683887.789177
Start executing task 135 for agent 2 on time 1787683887.7891526 with plan tc(30);
Start executing task 139 for agent 16 on time 1787683887.7896242 with plan tc(30);
Start executing task 136 for agent 12 on time 1787683887.7897227 with plan tc(30);
Start executing task 153 for agent 41 on time 1787683887.791713 with plan tc(30);
Output for task 148: ?iv('boy')==True{, time: 1787683887.8180244
Output for task 150: ?iv('boy')==True{, time: 1787683887.819131
Start executing task 148 for agent 37 on time 1787683887.8200119 with plan ?iv('boy')==True{
Start executing task 150 for agent 9 on time 1787683887.8202097 with plan ?iv('boy')==True{
Added task 150, time: 1787683887.8372872
Added task 148, time: 1787683887.8715072
Added task 135, time: 1787683887.9041831
Output for task 135: , time: 1787683887.9221573
Output for task 150: tc(45)}, time: 1787683887.9505496
Output for task 148: tc(45)}, time: 1787683887.9513097
Added task 139, time: 1787683887.968529
Added task 136, time: 1787683888.0023768
Output for task 139: , time: 1787683888.0024338
Added task 153, time: 1787683888.0359032
Finish executing task 108 for agent 1 on time 1787683888.0357509 with plan g('toy')}
Output for task 136: , time: 1787683888.0360425
Start executing task 108 for agent 1 on time 1787683888.0362847 with plan ->False
Finish executing task 108 for agent 1 on time 1787683888.0365353 with plan ->False
Finish executing task 109 for agent 8 on time 1787683888.0385184 with plan g('toy')}
Start executing task 109 for agent 8 on time 1787683888.0388007 with plan ->False
Finish executing task 109 for agent 8 on time 1787683888.039004 with plan ->False
Finish executing task 116 for agent 27 on time 1787683888.0395646 with plan g('toy')}
Start executing task 116 for agent 27 on time 1787683888.0398912 with plan ->False
Finish executing task 116 for agent 27 on time 1787683888.0401 with plan ->False
Added task 137, time: 1787683888.0750265
Output for task 153: , time: 1787683888.0751312
Generating request from task 154, time: 1787683888.1123052
Added task 138, time: 1787683888.1126697
Generating request from task 155, time: 1787683888.1128373
Output for task 137: md(40);, time: 1787683888.1569798
Start executing task 137 for agent 19 on time 1787683888.1587975 with plan md(40);
Added task 154, time: 1787683888.1866891
Added task 141, time: 1787683888.2246675
Output for task 138: ?s('cat')==True{, time: 1787683888.251957
Start executing task 138 for agent 20 on time 1787683888.2534416 with plan ?s('cat')==True{
Output for task 141: md(40);, time: 1787683888.2711678
Start executing task 141 for agent 6 on time 1787683888.2722912 with plan md(40);
Output for task 154: ?iv('boy')==True{, time: 1787683888.2975454
Start executing task 154 for agent 7 on time 1787683888.3033419 with plan ?iv('boy')==True{
Added task 154, time: 1787683888.3172987
Added task 142, time: 1787683888.3593078
Finish executing task 122 for agent 18 on time 1787683888.386912 with plan tc(45);
Start executing task 122 for agent 18 on time 1787683888.387254 with plan 
Finish executing task 122 for agent 18 on time 1787683888.3874466 with plan 
Output for task 154: tc(45)}, time: 1787683888.4040368
Output for task 142: ?s('cat')==True{, time: 1787683888.4223738
Start executing task 142 for agent 15 on time 1787683888.4247751 with plan ?s('cat')==True{
Added task 151, time: 1787683888.446032
Added task 152, time: 1787683888.4860837
Output for task 151: md(40);, time: 1787683888.5308719
Start executing task 151 for agent 39 on time 1787683888.534002 with plan md(40);
Output for task 152: ?iv('keys'), time: 1787683888.5416944
Start executing task 152 for agent 40 on time 1787683888.5444994 with plan ?iv('keys')
Finish executing task 152 for agent 40 on time 1787683888.5459661 with plan ?iv('keys')
Added task 134, time: 1787683888.5601838
Added task 150, time: 1787683888.5948331
Output for task 134: , time: 1787683888.5949683
Added task 148, time: 1787683888.6288996
Added task 119, time: 1787683888.6717405
Added task 118, time: 1787683888.6964138
Added task 125, time: 1787683888.7211044
Added task 121, time: 1787683888.7451894
Added task 124, time: 1787683888.7685993
Added task 155, time: 1787683888.796169
Added task 130, time: 1787683888.817329
Added task 132, time: 1787683888.8370383
Output for task 125: tp()}, time: 1787683888.8371134
Added task 125, time: 1787683888.8586516
Added task 154, time: 1787683888.8765142
Added task 138, time: 1787683888.8945863
Output for task 150: ->False;, time: 1787683888.8946548
Output for task 148: ->False;, time: 1787683888.894704
Output for task 119: g('toy')}, time: 1787683888.8947425
Output for task 118: g('toy')}, time: 1787683888.8952308
Output for task 121: g('toy')}, time: 1787683888.8957183
Output for task 124: g('toy')}, time: 1787683888.8961163
Output for task 155: md(40);, time: 1787683888.8964784
Start executing task 155 for agent 13 on time 1787683888.8971856 with plan md(40);
Added task 142, time: 1787683888.9192107
Added task 137, time: 1787683888.9407592
Added task 141, time: 1787683888.9610493
Added task 133, time: 1787683888.9794073
Added task 151, time: 1787683888.9980135
Added task 155, time: 1787683889.014408
Added task 118, time: 1787683889.0299778
Added task 119, time: 1787683889.0436313
Output for task 130: g('toy')}, time: 1787683889.0436885
Added task 121, time: 1787683889.0588975
Output for task 125: ->False, time: 1787683889.0687714
Output for task 133: };, time: 1787683889.0688643
Finish executing task 120 for agent 4 on time 1787683889.0800767 with plan mu(40);
Start executing task 120 for agent 4 on time 1787683889.0804608 with plan ?iv('book')==True{
Finish executing task 120 for agent 4 on time 1787683889.0817962 with plan ?iv('book')==True{
Finish executing task 125 for agent 0 on time 1787683889.0820463 with plan mu(40);
Start executing task 120 for agent 4 on time 1787683889.082354 with plan tp()}
Start executing task 125 for agent 0 on time 1787683889.0826926 with plan ?iv('book')==True{
Finish executing task 120 for agent 4 on time 1787683889.0840387 with plan tp()}
Start executing task 120 for agent 4 on time 1787683889.084266 with plan ->False
Finish executing task 120 for agent 4 on time 1787683889.084448 with plan ->False
Finish executing task 125 for agent 0 on time 1787683889.0845618 with plan ?iv('book')==True{
Start executing task 125 for agent 0 on time 1787683889.0847936 with plan tp()}
Finish executing task 125 for agent 0 on time 1787683889.0860746 with plan tp()}
Start executing task 125 for agent 0 on time 1787683889.0862243 with plan ->False
Finish executing task 125 for agent 0 on time 1787683889.086385 with plan ->False
Output for task 132: g('toy')}, time: 1787683889.1025834
Output for task 154: ->False;, time: 1787683889.1031442
Output for task 138: g('cat'), time: 1787683889.1031978
Output for task 142: g('cat'), time: 1787683889.1036353
Added task 124, time: 1787683889.1197507
Added task 130, time: 1787683889.1350663
Added task 132, time: 1787683889.14962
Added task 138, time: 1787683889.1635032
Finish executing task 119 for agent 10 on time 1787683889.1738594 with plan md(40);
Finish executing task 118 for agent 3 on time 1787683889.1740754 with plan md(40);
Start executing task 119 for agent 10 on time 1787683889.1744215 with plan ?iv('toy')==True{
Start executing task 118 for agent 3 on time 1787683889.174728 with plan ?iv('toy')==True{
Added task 142, time: 1787683889.1754286
Finish executing task 121 for agent 25 on time 1787683889.1756096 with plan md(40);
Start executing task 121 for agent 25 on time 1787683889.1759121 with plan ?iv('toy')==True{
Finish executing task 119 for agent 10 on time 1787683889.1761928 with plan ?iv('toy')==True{
Start executing task 119 for agent 10 on time 1787683889.1764066 with plan g('toy')}
Finish executing task 124 for agent 14 on time 1787683889.1766233 with plan md(40);
Finish executing task 118 for agent 3 on time 1787683889.1767998 with plan ?iv('toy')==True{
Start executing task 124 for agent 14 on time 1787683889.1770573 with plan ?iv('toy')==True{
Finish executing task 121 for agent 25 on time 1787683889.1772494 with plan ?iv('toy')==True{
Start executing task 118 for agent 3 on time 1787683889.1776261 with plan g('toy')}
Start executing task 121 for agent 25 on time 1787683889.1778584 with plan g('toy')}
Finish executing task 124 for agent 14 on time 1787683889.1786695 with plan ?iv('toy')==True{
Start executing task 124 for agent 14 on time 1787683889.1788754 with plan g('toy')}
Output for task 118: ->False, time: 1787683889.1857584
Output for task 119: ->False, time: 1787683889.1858335
Output for task 121: ->False, time: 1787683889.1858687
Output for task 124: ->False, time: 1787683889.186013
Output for task 137: ?iv('toy')==True{, time: 1787683889.2459705
Output for task 141: ?iv('toy')==True{, time: 1787683889.2465725
Output for task 138: };, time: 1787683889.2470152
Output for task 142: };, time: 1787683889.2470593
Added task 137, time: 1787683889.25894
Output for task 130: ->False, time: 1787683889.2590215
Output for task 132: ->False, time: 1787683889.259061
Added task 141, time: 1787683889.2728655
Output for task 151: ?iv('toy')==True{, time: 1787683889.294806
Output for task 155: ?iv('toy')==True{, time: 1787683889.29531
Finish executing task 130 for agent 28 on time 1787683889.2957919 with plan md(40);
Start executing task 130 for agent 28 on time 1787683889.2961588 with plan ?iv('toy')==True{
Finish executing task 132 for agent 30 on time 1787683889.297061 with plan md(40);
Start executing task 132 for agent 30 on time 1787683889.2973464 with plan ?iv('toy')==True{
Finish executing task 130 for agent 28 on time 1787683889.2975998 with plan ?iv('toy')==True{
Start executing task 130 for agent 28 on time 1787683889.297788 with plan g('toy')}
Finish executing task 132 for agent 30 on time 1787683889.2986548 with plan ?iv('toy')==True{
Start executing task 132 for agent 30 on time 1787683889.2988467 with plan g('toy')}
Finish executing task 123 for agent 5 on time 1787683889.3038328 with plan ?iv('boy')==True{
Start executing task 123 for agent 5 on time 1787683889.304195 with plan tc(45)}
Added task 151, time: 1787683889.3062465
Added task 155, time: 1787683889.3195343
Output for task 137: g('toy')}, time: 1787683889.3409555
Output for task 141: g('toy')}, time: 1787683889.3414183
Added task 137, time: 1787683889.3520937
Added task 141, time: 1787683889.3651226
Output for task 151: g('toy')}, time: 1787683889.3863766
Output for task 155: g('toy')}, time: 1787683889.386845
Added task 151, time: 1787683889.3978038
Output for task 137: ->False, time: 1787683889.3978667
Output for task 141: ->False, time: 1787683889.3979082
Added task 155, time: 1787683889.4111927
Output for task 151: ->False, time: 1787683889.4406168
Output for task 155: ->False, time: 1787683889.440689
Finish executing task 134 for agent 11 on time 1787683889.887408 with plan tc(45);
Start executing task 134 for agent 11 on time 1787683889.8877683 with plan 
Finish executing task 134 for agent 11 on time 1787683889.888003 with plan 
Generating request from task 156, time: 1787683890.2725277
Generating request from task 157, time: 1787683890.2730906
Generating request from task 158, time: 1787683890.2734451
Generating request from task 159, time: 1787683890.2737412
Added task 156, time: 1787683890.2831473
Added task 157, time: 1787683890.3109016
Added task 158, time: 1787683890.3338861
Added task 159, time: 1787683890.353427
Finish executing task 135 for agent 2 on time 1787683890.3778665 with plan tc(30);
Start executing task 135 for agent 2 on time 1787683890.3783462 with plan 
Finish executing task 135 for agent 2 on time 1787683890.3785567 with plan 
Finish executing task 139 for agent 16 on time 1787683890.3788586 with plan tc(30);
Finish executing task 136 for agent 12 on time 1787683890.3790698 with plan tc(30);
Start executing task 139 for agent 16 on time 1787683890.3794608 with plan 
Start executing task 136 for agent 12 on time 1787683890.3798654 with plan 
Finish executing task 139 for agent 16 on time 1787683890.3801343 with plan 
Finish executing task 136 for agent 12 on time 1787683890.3803573 with plan 
Finish executing task 153 for agent 41 on time 1787683890.3812838 with plan tc(30);
Start executing task 153 for agent 41 on time 1787683890.3814912 with plan 
Finish executing task 153 for agent 41 on time 1787683890.3816216 with plan 
Output for task 156: md(40);, time: 1787683890.3935156
Output for task 158: mu(40);, time: 1787683890.3940644
Start executing task 156 for agent 24 on time 1787683890.3944528 with plan md(40);
Start executing task 158 for agent 26 on time 1787683890.3948565 with plan mu(40);
Added task 156, time: 1787683890.4047077
Added task 158, time: 1787683890.417697
Output for task 157: ?s('scissors')==True{, time: 1787683890.4473996
Output for task 159: ?s('scissors')==True{, time: 1787683890.4478788
Start executing task 157 for agent 21 on time 1787683890.4483428 with plan ?s('scissors')==True{
Start executing task 159 for agent 22 on time 1787683890.4487443 with plan ?s('scissors')==True{
Added task 157, time: 1787683890.458414
Added task 159, time: 1787683890.4718463
Output for task 156: ?iv('toy')==True{, time: 1787683890.5106537
Output for task 158: ?iv('book')==True{, time: 1787683890.5111156
Added task 156, time: 1787683890.5220203
Output for task 157: g('scissors'), time: 1787683890.5220785
Output for task 159: g('scissors'), time: 1787683890.5225284
Finish executing task 128 for agent 23 on time 1787683890.5301301 with plan ?s('cat')==True{
Start executing task 128 for agent 23 on time 1787683890.53046 with plan g('cat')
Finish executing task 131 for agent 29 on time 1787683890.5314255 with plan ?s('cat')==True{
Start executing task 131 for agent 29 on time 1787683890.5318005 with plan g('cat')
Finish executing task 133 for agent 31 on time 1787683890.5321636 with plan ?s('cat')==True{
Start executing task 133 for agent 31 on time 1787683890.5325007 with plan g('cat')
Added task 158, time: 1787683890.537605
Added task 157, time: 1787683890.5513835
Added task 159, time: 1787683890.564459
Output for task 158: tp()}, time: 1787683890.5858846
Added task 158, time: 1787683890.596363
Output for task 157: }->False, time: 1787683890.5964227
Output for task 159: }->False, time: 1787683890.596459
Output for task 156: g('toy')}, time: 1787683890.6169567
Added task 156, time: 1787683890.6268375
Output for task 158: ->False, time: 1787683890.626896
Output for task 156: ->False, time: 1787683890.655165
Finish executing task 137 for agent 19 on time 1787683890.7538557 with plan md(40);
Start executing task 137 for agent 19 on time 1787683890.7542062 with plan ?iv('toy')==True{
Finish executing task 137 for agent 19 on time 1787683890.7555392 with plan ?iv('toy')==True{
Start executing task 137 for agent 19 on time 1787683890.7557218 with plan g('toy')}
Finish executing task 148 for agent 37 on time 1787683890.8235586 with plan ?iv('boy')==True{
Start executing task 148 for agent 37 on time 1787683890.8239727 with plan tc(45)}
Finish executing task 150 for agent 9 on time 1787683890.8242462 with plan ?iv('boy')==True{
Start executing task 150 for agent 9 on time 1787683890.8245287 with plan tc(45)}
Finish executing task 141 for agent 6 on time 1787683890.8696225 with plan md(40);
Start executing task 141 for agent 6 on time 1787683890.869976 with plan ?iv('toy')==True{
Finish executing task 141 for agent 6 on time 1787683890.871294 with plan ?iv('toy')==True{
Start executing task 141 for agent 6 on time 1787683890.871462 with plan g('toy')}
Finish executing task 151 for agent 39 on time 1787683891.13085 with plan md(40);
Start executing task 151 for agent 39 on time 1787683891.1311977 with plan ?iv('toy')==True{
Finish executing task 151 for agent 39 on time 1787683891.132554 with plan ?iv('toy')==True{
Start executing task 151 for agent 39 on time 1787683891.1327217 with plan g('toy')}
Finish executing task 123 for agent 5 on time 1787683891.2841556 with plan tc(45)}
Start executing task 123 for agent 5 on time 1787683891.2844992 with plan ->False;
Finish executing task 123 for agent 5 on time 1787683891.2847207 with plan ->False;
Finish executing task 154 for agent 7 on time 1787683891.3067546 with plan ?iv('boy')==True{
Start executing task 154 for agent 7 on time 1787683891.307096 with plan tc(45)}
Finish executing task 155 for agent 13 on time 1787683891.4945776 with plan md(40);
Start executing task 155 for agent 13 on time 1787683891.4949129 with plan ?iv('toy')==True{
Finish executing task 155 for agent 13 on time 1787683891.4962254 with plan ?iv('toy')==True{
Start executing task 155 for agent 13 on time 1787683891.4963825 with plan g('toy')}
Finish executing task 119 for agent 10 on time 1787683891.885945 with plan g('toy')}
Start executing task 119 for agent 10 on time 1787683891.8862607 with plan ->False
Finish executing task 119 for agent 10 on time 1787683891.8864632 with plan ->False
Finish executing task 118 for agent 3 on time 1787683891.8868606 with plan g('toy')}
Start executing task 118 for agent 3 on time 1787683891.8871672 with plan ->False
Finish executing task 118 for agent 3 on time 1787683891.8873672 with plan ->False
Finish executing task 121 for agent 25 on time 1787683891.8876262 with plan g('toy')}
Start executing task 121 for agent 25 on time 1787683891.887902 with plan ->False
Finish executing task 121 for agent 25 on time 1787683891.888092 with plan ->False
Finish executing task 124 for agent 14 on time 1787683891.8884103 with plan g('toy')}
Start executing task 124 for agent 14 on time 1787683891.8887424 with plan ->False
Finish executing task 124 for agent 14 on time 1787683891.8889854 with plan ->False
Finish executing task 138 for agent 20 on time 1787683891.970809 with plan ?s('cat')==True{
Start executing task 138 for agent 20 on time 1787683891.9712071 with plan g('cat')
Finish executing task 157 for agent 21 on time 1787683892.0058556 with plan ?s('scissors')==True{
Start executing task 157 for agent 21 on time 1787683892.0062244 with plan g('scissors')
Finish executing task 159 for agent 22 on time 1787683892.0068533 with plan ?s('scissors')==True{
Start executing task 159 for agent 22 on time 1787683892.0071785 with plan g('scissors')
Finish executing task 130 for agent 28 on time 1787683892.0074353 with plan g('toy')}
Start executing task 130 for agent 28 on time 1787683892.0076869 with plan ->False
Finish executing task 130 for agent 28 on time 1787683892.0080159 with plan ->False
Finish executing task 132 for agent 30 on time 1787683892.0080912 with plan g('toy')}
Start executing task 132 for agent 30 on time 1787683892.008418 with plan ->False
Finish executing task 132 for agent 30 on time 1787683892.0086095 with plan ->False
Finish executing task 142 for agent 15 on time 1787683892.1420634 with plan ?s('cat')==True{
Start executing task 142 for agent 15 on time 1787683892.1424415 with plan g('cat')
Finish executing task 148 for agent 37 on time 1787683892.8039498 with plan tc(45)}
Start executing task 148 for agent 37 on time 1787683892.8043637 with plan ->False;
Finish executing task 148 for agent 37 on time 1787683892.8046062 with plan ->False;
Finish executing task 150 for agent 9 on time 1787683892.8047383 with plan tc(45)}
Start executing task 150 for agent 9 on time 1787683892.8051481 with plan ->False;
Finish executing task 150 for agent 9 on time 1787683892.8053777 with plan ->False;
Finish executing task 158 for agent 26 on time 1787683892.8968515 with plan mu(40);
Start executing task 158 for agent 26 on time 1787683892.897109 with plan ?iv('book')==True{
Finish executing task 158 for agent 26 on time 1787683892.8984125 with plan ?iv('book')==True{
Start executing task 158 for agent 26 on time 1787683892.8985677 with plan tp()}
Finish executing task 158 for agent 26 on time 1787683892.8998058 with plan tp()}
Start executing task 158 for agent 26 on time 1787683892.899962 with plan ->False
Finish executing task 158 for agent 26 on time 1787683892.900121 with plan ->False
Finish executing task 156 for agent 24 on time 1787683892.9917614 with plan md(40);
Start executing task 156 for agent 24 on time 1787683892.9921675 with plan ?iv('toy')==True{
Finish executing task 156 for agent 24 on time 1787683892.9935076 with plan ?iv('toy')==True{
Start executing task 156 for agent 24 on time 1787683892.9936748 with plan g('toy')}
Finish executing task 128 for agent 23 on time 1787683892.994505 with plan g('cat')
Start executing task 128 for agent 23 on time 1787683892.9949274 with plan };
Finish executing task 128 for agent 23 on time 1787683892.9951525 with plan };
Finish executing task 133 for agent 31 on time 1787683892.9958625 with plan g('cat')
Finish executing task 131 for agent 29 on time 1787683892.996074 with plan g('cat')
Start executing task 133 for agent 31 on time 1787683892.9964054 with plan };
Start executing task 131 for agent 29 on time 1787683892.996695 with plan };
Finish executing task 133 for agent 31 on time 1787683892.9969592 with plan };
Finish executing task 131 for agent 29 on time 1787683892.997209 with plan };
Finish executing task 154 for agent 7 on time 1787683893.2870727 with plan tc(45)}
Start executing task 154 for agent 7 on time 1787683893.2874277 with plan ->False;
Finish executing task 154 for agent 7 on time 1787683893.2876456 with plan ->False;
Finish executing task 137 for agent 19 on time 1787683893.4648614 with plan g('toy')}
Start executing task 137 for agent 19 on time 1787683893.4652152 with plan ->False
Finish executing task 137 for agent 19 on time 1787683893.4654477 with plan ->False
Finish executing task 141 for agent 6 on time 1787683893.5809863 with plan g('toy')}
Start executing task 141 for agent 6 on time 1787683893.5813391 with plan ->False
Finish executing task 141 for agent 6 on time 1787683893.5815668 with plan ->False
Finish executing task 151 for agent 39 on time 1787683893.8422832 with plan g('toy')}
Start executing task 151 for agent 39 on time 1787683893.8426745 with plan ->False
Finish executing task 151 for agent 39 on time 1787683893.8429208 with plan ->False
Finish executing task 155 for agent 13 on time 1787683894.205851 with plan g('toy')}
Start executing task 155 for agent 13 on time 1787683894.206191 with plan ->False
Finish executing task 155 for agent 13 on time 1787683894.2064557 with plan ->False
Finish executing task 138 for agent 20 on time 1787683894.4338903 with plan g('cat')
Start executing task 138 for agent 20 on time 1787683894.4341998 with plan };
Finish executing task 138 for agent 20 on time 1787683894.4344068 with plan };
Finish executing task 157 for agent 21 on time 1787683894.4702795 with plan g('scissors')
Start executing task 157 for agent 21 on time 1787683894.470678 with plan }->False
Finish executing task 157 for agent 21 on time 1787683894.470973 with plan }->False
Finish executing task 159 for agent 22 on time 1787683894.4712152 with plan g('scissors')
Start executing task 159 for agent 22 on time 1787683894.4715567 with plan }->False
Finish executing task 159 for agent 22 on time 1787683894.4717734 with plan }->False
Finish executing task 142 for agent 15 on time 1787683894.6064928 with plan g('cat')
Start executing task 142 for agent 15 on time 1787683894.6069045 with plan };
Finish executing task 142 for agent 15 on time 1787683894.6071246 with plan };
Finish executing task 156 for agent 24 on time 1787683895.7027323 with plan g('toy')}
Start executing task 156 for agent 24 on time 1787683895.703139 with plan ->False
Finish executing task 156 for agent 24 on time 1787683895.7033765 with plan ->False
Generating request from task 160, time: 1787683896.8497136
Generating request from task 161, time: 1787683896.8503816
Generating request from task 162, time: 1787683896.8508174
Generating request from task 163, time: 1787683896.851253
Generating request from task 164, time: 1787683896.8515937
Added task 161, time: 1787683896.8672423
Added task 163, time: 1787683896.9024642
Output for task 163: tc(45);, time: 1787683896.9475749
Start executing task 163 for agent 38 on time 1787683896.9493616 with plan tc(45);
Output for task 161: ?iv('boy')==True{, time: 1787683896.9724927
Start executing task 161 for agent 8 on time 1787683896.9735463 with plan ?iv('boy')==True{
Added task 161, time: 1787683896.976272
Added task 163, time: 1787683896.9912717
Output for task 163: , time: 1787683897.0034199
Output for task 161: tc(45)}, time: 1787683897.0272107
Added task 160, time: 1787683897.033689
Added task 162, time: 1787683897.0509267
Added task 164, time: 1787683897.0678697
Added task 161, time: 1787683897.0809193
Output for task 160: md(40);, time: 1787683897.1198077
Output for task 162: md(40);, time: 1787683897.1203146
Output for task 161: ->False;, time: 1787683897.12072
Start executing task 160 for agent 1 on time 1787683897.1209157 with plan md(40);
Start executing task 162 for agent 27 on time 1787683897.1211607 with plan md(40);
Added task 160, time: 1787683897.1308873
Added task 162, time: 1787683897.143909
Output for task 164: ?s('cat')==True{, time: 1787683897.164831
Start executing task 164 for agent 40 on time 1787683897.1657689 with plan ?s('cat')==True{
Added task 164, time: 1787683897.1746752
Output for task 164: g('cat'), time: 1787683897.2125847
Added task 164, time: 1787683897.2231376
Output for task 160: ?iv('toy')==True{, time: 1787683897.2232144
Output for task 162: ?iv('toy')==True{, time: 1787683897.22367
Added task 160, time: 1787683897.2377672
Added task 162, time: 1787683897.2507987
Output for task 164: };, time: 1787683897.2717052
Output for task 160: g('toy')}, time: 1787683897.2886798
Output for task 162: g('toy')}, time: 1787683897.2891462
Added task 160, time: 1787683897.2914248
Added task 162, time: 1787683897.3044298
Output for task 160: ->False, time: 1787683897.333198
Output for task 162: ->False, time: 1787683897.3332725
Finish executing task 163 for agent 38 on time 1787683899.0604918 with plan tc(45);
Start executing task 163 for agent 38 on time 1787683899.060863 with plan 
Finish executing task 163 for agent 38 on time 1787683899.0610685 with plan 
Finish executing task 162 for agent 27 on time 1787683899.7172332 with plan md(40);
Start executing task 162 for agent 27 on time 1787683899.7176607 with plan ?iv('toy')==True{
Finish executing task 160 for agent 1 on time 1787683899.7186062 with plan md(40);
Finish executing task 162 for agent 27 on time 1787683899.7190516 with plan ?iv('toy')==True{
Start executing task 160 for agent 1 on time 1787683899.7193687 with plan ?iv('toy')==True{
Start executing task 162 for agent 27 on time 1787683899.719729 with plan g('toy')}
Finish executing task 160 for agent 1 on time 1787683899.720767 with plan ?iv('toy')==True{
Start executing task 160 for agent 1 on time 1787683899.7210026 with plan g('toy')}
Finish executing task 161 for agent 8 on time 1787683899.9768481 with plan ?iv('boy')==True{
Start executing task 161 for agent 8 on time 1787683899.9772203 with plan tc(45)}
Finish executing task 164 for agent 40 on time 1787683900.8831053 with plan ?s('cat')==True{
Start executing task 164 for agent 40 on time 1787683900.8834982 with plan g('cat')
Finish executing task 161 for agent 8 on time 1787683901.956853 with plan tc(45)}
Start executing task 161 for agent 8 on time 1787683901.9571712 with plan ->False;
Finish executing task 161 for agent 8 on time 1787683901.9573991 with plan ->False;
Finish executing task 162 for agent 27 on time 1787683902.4293153 with plan g('toy')}
Start executing task 162 for agent 27 on time 1787683902.4297621 with plan ->False
Finish executing task 162 for agent 27 on time 1787683902.4300463 with plan ->False
Finish executing task 160 for agent 1 on time 1787683902.4305673 with plan g('toy')}
Start executing task 160 for agent 1 on time 1787683902.4310608 with plan ->False
Finish executing task 160 for agent 1 on time 1787683902.4313045 with plan ->False
Finish executing task 164 for agent 40 on time 1787683903.3455327 with plan g('cat')
Start executing task 164 for agent 40 on time 1787683903.3459723 with plan };
Finish executing task 164 for agent 40 on time 1787683903.3462086 with plan };
Generating request from task 165, time: 1787683908.178611
Generating request from task 166, time: 1787683908.1793983
Generating request from task 167, time: 1787683908.1798098
Generating request from task 168, time: 1787683908.1802323
Generating request from task 169, time: 1787683908.1806293
Generating request from task 170, time: 1787683908.1810758
Generating request from task 171, time: 1787683908.1814628
Generating request from task 172, time: 1787683908.1818469
Generating request from task 173, time: 1787683908.1821978
Generating request from task 174, time: 1787683908.182526
Added task 165, time: 1787683908.1942875
Added task 169, time: 1787683908.2333274
Output for task 165: tc(30);, time: 1787683908.2792373
Output for task 169: tc(45);, time: 1787683908.2799673
Start executing task 165 for agent 4 on time 1787683908.2802992 with plan tc(30);
Start executing task 169 for agent 18 on time 1787683908.281233 with plan tc(45);
Added task 172, time: 1787683908.291551
Added task 165, time: 1787683908.311771
Output for task 165: , time: 1787683908.3267682
Output for task 172: ?iv('boy')==True{, time: 1787683908.374724
Start executing task 172 for agent 10 on time 1787683908.3756843 with plan ?iv('boy')==True{
Added task 172, time: 1787683908.3794727
Added task 169, time: 1787683908.3945963
Output for task 169: , time: 1787683908.4063103
Output for task 172: tc(45)}, time: 1787683908.430019
Added task 166, time: 1787683908.4375951
Added task 167, time: 1787683908.4563677
Added task 168, time: 1787683908.4746513
Added task 170, time: 1787683908.4924402
Added task 171, time: 1787683908.5100813
Added task 173, time: 1787683908.5273843
Added task 174, time: 1787683908.5443687
Added task 172, time: 1787683908.5573814
Output for task 168: mu(40);, time: 1787683908.5990188
Output for task 173: mu(40);, time: 1787683908.5999374
Output for task 172: ->False;, time: 1787683908.6003609
Start executing task 173 for agent 25 on time 1787683908.6005967 with plan mu(40);
Start executing task 168 for agent 35 on time 1787683908.6010473 with plan mu(40);
Added task 168, time: 1787683908.612051
Output for task 166: ?iv('keys'), time: 1787683908.6121264
Output for task 170: ?iv('keys'), time: 1787683908.6126213
Start executing task 166 for agent 0 on time 1787683908.613115 with plan ?iv('keys')
Start executing task 170 for agent 5 on time 1787683908.6133547 with plan ?iv('keys')
Finish executing task 166 for agent 0 on time 1787683908.6148405 with plan ?iv('keys')
Finish executing task 170 for agent 5 on time 1787683908.6151586 with plan ?iv('keys')
Added task 170, time: 1787683908.6273584
Added task 166, time: 1787683908.6408722
Added task 173, time: 1787683908.653665
Output for task 174: ?s('cat')==True{, time: 1787683908.6749196
Start executing task 174 for agent 14 on time 1787683908.675851 with plan ?s('cat')==True{
Output for task 167: ?s('scissors')==True{, time: 1787683908.6853833
Output for task 171: ?s('scissors')==True{, time: 1787683908.686214
Start executing task 171 for agent 3 on time 1787683908.6869845 with plan ?s('scissors')==True{
Start executing task 167 for agent 32 on time 1787683908.6871586 with plan ?s('scissors')==True{
Output for task 170: &iv('wallet'), time: 1787683908.7041287
Output for task 166: &iv('wallet'), time: 1787683908.7046816
Start executing task 170 for agent 5 on time 1787683908.7047908 with plan &iv('wallet')
Start executing task 166 for agent 0 on time 1787683908.7055678 with plan &iv('wallet')
Finish executing task 170 for agent 5 on time 1787683908.7060971 with plan &iv('wallet')
Finish executing task 166 for agent 0 on time 1787683908.706918 with plan &iv('wallet')
Added task 166, time: 1787683908.7173433
Added task 170, time: 1787683908.7322361
Added task 174, time: 1787683908.7467892
Output for task 168: ?iv('book')==True{, time: 1787683908.7679036
Output for task 173: ?iv('book')==True{, time: 1787683908.768439
Output for task 174: g('cat'), time: 1787683908.7862172
Output for task 166: ->{l('Yes');, time: 1787683908.7951777
Output for task 170: ->{l('Yes');, time: 1787683908.7957299
Start executing task 166 for agent 0 on time 1787683908.7960386 with plan ->{l('Yes');
Start executing task 170 for agent 5 on time 1787683908.7963471 with plan ->{l('Yes');
Finish executing task 166 for agent 0 on time 1787683908.7973485 with plan ->{l('Yes');
Finish executing task 170 for agent 5 on time 1787683908.7976668 with plan ->{l('Yes');
Added task 170, time: 1787683908.80156
Added task 166, time: 1787683908.8179727
Added task 167, time: 1787683908.8336546
Output for task 167: g('scissors'), time: 1787683908.8792856
Output for task 170: ->True}l('No');, time: 1787683908.8962455
Output for task 166: ->True}l('No');, time: 1787683908.8967254
Start executing task 170 for agent 5 on time 1787683908.8969917 with plan ->True}l('No');
Start executing task 166 for agent 0 on time 1787683908.8977242 with plan ->True}l('No');
Finish executing task 170 for agent 5 on time 1787683908.8984566 with plan ->True}l('No');
Finish executing task 166 for agent 0 on time 1787683908.899184 with plan ->True}l('No');
Added task 166, time: 1787683908.9024777
Added task 170, time: 1787683908.9193022
Added task 171, time: 1787683908.9350858
Output for task 166: ->False, time: 1787683908.9638546
Output for task 170: ->False, time: 1787683908.963942
Start executing task 170 for agent 5 on time 1787683908.9646738 with plan ->False
Finish executing task 170 for agent 5 on time 1787683908.9649186 with plan ->False
Start executing task 166 for agent 0 on time 1787683908.9650571 with plan ->False
Finish executing task 166 for agent 0 on time 1787683908.9653215 with plan ->False
Added task 168, time: 1787683908.9755447
Added task 173, time: 1787683908.9899457
Added task 174, time: 1787683909.0036068
Added task 167, time: 1787683909.016584
Output for task 171: g('scissors'), time: 1787683909.0389292
Output for task 168: tp()}, time: 1787683909.0394182
Output for task 173: tp()}, time: 1787683909.039812
Output for task 174: };, time: 1787683909.0401862
Added task 168, time: 1787683909.051285
Output for task 167: }->False, time: 1787683909.0513415
Added task 173, time: 1787683909.0652828
Added task 171, time: 1787683909.078395
Output for task 168: ->False, time: 1787683909.1081834
Output for task 173: ->False, time: 1787683909.108256
Output for task 171: }->False, time: 1787683909.108293
Finish executing task 171 for agent 3 on time 1787683910.2448597 with plan ?s('scissors')==True{
Start executing task 171 for agent 3 on time 1787683910.2452393 with plan g('scissors')
Finish executing task 167 for agent 32 on time 1787683910.245617 with plan ?s('scissors')==True{
Start executing task 167 for agent 32 on time 1787683910.2459855 with plan g('scissors')
Finish executing task 169 for agent 18 on time 1787683910.3922844 with plan tc(45);
Start executing task 169 for agent 18 on time 1787683910.3925803 with plan 
Finish executing task 169 for agent 18 on time 1787683910.3927605 with plan 
Finish executing task 165 for agent 4 on time 1787683910.8700693 with plan tc(30);
Start executing task 165 for agent 4 on time 1787683910.870345 with plan 
Finish executing task 165 for agent 4 on time 1787683910.8705182 with plan 
Finish executing task 173 for agent 25 on time 1787683911.1030562 with plan mu(40);
Start executing task 173 for agent 25 on time 1787683911.103377 with plan ?iv('book')==True{
Finish executing task 168 for agent 35 on time 1787683911.1036599 with plan mu(40);
Start executing task 168 for agent 35 on time 1787683911.104 with plan ?iv('book')==True{
Finish executing task 173 for agent 25 on time 1787683911.1047173 with plan ?iv('book')==True{
Start executing task 173 for agent 25 on time 1787683911.104925 with plan tp()}
Finish executing task 168 for agent 35 on time 1787683911.1053288 with plan ?iv('book')==True{
Start executing task 168 for agent 35 on time 1787683911.1055171 with plan tp()}
Finish executing task 173 for agent 25 on time 1787683911.1061924 with plan tp()}
Start executing task 173 for agent 25 on time 1787683911.106403 with plan ->False
Finish executing task 173 for agent 25 on time 1787683911.1066508 with plan ->False
Finish executing task 168 for agent 35 on time 1787683911.1067991 with plan tp()}
Start executing task 168 for agent 35 on time 1787683911.1069734 with plan ->False
Finish executing task 168 for agent 35 on time 1787683911.1071322 with plan ->False
Finish executing task 172 for agent 10 on time 1787683911.379153 with plan ?iv('boy')==True{
Start executing task 172 for agent 10 on time 1787683911.379498 with plan tc(45)}
Generating request from task 175, time: 1787683911.747896
Generating request from task 176, time: 1787683911.748553
Generating request from task 177, time: 1787683911.7490227
Generating request from task 178, time: 1787683911.749434
Generating request from task 179, time: 1787683911.749853
Generating request from task 180, time: 1787683911.7502449
Generating request from task 181, time: 1787683911.7505648
Generating request from task 182, time: 1787683911.7508688
Generating request from task 183, time: 1787683911.751746
Generating request from task 184, time: 1787683911.7528024
Generating request from task 185, time: 1787683911.7538235
Added task 175, time: 1787683911.760124
Added task 176, time: 1787683911.7956402
Added task 180, time: 1787683911.8248417
Output for task 175: md(40);, time: 1787683911.866891
Output for task 176: tc(45);, time: 1787683911.8674827
Start executing task 175 for agent 28 on time 1787683911.8678913 with plan md(40);
Start executing task 176 for agent 30 on time 1787683911.868309 with plan tc(45);
Output for task 180: ?iv('boy')==True{, time: 1787683911.8916984
Start executing task 180 for agent 17 on time 1787683911.8927462 with plan ?iv('boy')==True{
Added task 185, time: 1787683911.901454
Added task 184, time: 1787683911.9216835
Added task 183, time: 1787683911.9417684
Added task 181, time: 1787683911.961253
Added task 180, time: 1787683911.9767385
Added task 176, time: 1787683911.991553
Output for task 176: , time: 1787683912.0032654
Output for task 184: tc(45);, time: 1787683912.0312526
Output for task 183: tc(45);, time: 1787683912.0317867
Output for task 180: tc(45)}, time: 1787683912.0321977
Start executing task 184 for agent 16 on time 1787683912.0322683 with plan tc(45);
Start executing task 183 for agent 12 on time 1787683912.032745 with plan tc(45);
Output for task 185: ?iv('boy')==True{, time: 1787683912.0570574
Output for task 181: ?iv('boy')==True{, time: 1787683912.0575287
Start executing task 185 for agent 37 on time 1787683912.0580244 with plan ?iv('boy')==True{
Start executing task 181 for agent 34 on time 1787683912.059463 with plan ?iv('boy')==True{
Added task 181, time: 1787683912.064117
Added task 185, time: 1787683912.0811014
Added task 177, time: 1787683912.1008883
Output for task 181: tc(45)}, time: 1787683912.1381218
Output for task 185: tc(45)}, time: 1787683912.1386049
Added task 178, time: 1787683912.1560369
Added task 179, time: 1787683912.1763985
Added task 182, time: 1787683912.1969395
Added task 184, time: 1787683912.2132032
Added task 183, time: 1787683912.2288797
Output for task 184: , time: 1787683912.2289376
Output for task 183: , time: 1787683912.2407513
Output for task 177: ?s('scissors')==True{, time: 1787683912.2583861
Start executing task 177 for agent 33 on time 1787683912.2600875 with plan ?s('scissors')==True{
Added task 180, time: 1787683912.2719355
Output for task 178: md(40);, time: 1787683912.2719955
Start executing task 178 for agent 36 on time 1787683912.2734947 with plan md(40);
Added task 181, time: 1787683912.2883358
Added task 185, time: 1787683912.3033438
Added task 177, time: 1787683912.3177552
Added task 175, time: 1787683912.3318617
Added task 178, time: 1787683912.3448596
Output for task 182: ?iv('keys'), time: 1787683912.3667576
Start executing task 182 for agent 2 on time 1787683912.367841 with plan ?iv('keys')
Finish executing task 182 for agent 2 on time 1787683912.3693643 with plan ?iv('keys')
Added task 182, time: 1787683912.3781457
Finish executing task 174 for agent 14 on time 1787683912.3932097 with plan ?s('cat')==True{
Start executing task 174 for agent 14 on time 1787683912.3935585 with plan g('cat')
Output for task 179: ?s('scissors')==True{, time: 1787683912.4001534
Output for task 180: ->False;, time: 1787683912.4006243
Output for task 181: ->False;, time: 1787683912.400673
Output for task 185: ->False;, time: 1787683912.4007041
Start executing task 179 for agent 11 on time 1787683912.40097 with plan ?s('scissors')==True{
Output for task 177: g('scissors'), time: 1787683912.4098845
Output for task 175: ?iv('toy')==True{, time: 1787683912.427784
Output for task 178: ?iv('toy')==True{, time: 1787683912.4283314
Output for task 182: &iv('wallet'), time: 1787683912.428721
Start executing task 182 for agent 2 on time 1787683912.4294243 with plan &iv('wallet')
Finish executing task 182 for agent 2 on time 1787683912.4307876 with plan &iv('wallet')
Added task 182, time: 1787683912.4329886
Added task 179, time: 1787683912.4479444
Output for task 182: ->{l('Yes');, time: 1787683912.49161
Output for task 179: g('scissors'), time: 1787683912.4921486
Start executing task 182 for agent 2 on time 1787683912.492424 with plan ->{l('Yes');
Finish executing task 182 for agent 2 on time 1787683912.493718 with plan ->{l('Yes');
Added task 182, time: 1787683912.496543
Added task 175, time: 1787683912.5114732
Output for task 175: g('toy')}, time: 1787683912.5474286
Output for task 182: ->True}l('No');, time: 1787683912.5717456
Start executing task 182 for agent 2 on time 1787683912.5725508 with plan ->True}l('No');
Finish executing task 182 for agent 2 on time 1787683912.5738416 with plan ->True}l('No');
Added task 182, time: 1787683912.5761445
Added task 178, time: 1787683912.5912564
Output for task 182: ->False, time: 1787683912.6189685
Start executing task 182 for agent 2 on time 1787683912.619745 with plan ->False
Finish executing task 182 for agent 2 on time 1787683912.6200066 with plan ->False
Added task 177, time: 1787683912.6299837
Output for task 178: g('toy')}, time: 1787683912.6300423
Added task 179, time: 1787683912.6448092
Added task 175, time: 1787683912.6584902
Added task 178, time: 1787683912.6714225
Output for task 177: }->False, time: 1787683912.7016976
Output for task 179: }->False, time: 1787683912.7017717
Output for task 175: ->False, time: 1787683912.7018096
Output for task 178: ->False, time: 1787683912.7018504
Finish executing task 171 for agent 3 on time 1787683912.7088506 with plan g('scissors')
Start executing task 171 for agent 3 on time 1787683912.7092083 with plan }->False
Finish executing task 171 for agent 3 on time 1787683912.7094355 with plan }->False
Finish executing task 167 for agent 32 on time 1787683912.7100549 with plan g('scissors')
Start executing task 167 for agent 32 on time 1787683912.7103791 with plan }->False
Finish executing task 167 for agent 32 on time 1787683912.7106063 with plan }->False
Finish executing task 172 for agent 10 on time 1787683913.3594494 with plan tc(45)}
Start executing task 172 for agent 10 on time 1787683913.3598814 with plan ->False;
Finish executing task 172 for agent 10 on time 1787683913.3601234 with plan ->False;
Finish executing task 177 for agent 33 on time 1787683913.8183928 with plan ?s('scissors')==True{
Start executing task 177 for agent 33 on time 1787683913.818722 with plan g('scissors')
Finish executing task 179 for agent 11 on time 1787683913.9592953 with plan ?s('scissors')==True{
Start executing task 179 for agent 11 on time 1787683913.959686 with plan g('scissors')
Finish executing task 176 for agent 30 on time 1787683913.9794421 with plan tc(45);
Start executing task 176 for agent 30 on time 1787683913.9797575 with plan 
Finish executing task 176 for agent 30 on time 1787683913.9799602 with plan 
Finish executing task 184 for agent 16 on time 1787683914.143404 with plan tc(45);
Start executing task 184 for agent 16 on time 1787683914.1437774 with plan 
Finish executing task 183 for agent 12 on time 1787683914.143922 with plan tc(45);
Finish executing task 184 for agent 16 on time 1787683914.1442075 with plan 
Start executing task 183 for agent 12 on time 1787683914.1445158 with plan 
Finish executing task 183 for agent 12 on time 1787683914.144869 with plan 
Finish executing task 175 for agent 28 on time 1787683914.465308 with plan md(40);
Start executing task 175 for agent 28 on time 1787683914.4656627 with plan ?iv('toy')==True{
Finish executing task 175 for agent 28 on time 1787683914.4670274 with plan ?iv('toy')==True{
Start executing task 175 for agent 28 on time 1787683914.4671965 with plan g('toy')}
Finish executing task 174 for agent 14 on time 1787683914.8575954 with plan g('cat')
Start executing task 174 for agent 14 on time 1787683914.8579292 with plan };
Finish executing task 174 for agent 14 on time 1787683914.8581188 with plan };
Finish executing task 178 for agent 36 on time 1787683914.870973 with plan md(40);
Start executing task 178 for agent 36 on time 1787683914.8713505 with plan ?iv('toy')==True{
Finish executing task 178 for agent 36 on time 1787683914.8726926 with plan ?iv('toy')==True{
Start executing task 178 for agent 36 on time 1787683914.8729057 with plan g('toy')}
Finish executing task 180 for agent 17 on time 1787683914.8961813 with plan ?iv('boy')==True{
Start executing task 180 for agent 17 on time 1787683914.8965325 with plan tc(45)}
Finish executing task 185 for agent 37 on time 1787683915.0614367 with plan ?iv('boy')==True{
Start executing task 185 for agent 37 on time 1787683915.0617626 with plan tc(45)}
Finish executing task 181 for agent 34 on time 1787683915.0628169 with plan ?iv('boy')==True{
Start executing task 181 for agent 34 on time 1787683915.0632226 with plan tc(45)}
Finish executing task 177 for agent 33 on time 1787683916.282792 with plan g('scissors')
Start executing task 177 for agent 33 on time 1787683916.2831595 with plan }->False
Finish executing task 177 for agent 33 on time 1787683916.2833927 with plan }->False
Generating request from task 186, time: 1787683916.304033
Generating request from task 187, time: 1787683916.3046372
Generating request from task 188, time: 1787683916.3051136
Generating request from task 189, time: 1787683916.3054838
Added task 187, time: 1787683916.3189857
Added task 188, time: 1787683916.353326
Output for task 187: ?iv('boy')==True{, time: 1787683916.4214666
Output for task 188: ?iv('boy')==True{, time: 1787683916.4221926
Start executing task 187 for agent 9 on time 1787683916.422528 with plan ?iv('boy')==True{
Start executing task 188 for agent 19 on time 1787683916.4236898 with plan ?iv('boy')==True{
Finish executing task 179 for agent 11 on time 1787683916.4238873 with plan g('scissors')
Start executing task 179 for agent 11 on time 1787683916.4247458 with plan }->False
Finish executing task 179 for agent 11 on time 1787683916.4252973 with plan }->False
Added task 188, time: 1787683916.4257
Added task 187, time: 1787683916.4406786
Added task 186, time: 1787683916.4589553
Output for task 188: tc(45)}, time: 1787683916.497062
Output for task 187: tc(45)}, time: 1787683916.4975436
Output for task 186: md(40);, time: 1787683916.4979506
Start executing task 186 for agent 41 on time 1787683916.4987574 with plan md(40);
Added task 189, time: 1787683916.504943
Added task 188, time: 1787683916.5193043
Added task 187, time: 1787683916.5330229
Added task 186, time: 1787683916.5460734
Output for task 188: ->False;, time: 1787683916.5849004
Output for task 187: ->False;, time: 1787683916.5849695
Output for task 189: ?iv('keys'), time: 1787683916.5936444
Start executing task 189 for agent 6 on time 1787683916.5944505 with plan ?iv('keys')
Finish executing task 189 for agent 6 on time 1787683916.5959437 with plan ?iv('keys')
Added task 189, time: 1787683916.6032894
Output for task 186: ?iv('toy')==True{, time: 1787683916.623171
Output for task 189: &iv('wallet'), time: 1787683916.6472747
Start executing task 189 for agent 6 on time 1787683916.6480374 with plan &iv('wallet')
Finish executing task 189 for agent 6 on time 1787683916.6493075 with plan &iv('wallet')
Added task 189, time: 1787683916.6497052
Added task 186, time: 1787683916.6625798
Output for task 186: g('toy')}, time: 1787683916.6980412
Output for task 189: ->{l('Yes');, time: 1787683916.7065876
Start executing task 189 for agent 6 on time 1787683916.7073407 with plan ->{l('Yes');
Finish executing task 189 for agent 6 on time 1787683916.7085977 with plan ->{l('Yes');
Added task 189, time: 1787683916.7090173
Added task 186, time: 1787683916.7219377
Output for task 186: ->False, time: 1787683916.7497618
Output for task 189: ->True}l('No');, time: 1787683916.7812872
Start executing task 189 for agent 6 on time 1787683916.7820127 with plan ->True}l('No');
Added task 189, time: 1787683916.7830698
Finish executing task 189 for agent 6 on time 1787683916.7832677 with plan ->True}l('No');
Output for task 189: ->False, time: 1787683916.8108938
Start executing task 189 for agent 6 on time 1787683916.8113441 with plan ->False
Finish executing task 189 for agent 6 on time 1787683916.811519 with plan ->False
Finish executing task 180 for agent 17 on time 1787683916.8764985 with plan tc(45)}
Start executing task 180 for agent 17 on time 1787683916.8769598 with plan ->False;
Finish executing task 180 for agent 17 on time 1787683916.8774228 with plan ->False;
Finish executing task 185 for agent 37 on time 1787683917.04174 with plan tc(45)}
Start executing task 185 for agent 37 on time 1787683917.0421407 with plan ->False;
Finish executing task 185 for agent 37 on time 1787683917.0423784 with plan ->False;
Finish executing task 181 for agent 34 on time 1787683917.04319 with plan tc(45)}
Start executing task 181 for agent 34 on time 1787683917.0435376 with plan ->False;
Finish executing task 181 for agent 34 on time 1787683917.0437622 with plan ->False;
Finish executing task 175 for agent 28 on time 1787683917.1767201 with plan g('toy')}
Start executing task 175 for agent 28 on time 1787683917.1771402 with plan ->False
Finish executing task 175 for agent 28 on time 1787683917.1773653 with plan ->False
Finish executing task 178 for agent 36 on time 1787683917.5824373 with plan g('toy')}
Start executing task 178 for agent 36 on time 1787683917.5827622 with plan ->False
Finish executing task 178 for agent 36 on time 1787683917.5829854 with plan ->False
Finish executing task 186 for agent 41 on time 1787683919.0961847 with plan md(40);
Start executing task 186 for agent 41 on time 1787683919.096639 with plan ?iv('toy')==True{
Finish executing task 186 for agent 41 on time 1787683919.0980346 with plan ?iv('toy')==True{
Start executing task 186 for agent 41 on time 1787683919.0982091 with plan g('toy')}
Finish executing task 187 for agent 9 on time 1787683919.4263363 with plan ?iv('boy')==True{
Start executing task 187 for agent 9 on time 1787683919.4265273 with plan tc(45)}
Finish executing task 188 for agent 19 on time 1787683919.427402 with plan ?iv('boy')==True{
Start executing task 188 for agent 19 on time 1787683919.427782 with plan tc(45)}
Finish executing task 187 for agent 9 on time 1787683921.4063413 with plan tc(45)}
Start executing task 187 for agent 9 on time 1787683921.4066813 with plan ->False;
Finish executing task 187 for agent 9 on time 1787683921.406932 with plan ->False;
Finish executing task 188 for agent 19 on time 1787683921.4077506 with plan tc(45)}
Start executing task 188 for agent 19 on time 1787683921.4081 with plan ->False;
Finish executing task 188 for agent 19 on time 1787683921.4083157 with plan ->False;
Finish executing task 186 for agent 41 on time 1787683921.8077397 with plan g('toy')}
Start executing task 186 for agent 41 on time 1787683921.808153 with plan ->False
Finish executing task 186 for agent 41 on time 1787683921.8083823 with plan ->False
Generating request from task 190, time: 1787683925.1608994
Generating request from task 191, time: 1787683925.161465
Generating request from task 192, time: 1787683925.1618485
Generating request from task 193, time: 1787683925.1621695
Generating request from task 194, time: 1787683925.1624622
Generating request from task 195, time: 1787683925.1627512
Added task 191, time: 1787683925.180285
Added task 194, time: 1787683925.2124162
Output for task 194: tc(45);, time: 1787683925.253742
Start executing task 194 for agent 23 on time 1787683925.2548409 with plan tc(45);
Output for task 191: ?iv('boy')==True{, time: 1787683925.278098
Start executing task 191 for agent 7 on time 1787683925.2791665 with plan ?iv('boy')==True{
Added task 195, time: 1787683925.2860482
Added task 191, time: 1787683925.3009338
Added task 194, time: 1787683925.31489
Generating request from task 196, time: 1787683925.3181937
Generating request from task 197, time: 1787683925.3190393
Generating request from task 198, time: 1787683925.3200145
Generating request from task 199, time: 1787683925.3209934
Generating request from task 200, time: 1787683925.321986
Generating request from task 201, time: 1787683925.3229842
Generating request from task 202, time: 1787683925.323976
Generating request from task 203, time: 1787683925.3249762
Generating request from task 204, time: 1787683925.3259966
Output for task 194: , time: 1787683925.3265994
Generating request from task 205, time: 1787683925.3269918
Generating request from task 206, time: 1787683925.3279903
Generating request from task 207, time: 1787683925.3289742
Generating request from task 208, time: 1787683925.3299766
Output for task 195: tc(45);, time: 1787683925.351242
Output for task 191: tc(45)}, time: 1787683925.3517995
Start executing task 195 for agent 29 on time 1787683925.3523114 with plan tc(45);
Added task 198, time: 1787683925.3624904
Added task 203, time: 1787683925.384334
Output for task 198: tc(45);, time: 1787683925.4204173
Output for task 203: tc(45);, time: 1787683925.4209344
Start executing task 198 for agent 22 on time 1787683925.4214694 with plan tc(45);
Start executing task 203 for agent 8 on time 1787683925.4218817 with plan tc(45);
Added task 204, time: 1787683925.432437
Added task 208, time: 1787683925.4549885
Output for task 208: tc(45);, time: 1787683925.4904864
Start executing task 208 for agent 5 on time 1787683925.4913466 with plan tc(45);
Output for task 204: ?iv('boy')==True{, time: 1787683925.5150096
Start executing task 204 for agent 1 on time 1787683925.5162294 with plan ?iv('boy')==True{
Added task 204, time: 1787683925.5237134
Added task 190, time: 1787683925.5465014
Output for task 204: tc(45)}, time: 1787683925.5820065
Added task 192, time: 1787683925.6019273
Added task 193, time: 1787683925.6247535
Added task 195, time: 1787683925.6436834
Added task 191, time: 1787683925.6619399
Output for task 195: , time: 1787683925.6619968
Output for task 190: ?s('cat')==True{, time: 1787683925.6830914
Start executing task 190 for agent 39 on time 1787683925.6839628 with plan ?s('cat')==True{
Added task 198, time: 1787683925.6989138
Added task 203, time: 1787683925.7166495
Output for task 198: , time: 1787683925.7167072
Added task 196, time: 1787683925.7374082
Output for task 203: , time: 1787683925.737489
Added task 197, time: 1787683925.7579126
Output for task 191: ->False;, time: 1787683925.7789304
Added task 199, time: 1787683925.796018
Added task 200, time: 1787683925.815726
Added task 201, time: 1787683925.835035
Added task 202, time: 1787683925.8544915
Added task 205, time: 1787683925.8733437
Added task 206, time: 1787683925.8902194
Output for task 192: ?s('cat')==True{, time: 1787683925.8902788
Output for task 193: ?s('cat')==True{, time: 1787683925.890746
Start executing task 192 for agent 26 on time 1787683925.8911622 with plan ?s('cat')==True{
Start executing task 193 for agent 13 on time 1787683925.891535 with plan ?s('cat')==True{
Added task 207, time: 1787683925.9107733
Added task 208, time: 1787683925.926425
Output for task 196: ?s('cat')==True{, time: 1787683925.9463885
Output for task 197: ?s('cat')==True{, time: 1787683925.946943
Output for task 200: mu(40);, time: 1787683925.947344
Start executing task 196 for agent 31 on time 1787683925.9473407 with plan ?s('cat')==True{
Output for task 201: mu(40);, time: 1787683925.9477386
Start executing task 197 for agent 21 on time 1787683925.9479125 with plan ?s('cat')==True{
Start executing task 200 for agent 15 on time 1787683925.9484897 with plan mu(40);
Start executing task 201 for agent 24 on time 1787683925.9487965 with plan mu(40);
Added task 204, time: 1787683925.9655497
Output for task 208: , time: 1787683925.9772513
Output for task 199: ?iv('keys'), time: 1787683925.9987006
Output for task 202: ?iv('keys'), time: 1787683925.9993117
Output for task 205: md(40);, time: 1787683925.9997075
Start executing task 199 for agent 20 on time 1787683925.9997041 with plan ?iv('keys')
Start executing task 202 for agent 38 on time 1787683926.0002406 with plan ?iv('keys')
Start executing task 205 for agent 27 on time 1787683926.0007854 with plan md(40);
Finish executing task 199 for agent 20 on time 1787683926.0011907 with plan ?iv('keys')
Finish executing task 202 for agent 38 on time 1787683926.0016973 with plan ?iv('keys')
Output for task 204: ->False;, time: 1787683926.0171554
Added task 202, time: 1787683926.032794
Output for task 206: ?s('scissors')==True{, time: 1787683926.0328732
Start executing task 206 for agent 40 on time 1787683926.0336072 with plan ?s('scissors')==True{
Added task 199, time: 1787683926.0519001
Added task 190, time: 1787683926.0698617
Output for task 207: ?s('scissors')==True{, time: 1787683926.0991988
Start executing task 207 for agent 0 on time 1787683926.1002982 with plan ?s('scissors')==True{
Output for task 190: g('cat'), time: 1787683926.108389
Output for task 202: &iv('wallet'), time: 1787683926.1172738
Output for task 199: &iv('wallet'), time: 1787683926.1177237
Start executing task 202 for agent 38 on time 1787683926.118059 with plan &iv('wallet')
Start executing task 199 for agent 20 on time 1787683926.1183467 with plan &iv('wallet')
Finish executing task 202 for agent 38 on time 1787683926.1193922 with plan &iv('wallet')
Finish executing task 199 for agent 20 on time 1787683926.119657 with plan &iv('wallet')
Added task 199, time: 1787683926.126745
Added task 202, time: 1787683926.146241
Added task 192, time: 1787683926.1650038
Output for task 192: g('cat'), time: 1787683926.2019658
Output for task 199: ->{l('Yes');, time: 1787683926.2109132
Output for task 202: ->{l('Yes');, time: 1787683926.2113917
Start executing task 199 for agent 20 on time 1787683926.2116902 with plan ->{l('Yes');
Start executing task 202 for agent 38 on time 1787683926.2119918 with plan ->{l('Yes');
Finish executing task 199 for agent 20 on time 1787683926.2129807 with plan ->{l('Yes');
Finish executing task 202 for agent 38 on time 1787683926.213274 with plan ->{l('Yes');
Added task 202, time: 1787683926.2200592
Added task 199, time: 1787683926.2395213
Added task 193, time: 1787683926.258267
Output for task 193: g('cat'), time: 1787683926.29567
Output for task 202: ->True}l('No');, time: 1787683926.320616
Output for task 199: ->True}l('No');, time: 1787683926.3211248
Start executing task 202 for agent 38 on time 1787683926.321394 with plan ->True}l('No');
Start executing task 199 for agent 20 on time 1787683926.3221557 with plan ->True}l('No');
Finish executing task 202 for agent 38 on time 1787683926.3226666 with plan ->True}l('No');
Finish executing task 199 for agent 20 on time 1787683926.3234434 with plan ->True}l('No');
Added task 199, time: 1787683926.33
Added task 202, time: 1787683926.3495164
Added task 196, time: 1787683926.3682623
Output for task 199: ->False, time: 1787683926.3968105
Output for task 202: ->False, time: 1787683926.3968873
Start executing task 199 for agent 20 on time 1787683926.3976107 with plan ->False
Finish executing task 199 for agent 20 on time 1787683926.3977804 with plan ->False
Start executing task 202 for agent 38 on time 1787683926.3979325 with plan ->False
Finish executing task 202 for agent 38 on time 1787683926.3981314 with plan ->False
Added task 197, time: 1787683926.4117272
Output for task 196: g('cat'), time: 1787683926.411786
Added task 206, time: 1787683926.430308
Added task 207, time: 1787683926.4482975
Added task 201, time: 1787683926.4652278
Added task 200, time: 1787683926.4814022
Added task 205, time: 1787683926.497032
Added task 190, time: 1787683926.511922
Output for task 190: };, time: 1787683926.5329976
Added task 192, time: 1787683926.5453765
Added task 193, time: 1787683926.5590434
Added task 196, time: 1787683926.5720017
Output for task 197: g('cat'), time: 1787683926.5823212
Output for task 192: };, time: 1787683926.5827858
Output for task 193: };, time: 1787683926.5828412
Added task 197, time: 1787683926.5959501
Output for task 206: g('scissors'), time: 1787683926.6179092
Output for task 207: g('scissors'), time: 1787683926.618374
Output for task 196: };, time: 1787683926.6187656
Output for task 197: };, time: 1787683926.6188085
Added task 206, time: 1787683926.6295834
Added task 207, time: 1787683926.6427157
Output for task 201: ?iv('book')==True{, time: 1787683926.664986
Output for task 200: ?iv('book')==True{, time: 1787683926.6654437
Output for task 205: ?iv('toy')==True{, time: 1787683926.665839
Added task 201, time: 1787683926.6773672
Output for task 206: }->False, time: 1787683926.6774247
Output for task 207: }->False, time: 1787683926.6774628
Added task 200, time: 1787683926.6914294
Added task 205, time: 1787683926.7044296
Output for task 201: tp()}, time: 1787683926.7254024
Output for task 200: tp()}, time: 1787683926.725866
Added task 201, time: 1787683926.7361228
Added task 200, time: 1787683926.749143
Output for task 205: g('toy')}, time: 1787683926.7700443
Added task 205, time: 1787683926.7801533
Output for task 201: ->False, time: 1787683926.7802103
Output for task 200: ->False, time: 1787683926.7802474
Output for task 205: ->False, time: 1787683926.8085313
Generating request from task 209, time: 1787683926.835148
Generating request from task 210, time: 1787683926.8356628
Generating request from task 211, time: 1787683926.8360646
Generating request from task 212, time: 1787683926.8364043
Generating request from task 213, time: 1787683926.8372135
Generating request from task 214, time: 1787683926.8382068
Generating request from task 215, time: 1787683926.8392024
Added task 209, time: 1787683926.8393085
Generating request from task 216, time: 1787683926.840203
Generating request from task 217, time: 1787683926.8412125
Generating request from task 218, time: 1787683926.8422008
Generating request from task 219, time: 1787683926.843194
Generating request from task 220, time: 1787683926.844197
Generating request from task 221, time: 1787683926.8452008
Generating request from task 222, time: 1787683926.8461995
Added task 210, time: 1787683926.85907
Output for task 209: tc(30);, time: 1787683926.8949573
Output for task 210: tc(45);, time: 1787683926.895501
Start executing task 209 for agent 35 on time 1787683926.8958058 with plan tc(30);
Start executing task 210 for agent 25 on time 1787683926.896786 with plan tc(45);
Added task 212, time: 1787683926.9054513
Added task 214, time: 1787683926.9260862
Output for task 212: tc(45);, time: 1787683926.9624057
Output for task 214: tc(45);, time: 1787683926.9629018
Start executing task 212 for agent 32 on time 1787683926.9632313 with plan tc(45);
Start executing task 214 for agent 18 on time 1787683926.9640899 with plan tc(45);
Added task 222, time: 1787683926.9731913
Added task 219, time: 1787683926.99444
Added task 218, time: 1787683927.0158803
Added task 216, time: 1787683927.0368154
Added task 209, time: 1787683927.0535984
Output for task 209: , time: 1787683927.065363
Output for task 222: tc(30);, time: 1787683927.0921774
Output for task 219: tc(45);, time: 1787683927.0927534
Output for task 218: tc(30);, time: 1787683927.0931687
Start executing task 222 for agent 16 on time 1787683927.0930362 with plan tc(30);
Output for task 216: tc(30);, time: 1787683927.0935504
Start executing task 219 for agent 11 on time 1787683927.0938866 with plan tc(45);
Start executing task 218 for agent 33 on time 1787683927.094223 with plan tc(30);
Start executing task 216 for agent 10 on time 1787683927.094557 with plan tc(30);
Added task 222, time: 1787683927.101045
Added task 218, time: 1787683927.1195507
Output for task 222: , time: 1787683927.119613
Added task 216, time: 1787683927.1373065
Output for task 218: , time: 1787683927.1373837
Added task 210, time: 1787683927.1545296
Output for task 216: , time: 1787683927.1546044
Added task 212, time: 1787683927.1710732
Output for task 210: , time: 1787683927.1711476
Added task 214, time: 1787683927.1870196
Output for task 212: , time: 1787683927.1870928
Added task 211, time: 1787683927.2058766
Output for task 214: , time: 1787683927.205958
Added task 213, time: 1787683927.224209
Added task 215, time: 1787683927.242007
Added task 217, time: 1787683927.2593586
Added task 220, time: 1787683927.2764263
Added task 221, time: 1787683927.293209
Added task 219, time: 1787683927.306142
Output for task 219: , time: 1787683927.3181655
Output for task 211: mu(40);, time: 1787683927.3466773
Output for task 215: mu(40);, time: 1787683927.347203
Output for task 220: md(40);, time: 1787683927.347619
Start executing task 211 for agent 2 on time 1787683927.3478408 with plan mu(40);
Start executing task 215 for agent 4 on time 1787683927.348071 with plan mu(40);
Start executing task 220 for agent 30 on time 1787683927.3490329 with plan md(40);
Added task 211, time: 1787683927.3592627
Finish executing task 194 for agent 23 on time 1787683927.3659992 with plan tc(45);
Start executing task 194 for agent 23 on time 1787683927.3663156 with plan 
Finish executing task 194 for agent 23 on time 1787683927.3664947 with plan 
Added task 215, time: 1787683927.3728957
Added task 220, time: 1787683927.3857985
Output for task 213: ?s('cat')==True{, time: 1787683927.4078927
Output for task 221: ?s('cat')==True{, time: 1787683927.4083562
Start executing task 213 for agent 3 on time 1787683927.408857 with plan ?s('cat')==True{
Start executing task 221 for agent 12 on time 1787683927.4092991 with plan ?s('cat')==True{
Added task 213, time: 1787683927.4195483
Output for task 217: ?s('scissors')==True{, time: 1787683927.4196048
Start executing task 217 for agent 14 on time 1787683927.4203665 with plan ?s('scissors')==True{
Added task 221, time: 1787683927.4335825
Added task 217, time: 1787683927.4464679
Finish executing task 195 for agent 29 on time 1787683927.4628508 with plan tc(45);
Start executing task 195 for agent 29 on time 1787683927.4632049 with plan 
Finish executing task 195 for agent 29 on time 1787683927.4633987 with plan 
Output for task 213: g('cat'), time: 1787683927.4871185
Output for task 221: g('cat'), time: 1787683927.4875877
Added task 213, time: 1787683927.4993
Output for task 211: ?iv('book')==True{, time: 1787683927.4993565
Output for task 215: ?iv('book')==True{, time: 1787683927.49982
Output for task 220: ?iv('toy')==True{, time: 1787683927.5002024
Output for task 217: g('scissors'), time: 1787683927.5005724
Added task 211, time: 1787683927.5165377
Added task 220, time: 1787683927.5314987
Finish executing task 198 for agent 22 on time 1787683927.532606 with plan tc(45);
Start executing task 198 for agent 22 on time 1787683927.5330002 with plan 
Finish executing task 198 for agent 22 on time 1787683927.5332022 with plan 
Finish executing task 203 for agent 8 on time 1787683927.53333 with plan tc(45);
Start executing task 203 for agent 8 on time 1787683927.5336506 with plan 
Finish executing task 203 for agent 8 on time 1787683927.5338552 with plan 
Added task 215, time: 1787683927.5462139
Added task 221, time: 1787683927.5599284
Added task 217, time: 1787683927.5728636
Finish executing task 206 for agent 40 on time 1787683927.5918972 with plan ?s('scissors')==True{
Start executing task 206 for agent 40 on time 1787683927.5922062 with plan g('scissors')
Output for task 213: };, time: 1787683927.5947714
Output for task 211: tp()}, time: 1787683927.5948455
Output for task 215: tp()}, time: 1787683927.5952878
Output for task 221: };, time: 1787683927.5956604
Finish executing task 208 for agent 5 on time 1787683927.602377 with plan tc(45);
Start executing task 208 for agent 5 on time 1787683927.6025715 with plan 
Finish executing task 208 for agent 5 on time 1787683927.6027184 with plan 
Added task 211, time: 1787683927.6060493
Output for task 217: }->False, time: 1787683927.606109
Added task 215, time: 1787683927.6192682
Output for task 220: g('toy')}, time: 1787683927.6405282
Added task 220, time: 1787683927.65066
Output for task 211: ->False, time: 1787683927.6507156
Output for task 215: ->False, time: 1787683927.650757
Finish executing task 207 for agent 0 on time 1787683927.658667 with plan ?s('scissors')==True{
Start executing task 207 for agent 0 on time 1787683927.6591096 with plan g('scissors')
Output for task 220: ->False, time: 1787683927.6789973
Finish executing task 191 for agent 7 on time 1787683928.2826333 with plan ?iv('boy')==True{
Start executing task 191 for agent 7 on time 1787683928.2829797 with plan tc(45)}
Finish executing task 200 for agent 15 on time 1787683928.4507883 with plan mu(40);
Finish executing task 201 for agent 24 on time 1787683928.4512126 with plan mu(40);
Start executing task 201 for agent 24 on time 1787683928.4514568 with plan ?iv('book')==True{
Start executing task 200 for agent 15 on time 1787683928.451725 with plan ?iv('book')==True{
Finish executing task 201 for agent 24 on time 1787683928.4527454 with plan ?iv('book')==True{
Start executing task 201 for agent 24 on time 1787683928.452941 with plan tp()}
Finish executing task 200 for agent 15 on time 1787683928.4531302 with plan ?iv('book')==True{
Start executing task 200 for agent 15 on time 1787683928.4533248 with plan tp()}
Finish executing task 201 for agent 24 on time 1787683928.4541829 with plan tp()}
Start executing task 201 for agent 24 on time 1787683928.4543474 with plan ->False
Finish executing task 201 for agent 24 on time 1787683928.4545085 with plan ->False
Finish executing task 200 for agent 15 on time 1787683928.4546087 with plan tp()}
Start executing task 200 for agent 15 on time 1787683928.454774 with plan ->False
Finish executing task 200 for agent 15 on time 1787683928.4549568 with plan ->False
Finish executing task 204 for agent 1 on time 1787683928.518869 with plan ?iv('boy')==True{
Start executing task 204 for agent 1 on time 1787683928.519305 with plan tc(45)}
Finish executing task 205 for agent 27 on time 1787683928.5982127 with plan md(40);
Start executing task 205 for agent 27 on time 1787683928.598578 with plan ?iv('toy')==True{
Finish executing task 205 for agent 27 on time 1787683928.5999382 with plan ?iv('toy')==True{
Start executing task 205 for agent 27 on time 1787683928.6001034 with plan g('toy')}
Finish executing task 217 for agent 14 on time 1787683928.9786587 with plan ?s('scissors')==True{
Start executing task 217 for agent 14 on time 1787683928.978983 with plan g('scissors')
Finish executing task 210 for agent 25 on time 1787683929.008111 with plan tc(45);
Start executing task 210 for agent 25 on time 1787683929.0083983 with plan 
Finish executing task 210 for agent 25 on time 1787683929.0085866 with plan 
Finish executing task 212 for agent 32 on time 1787683929.0744514 with plan tc(45);
Start executing task 212 for agent 32 on time 1787683929.0748224 with plan 
Finish executing task 212 for agent 32 on time 1787683929.075041 with plan 
Finish executing task 214 for agent 18 on time 1787683929.075179 with plan tc(45);
Start executing task 214 for agent 18 on time 1787683929.0754275 with plan 
Finish executing task 214 for agent 18 on time 1787683929.075597 with plan 
Finish executing task 219 for agent 11 on time 1787683929.2049446 with plan tc(45);
Start executing task 219 for agent 11 on time 1787683929.2052155 with plan 
Finish executing task 219 for agent 11 on time 1787683929.2053823 with plan 
Finish executing task 190 for agent 39 on time 1787683929.4010835 with plan ?s('cat')==True{
Start executing task 190 for agent 39 on time 1787683929.4013653 with plan g('cat')
Finish executing task 209 for agent 35 on time 1787683929.4848585 with plan tc(30);
Start executing task 209 for agent 35 on time 1787683929.4851937 with plan 
Finish executing task 209 for agent 35 on time 1787683929.485385 with plan 
Finish executing task 192 for agent 26 on time 1787683929.6084042 with plan ?s('cat')==True{
Start executing task 192 for agent 26 on time 1787683929.6086378 with plan g('cat')
Finish executing task 193 for agent 13 on time 1787683929.6089206 with plan ?s('cat')==True{
Start executing task 193 for agent 13 on time 1787683929.609055 with plan g('cat')
Finish executing task 196 for agent 31 on time 1787683929.6638563 with plan ?s('cat')==True{
Start executing task 196 for agent 31 on time 1787683929.6641974 with plan g('cat')
Finish executing task 197 for agent 21 on time 1787683929.6653516 with plan ?s('cat')==True{
Start executing task 197 for agent 21 on time 1787683929.66572 with plan g('cat')
Finish executing task 222 for agent 16 on time 1787683929.6827242 with plan tc(30);
Start executing task 222 for agent 16 on time 1787683929.6830003 with plan 
Finish executing task 222 for agent 16 on time 1787683929.6832056 with plan 
Finish executing task 218 for agent 33 on time 1787683929.6837502 with plan tc(30);
Finish executing task 216 for agent 10 on time 1787683929.6838512 with plan tc(30);
Start executing task 218 for agent 33 on time 1787683929.6840236 with plan 
Start executing task 216 for agent 10 on time 1787683929.6841578 with plan 
Finish executing task 218 for agent 33 on time 1787683929.6843112 with plan 
Finish executing task 216 for agent 10 on time 1787683929.684413 with plan 
Finish executing task 211 for agent 2 on time 1787683929.8498628 with plan mu(40);
Start executing task 211 for agent 2 on time 1787683929.8502963 with plan ?iv('book')==True{
Finish executing task 215 for agent 4 on time 1787683929.850917 with plan mu(40);
Start executing task 215 for agent 4 on time 1787683929.851275 with plan ?iv('book')==True{
Finish executing task 211 for agent 2 on time 1787683929.8516464 with plan ?iv('book')==True{
Start executing task 211 for agent 2 on time 1787683929.8518913 with plan tp()}
Finish executing task 215 for agent 4 on time 1787683929.8525987 with plan ?iv('book')==True{
Start executing task 215 for agent 4 on time 1787683929.8528125 with plan tp()}
Finish executing task 211 for agent 2 on time 1787683929.853154 with plan tp()}
Start executing task 211 for agent 2 on time 1787683929.8533454 with plan ->False
Finish executing task 211 for agent 2 on time 1787683929.8535104 with plan ->False
Finish executing task 215 for agent 4 on time 1787683929.8540788 with plan tp()}
Start executing task 215 for agent 4 on time 1787683929.8542795 with plan ->False
Finish executing task 215 for agent 4 on time 1787683929.8544445 with plan ->False
Finish executing task 220 for agent 30 on time 1787683929.9464512 with plan md(40);
Start executing task 220 for agent 30 on time 1787683929.946745 with plan ?iv('toy')==True{
Finish executing task 220 for agent 30 on time 1787683929.9480686 with plan ?iv('toy')==True{
Start executing task 220 for agent 30 on time 1787683929.94823 with plan g('toy')}
Finish executing task 206 for agent 40 on time 1787683930.0558603 with plan g('scissors')
Start executing task 206 for agent 40 on time 1787683930.0562 with plan }->False
Finish executing task 206 for agent 40 on time 1787683930.056423 with plan }->False
Finish executing task 207 for agent 0 on time 1787683930.1231809 with plan g('scissors')
Start executing task 207 for agent 0 on time 1787683930.1236231 with plan }->False
Finish executing task 207 for agent 0 on time 1787683930.1238985 with plan }->False
Finish executing task 191 for agent 7 on time 1787683930.26294 with plan tc(45)}
Start executing task 191 for agent 7 on time 1787683930.263233 with plan ->False;
Finish executing task 191 for agent 7 on time 1787683930.263444 with plan ->False;
Finish executing task 204 for agent 1 on time 1787683930.4988647 with plan tc(45)}
Start executing task 204 for agent 1 on time 1787683930.4992988 with plan ->False;
Finish executing task 204 for agent 1 on time 1787683930.4995375 with plan ->False;
Finish executing task 213 for agent 3 on time 1787683931.1262267 with plan ?s('cat')==True{
Start executing task 213 for agent 3 on time 1787683931.126472 with plan g('cat')
Finish executing task 221 for agent 12 on time 1787683931.1267145 with plan ?s('cat')==True{
Start executing task 221 for agent 12 on time 1787683931.1271105 with plan g('cat')
Finish executing task 205 for agent 27 on time 1787683931.3096268 with plan g('toy')}
Start executing task 205 for agent 27 on time 1787683931.3100216 with plan ->False
Finish executing task 205 for agent 27 on time 1787683931.3102503 with plan ->False
Finish executing task 217 for agent 14 on time 1787683931.4430168 with plan g('scissors')
Start executing task 217 for agent 14 on time 1787683931.4432874 with plan }->False
Finish executing task 217 for agent 14 on time 1787683931.4434967 with plan }->False
Finish executing task 190 for agent 39 on time 1787683931.865232 with plan g('cat')
Start executing task 190 for agent 39 on time 1787683931.8654754 with plan };
Finish executing task 190 for agent 39 on time 1787683931.8656561 with plan };
Finish executing task 192 for agent 26 on time 1787683932.0726976 with plan g('cat')
Start executing task 192 for agent 26 on time 1787683932.073007 with plan };
Finish executing task 192 for agent 26 on time 1787683932.0732112 with plan };
Finish executing task 193 for agent 13 on time 1787683932.0733268 with plan g('cat')
Start executing task 193 for agent 13 on time 1787683932.0735312 with plan };
Finish executing task 193 for agent 13 on time 1787683932.0736976 with plan };
Finish executing task 196 for agent 31 on time 1787683932.127849 with plan g('cat')
Start executing task 196 for agent 31 on time 1787683932.1281822 with plan };
Finish executing task 196 for agent 31 on time 1787683932.128424 with plan };
Finish executing task 197 for agent 21 on time 1787683932.12977 with plan g('cat')
Start executing task 197 for agent 21 on time 1787683932.1301022 with plan };
Finish executing task 197 for agent 21 on time 1787683932.1303122 with plan };
Finish executing task 220 for agent 30 on time 1787683932.6575012 with plan g('toy')}
Start executing task 220 for agent 30 on time 1787683932.6579041 with plan ->False
Finish executing task 220 for agent 30 on time 1787683932.658134 with plan ->False
Generating request from task 223, time: 1787683933.0924397
Generating request from task 224, time: 1787683933.0930374
Generating request from task 225, time: 1787683933.0934618
Added task 224, time: 1787683933.1103725
Added task 223, time: 1787683933.1432586
Output for task 224: tc(30);, time: 1787683933.1862469
Start executing task 224 for agent 17 on time 1787683933.1873057 with plan tc(30);
Added task 224, time: 1787683933.1967242
Added task 225, time: 1787683933.215801
Output for task 224: , time: 1787683933.2158782
Output for task 223: ?s('scissors')==True{, time: 1787683933.2455592
Start executing task 223 for agent 6 on time 1787683933.2465556 with plan ?s('scissors')==True{
Added task 223, time: 1787683933.2555883
Output for task 225: mu(40);, time: 1787683933.2556443
Start executing task 225 for agent 34 on time 1787683933.2564442 with plan mu(40);
Added task 225, time: 1787683933.2691987
Output for task 223: g('scissors'), time: 1787683933.3140268
Added task 223, time: 1787683933.3237693
Output for task 225: ?iv('book')==True{, time: 1787683933.3441236
Added task 225, time: 1787683933.3540146
Output for task 223: }->False, time: 1787683933.3540716
Output for task 225: tp()}, time: 1787683933.3744283
Added task 225, time: 1787683933.3761573
Output for task 225: ->False, time: 1787683933.4043279
Finish executing task 213 for agent 3 on time 1787683933.590485 with plan g('cat')
Start executing task 213 for agent 3 on time 1787683933.590778 with plan };
Finish executing task 213 for agent 3 on time 1787683933.591022 with plan };
Finish executing task 221 for agent 12 on time 1787683933.5911574 with plan g('cat')
Start executing task 221 for agent 12 on time 1787683933.5915272 with plan };
Finish executing task 221 for agent 12 on time 1787683933.5917509 with plan };
Finish executing task 223 for agent 6 on time 1787683934.8048642 with plan ?s('scissors')==True{
Start executing task 223 for agent 6 on time 1787683934.8050718 with plan g('scissors')
Finish executing task 225 for agent 34 on time 1787683935.7575855 with plan mu(40);
Start executing task 225 for agent 34 on time 1787683935.7579598 with plan ?iv('book')==True{
Finish executing task 225 for agent 34 on time 1787683935.7592752 with plan ?iv('book')==True{
Start executing task 225 for agent 34 on time 1787683935.7594347 with plan tp()}
Finish executing task 225 for agent 34 on time 1787683935.7606754 with plan tp()}
Start executing task 225 for agent 34 on time 1787683935.7608137 with plan ->False
Finish executing task 225 for agent 34 on time 1787683935.7609844 with plan ->False
Finish executing task 224 for agent 17 on time 1787683935.7768536 with plan tc(30);
Start executing task 224 for agent 17 on time 1787683935.7772627 with plan 
Finish executing task 224 for agent 17 on time 1787683935.777475 with plan 
Finish executing task 223 for agent 6 on time 1787683937.2688572 with plan g('scissors')
Start executing task 223 for agent 6 on time 1787683937.2692645 with plan }->False
Finish executing task 223 for agent 6 on time 1787683937.2695045 with plan }->False
Generating request from task 226, time: 1787683938.4903622
Generating request from task 227, time: 1787683938.4906495
Added task 227, time: 1787683938.497906
Added task 226, time: 1787683938.5215368
Output for task 227: tc(45);, time: 1787683938.56187
Output for task 226: mu(40);, time: 1787683938.5624678
Start executing task 227 for agent 28 on time 1787683938.5628297 with plan tc(45);
Start executing task 226 for agent 37 on time 1787683938.5631585 with plan mu(40);
Added task 227, time: 1787683938.5645242
Added task 226, time: 1787683938.5808527
Output for task 227: , time: 1787683938.5809472
Output for task 226: ?iv('book')==True{, time: 1787683938.64556
Added task 226, time: 1787683938.6470313
Output for task 226: tp()}, time: 1787683938.6704783
Added task 226, time: 1787683938.6719084
Output for task 226: ->False, time: 1787683938.7036507
Generating request from task 228, time: 1787683939.6032608
Generating request from task 229, time: 1787683939.6035557
Generating request from task 230, time: 1787683939.6045334
Generating request from task 231, time: 1787683939.6054363
Generating request from task 232, time: 1787683939.606428
Generating request from task 233, time: 1787683939.607429
Generating request from task 234, time: 1787683939.608409
Generating request from task 235, time: 1787683939.6094058
Added task 228, time: 1787683939.6102164
Generating request from task 236, time: 1787683939.6104066
Generating request from task 237, time: 1787683939.611411
Generating request from task 238, time: 1787683939.6124065
Generating request from task 239, time: 1787683939.613434
Generating request from task 240, time: 1787683939.614407
Generating request from task 241, time: 1787683939.615405
Generating request from task 242, time: 1787683939.6164067
Generating request from task 243, time: 1787683939.61748
Added task 233, time: 1787683939.636211
Output for task 228: tc(45);, time: 1787683939.6765254
Start executing task 228 for agent 36 on time 1787683939.6774943 with plan tc(45);
Added task 234, time: 1787683939.6953743
Added task 237, time: 1787683939.7200701
Output for task 233: ?iv('boy')==True{, time: 1787683939.7535126
Start executing task 233 for agent 38 on time 1787683939.7544343 with plan ?iv('boy')==True{
Added task 243, time: 1787683939.772565
Added task 241, time: 1787683939.7971892
Added task 233, time: 1787683939.816098
Added task 228, time: 1787683939.834537
Output for task 228: , time: 1787683939.849712
Output for task 234: ?iv('boy')==True{, time: 1787683939.8810725
Output for task 237: ?iv('boy')==True{, time: 1787683939.8816829
Start executing task 234 for agent 15 on time 1787683939.8820486 with plan ?iv('boy')==True{
Output for task 241: tc(45);, time: 1787683939.8821354
Output for task 233: tc(45)}, time: 1787683939.8850825
Start executing task 241 for agent 29 on time 1787683939.8878565 with plan tc(45);
Start executing task 237 for agent 0 on time 1787683939.8884742 with plan ?iv('boy')==True{
Added task 237, time: 1787683939.8995755
Output for task 243: ?iv('boy')==True{, time: 1787683939.934348
Start executing task 243 for agent 8 on time 1787683939.9353628 with plan ?iv('boy')==True{
Added task 243, time: 1787683939.9495966
Output for task 237: tc(45)}, time: 1787683939.9496837
Added task 234, time: 1787683939.9728613
Added task 229, time: 1787683940.0012262
Output for task 243: tc(45)}, time: 1787683940.04652
Output for task 234: tc(45)}, time: 1787683940.047087
Output for task 229: mu(40);, time: 1787683940.0474727
Start executing task 229 for agent 9 on time 1787683940.048296 with plan mu(40);
Added task 230, time: 1787683940.0599134
Added task 231, time: 1787683940.087943
Added task 232, time: 1787683940.1149292
Added task 235, time: 1787683940.1415129
Added task 236, time: 1787683940.165454
Added task 238, time: 1787683940.1848423
Added task 239, time: 1787683940.2045436
Added task 240, time: 1787683940.2241206
Added task 242, time: 1787683940.2434983
Added task 241, time: 1787683940.2573893
Added task 233, time: 1787683940.2700393
Output for task 230: md(40);, time: 1787683940.2804716
Output for task 231: mu(40);, time: 1787683940.2809806
Output for task 238: md(40);, time: 1787683940.2841315
Output for task 239: md(40);, time: 1787683940.284491
Output for task 240: mu(40);, time: 1787683940.285009
Start executing task 239 for agent 4 on time 1787683940.2855034 with plan md(40);
Start executing task 240 for agent 23 on time 1787683940.285713 with plan mu(40);
Start executing task 238 for agent 2 on time 1787683940.285941 with plan md(40);
Start executing task 231 for agent 41 on time 1787683940.2874978 with plan mu(40);
Start executing task 230 for agent 19 on time 1787683940.2875726 with plan md(40);
Generating request from task 244, time: 1787683940.2992191
Generating request from task 245, time: 1787683940.2998526
Generating request from task 246, time: 1787683940.3008704
Generating request from task 247, time: 1787683940.301899
Generating request from task 248, time: 1787683940.3028145
Generating request from task 249, time: 1787683940.3038023
Generating request from task 250, time: 1787683940.3047981
Added task 244, time: 1787683940.3064966
Added task 245, time: 1787683940.330749
Output for task 241: , time: 1787683940.3308532
Added task 247, time: 1787683940.3582745
Added task 250, time: 1787683940.381804
Output for task 236: ?s('cat')==True{, time: 1787683940.43479
Start executing task 236 for agent 40 on time 1787683940.4357078 with plan ?s('cat')==True{
Output for task 232: ?s('scissors')==True{, time: 1787683940.4631436
Output for task 235: ?s('scissors')==True{, time: 1787683940.4639745
Start executing task 232 for agent 20 on time 1787683940.4639852 with plan ?s('scissors')==True{
Output for task 242: md(40);, time: 1787683940.4645767
Start executing task 235 for agent 24 on time 1787683940.4646895 with plan ?s('scissors')==True{
Output for task 233: ->False;, time: 1787683940.4652011
Output for task 244: tc(30);, time: 1787683940.4652648
Start executing task 242 for agent 22 on time 1787683940.4655035 with plan md(40);
Output for task 247: tc(30);, time: 1787683940.4659898
Start executing task 244 for agent 5 on time 1787683940.4663503 with plan tc(30);
Start executing task 247 for agent 27 on time 1787683940.468284 with plan tc(30);
Output for task 250: tc(30);, time: 1787683940.4840665
Start executing task 250 for agent 32 on time 1787683940.484915 with plan tc(30);
Output for task 245: ?iv('boy')==True{, time: 1787683940.4936473
Start executing task 245 for agent 7 on time 1787683940.4945323 with plan ?iv('boy')==True{
Added task 245, time: 1787683940.5095828
Added task 237, time: 1787683940.5393593
Output for task 245: tc(45)}, time: 1787683940.5813632
Output for task 237: ->False;, time: 1787683940.5821967
Added task 234, time: 1787683940.5966864
Added task 243, time: 1787683940.625037
Added task 244, time: 1787683940.6531944
Finish executing task 227 for agent 28 on time 1787683940.6728413 with plan tc(45);
Start executing task 227 for agent 28 on time 1787683940.6729891 with plan 
Finish executing task 227 for agent 28 on time 1787683940.673074 with plan 
Added task 247, time: 1787683940.677993
Output for task 244: , time: 1787683940.6780584
Added task 250, time: 1787683940.696971
Output for task 247: , time: 1787683940.6970565
Added task 246, time: 1787683940.7190864
Output for task 250: , time: 1787683940.719179
Added task 248, time: 1787683940.7406654
Added task 249, time: 1787683940.761744
Added task 245, time: 1787683940.7786486
Added task 236, time: 1787683940.7953856
Output for task 234: ->False;, time: 1787683940.8367772
Output for task 243: ->False;, time: 1787683940.8368707
Output for task 245: ->False;, time: 1787683940.8369195
Output for task 236: g('cat'), time: 1787683940.836952
Added task 232, time: 1787683940.853866
Added task 235, time: 1787683940.8743014
Added task 229, time: 1787683940.8942688
Added task 230, time: 1787683940.9126563
Added task 231, time: 1787683940.9310586
Added task 238, time: 1787683940.948574
Added task 239, time: 1787683940.9627457
Added task 240, time: 1787683940.9764965
Output for task 246: ?s('scissors')==True{, time: 1787683940.9765787
Output for task 248: ?s('scissors')==True{, time: 1787683940.977067
Output for task 249: ?s('scissors')==True{, time: 1787683940.9774659
Start executing task 246 for agent 1 on time 1787683940.977504 with plan ?s('scissors')==True{
Start executing task 249 for agent 25 on time 1787683940.978533 with plan ?s('scissors')==True{
Start executing task 248 for agent 14 on time 1787683940.9790218 with plan ?s('scissors')==True{
Added task 246, time: 1787683940.9970078
Added task 248, time: 1787683941.0158846
Added task 249, time: 1787683941.0338514
Added task 242, time: 1787683941.0470476
Added task 236, time: 1787683941.0592816
Output for task 232: g('scissors'), time: 1787683941.0593596
Output for task 235: g('scissors'), time: 1787683941.0598192
Finish executing task 226 for agent 37 on time 1787683941.06484 with plan mu(40);
Start executing task 226 for agent 37 on time 1787683941.0650158 with plan ?iv('book')==True{
Finish executing task 226 for agent 37 on time 1787683941.0661914 with plan ?iv('book')==True{
Start executing task 226 for agent 37 on time 1787683941.0662525 with plan tp()}
Finish executing task 226 for agent 37 on time 1787683941.0673888 with plan tp()}
Start executing task 226 for agent 37 on time 1787683941.067443 with plan ->False
Finish executing task 226 for agent 37 on time 1787683941.067519 with plan ->False
Added task 232, time: 1787683941.0775
Added task 235, time: 1787683941.0947018
Output for task 229: ?iv('book')==True{, time: 1787683941.1176531
Output for task 230: ?iv('toy')==True{, time: 1787683941.1181314
Output for task 231: ?iv('book')==True{, time: 1787683941.1184886
Added task 229, time: 1787683941.1365228
Added task 230, time: 1787683941.15442
Added task 231, time: 1787683941.1712654
Output for task 236: };, time: 1787683941.1825051
Output for task 238: ?iv('toy')==True{, time: 1787683941.211046
Output for task 239: ?iv('toy')==True{, time: 1787683941.2115092
Output for task 240: ?iv('book')==True{, time: 1787683941.2118723
Output for task 246: g('scissors'), time: 1787683941.2122211
Output for task 248: g('scissors'), time: 1787683941.2125466
Added task 238, time: 1787683941.2352822
Added task 239, time: 1787683941.256984
Output for task 232: }->False, time: 1787683941.3155198
Output for task 229: tp()}, time: 1787683941.3156261
Output for task 231: tp()}, time: 1787683941.3161223
Added task 229, time: 1787683941.3354473
Added task 231, time: 1787683941.3538213
Added task 240, time: 1787683941.3717144
Added task 246, time: 1787683941.3851264
Output for task 249: g('scissors'), time: 1787683941.3852046
Output for task 235: }->False, time: 1787683941.3855712
Added task 248, time: 1787683941.4030156
Added task 249, time: 1787683941.4199953
Output for task 230: g('toy')}, time: 1787683941.431645
Output for task 238: g('toy')}, time: 1787683941.4320846
Output for task 229: ->False, time: 1787683941.4324284
Output for task 231: ->False, time: 1787683941.4325001
Output for task 240: tp()}, time: 1787683941.4325466
Added task 240, time: 1787683941.4507005
Added task 230, time: 1787683941.4680505
Added task 238, time: 1787683941.4852185
Output for task 242: ?iv('toy')==True{, time: 1787683941.5293653
Output for task 239: g('toy')}, time: 1787683941.5298982
Output for task 246: }->False, time: 1787683941.530305
Added task 242, time: 1787683941.5430477
Output for task 248: }->False, time: 1787683941.5431263
Output for task 249: }->False, time: 1787683941.5431857
Output for task 240: ->False, time: 1787683941.5432355
Output for task 230: ->False, time: 1787683941.5432851
Output for task 238: ->False, time: 1787683941.543323
Added task 239, time: 1787683941.5607533
Output for task 239: ->False, time: 1787683941.5941198
Output for task 242: g('toy')}, time: 1787683941.6031306
Added task 242, time: 1787683941.6048377
Output for task 242: ->False, time: 1787683941.638045
Finish executing task 228 for agent 36 on time 1787683941.788176 with plan tc(45);
Start executing task 228 for agent 36 on time 1787683941.7884328 with plan 
Finish executing task 228 for agent 36 on time 1787683941.7885516 with plan 
Finish executing task 241 for agent 29 on time 1787683941.9978561 with plan tc(45);
Start executing task 241 for agent 29 on time 1787683941.99824 with plan 
Finish executing task 241 for agent 29 on time 1787683941.9984486 with plan 
Finish executing task 232 for agent 20 on time 1787683942.0218573 with plan ?s('scissors')==True{
Start executing task 232 for agent 20 on time 1787683942.0222445 with plan g('scissors')
Finish executing task 235 for agent 24 on time 1787683942.022756 with plan ?s('scissors')==True{
Start executing task 235 for agent 24 on time 1787683942.022892 with plan g('scissors')
Finish executing task 246 for agent 1 on time 1787683942.5356984 with plan ?s('scissors')==True{
Finish executing task 249 for agent 25 on time 1787683942.535964 with plan ?s('scissors')==True{
Start executing task 246 for agent 1 on time 1787683942.5363884 with plan g('scissors')
Start executing task 249 for agent 25 on time 1787683942.5367486 with plan g('scissors')
Finish executing task 248 for agent 14 on time 1787683942.5368655 with plan ?s('scissors')==True{
Start executing task 248 for agent 14 on time 1787683942.5376701 with plan g('scissors')
Finish executing task 229 for agent 9 on time 1787683942.5505285 with plan mu(40);
Start executing task 229 for agent 9 on time 1787683942.550874 with plan ?iv('book')==True{
Finish executing task 229 for agent 9 on time 1787683942.5522048 with plan ?iv('book')==True{
Start executing task 229 for agent 9 on time 1787683942.5523672 with plan tp()}
Finish executing task 229 for agent 9 on time 1787683942.5536082 with plan tp()}
Start executing task 229 for agent 9 on time 1787683942.5537462 with plan ->False
Finish executing task 229 for agent 9 on time 1787683942.5539143 with plan ->False
Finish executing task 233 for agent 38 on time 1787683942.7555509 with plan ?iv('boy')==True{
Start executing task 233 for agent 38 on time 1787683942.7559536 with plan tc(45)}
Finish executing task 240 for agent 23 on time 1787683942.7879446 with plan mu(40);
Start executing task 240 for agent 23 on time 1787683942.7880478 with plan ?iv('book')==True{
Finish executing task 240 for agent 23 on time 1787683942.789175 with plan ?iv('book')==True{
Start executing task 240 for agent 23 on time 1787683942.789218 with plan tp()}
Finish executing task 231 for agent 41 on time 1787683942.7897875 with plan mu(40);
Start executing task 231 for agent 41 on time 1787683942.7901304 with plan ?iv('book')==True{
Finish executing task 240 for agent 23 on time 1787683942.790386 with plan tp()}
Start executing task 240 for agent 23 on time 1787683942.7904575 with plan ->False
Finish executing task 240 for agent 23 on time 1787683942.7905073 with plan ->False
Finish executing task 231 for agent 41 on time 1787683942.7914476 with plan ?iv('book')==True{
Start executing task 231 for agent 41 on time 1787683942.7916362 with plan tp()}
Finish executing task 231 for agent 41 on time 1787683942.792841 with plan tp()}
Start executing task 231 for agent 41 on time 1787683942.7930002 with plan ->False
Finish executing task 231 for agent 41 on time 1787683942.7931716 with plan ->False
Finish executing task 239 for agent 4 on time 1787683942.8827364 with plan md(40);
Finish executing task 238 for agent 2 on time 1787683942.882956 with plan md(40);
Start executing task 239 for agent 4 on time 1787683942.8832567 with plan ?iv('toy')==True{
Start executing task 238 for agent 2 on time 1787683942.8835368 with plan ?iv('toy')==True{
Finish executing task 230 for agent 19 on time 1787683942.8848474 with plan md(40);
Finish executing task 239 for agent 4 on time 1787683942.8849437 with plan ?iv('toy')==True{
Start executing task 239 for agent 4 on time 1787683942.8852391 with plan g('toy')}
Finish executing task 238 for agent 2 on time 1787683942.8854516 with plan ?iv('toy')==True{
Finish executing task 234 for agent 15 on time 1787683942.885562 with plan ?iv('boy')==True{
Start executing task 230 for agent 19 on time 1787683942.8857584 with plan ?iv('toy')==True{
Start executing task 238 for agent 2 on time 1787683942.8860402 with plan g('toy')}
Start executing task 234 for agent 15 on time 1787683942.886346 with plan tc(45)}
Finish executing task 230 for agent 19 on time 1787683942.8877409 with plan ?iv('toy')==True{
Start executing task 230 for agent 19 on time 1787683942.8880143 with plan g('toy')}
Finish executing task 237 for agent 0 on time 1787683942.891776 with plan ?iv('boy')==True{
Start executing task 237 for agent 0 on time 1787683942.8923175 with plan tc(45)}
Finish executing task 243 for agent 8 on time 1787683942.938634 with plan ?iv('boy')==True{
Start executing task 243 for agent 8 on time 1787683942.9389443 with plan tc(45)}
Finish executing task 244 for agent 5 on time 1787683943.0562685 with plan tc(30);
Finish executing task 247 for agent 27 on time 1787683943.0564404 with plan tc(30);
Start executing task 244 for agent 5 on time 1787683943.0567312 with plan 
Start executing task 247 for agent 27 on time 1787683943.057047 with plan 
Finish executing task 244 for agent 5 on time 1787683943.0572612 with plan 
Finish executing task 247 for agent 27 on time 1787683943.057457 with plan 
Finish executing task 242 for agent 22 on time 1787683943.061839 with plan md(40);
Start executing task 242 for agent 22 on time 1787683943.0620306 with plan ?iv('toy')==True{
Finish executing task 242 for agent 22 on time 1787683943.0632234 with plan ?iv('toy')==True{
Start executing task 242 for agent 22 on time 1787683943.0633068 with plan g('toy')}
Finish executing task 250 for agent 32 on time 1787683943.0743036 with plan tc(30);
Start executing task 250 for agent 32 on time 1787683943.0746446 with plan 
Finish executing task 250 for agent 32 on time 1787683943.0749116 with plan 
Finish executing task 245 for agent 7 on time 1787683943.4977689 with plan ?iv('boy')==True{
Start executing task 245 for agent 7 on time 1787683943.4981706 with plan tc(45)}
Finish executing task 236 for agent 40 on time 1787683944.1528423 with plan ?s('cat')==True{
Start executing task 236 for agent 40 on time 1787683944.1530552 with plan g('cat')
Finish executing task 235 for agent 24 on time 1787683944.4858382 with plan g('scissors')
Finish executing task 232 for agent 20 on time 1787683944.485934 with plan g('scissors')
Start executing task 235 for agent 24 on time 1787683944.4860933 with plan }->False
Start executing task 232 for agent 20 on time 1787683944.4862294 with plan }->False
Finish executing task 235 for agent 24 on time 1787683944.486357 with plan }->False
Finish executing task 232 for agent 20 on time 1787683944.4864736 with plan }->False
Finish executing task 233 for agent 38 on time 1787683944.735907 with plan tc(45)}
Start executing task 233 for agent 38 on time 1787683944.7360866 with plan ->False;
Finish executing task 233 for agent 38 on time 1787683944.7361896 with plan ->False;
Finish executing task 234 for agent 15 on time 1787683944.8658526 with plan tc(45)}
Start executing task 234 for agent 15 on time 1787683944.866209 with plan ->False;
Finish executing task 234 for agent 15 on time 1787683944.8664389 with plan ->False;
Finish executing task 237 for agent 0 on time 1787683944.8718534 with plan tc(45)}
Start executing task 237 for agent 0 on time 1787683944.8721068 with plan ->False;
Finish executing task 237 for agent 0 on time 1787683944.8721879 with plan ->False;
Finish executing task 243 for agent 8 on time 1787683944.9188414 with plan tc(45)}
Start executing task 243 for agent 8 on time 1787683944.918967 with plan ->False;
Finish executing task 243 for agent 8 on time 1787683944.9190598 with plan ->False;
Finish executing task 248 for agent 14 on time 1787683945.0008388 with plan g('scissors')
Finish executing task 249 for agent 25 on time 1787683945.0009952 with plan g('scissors')
Start executing task 249 for agent 25 on time 1787683945.0013127 with plan }->False
Start executing task 248 for agent 14 on time 1787683945.0011842 with plan }->False
Finish executing task 249 for agent 25 on time 1787683945.001433 with plan }->False
Finish executing task 246 for agent 1 on time 1787683945.0010738 with plan g('scissors')
Finish executing task 248 for agent 14 on time 1787683945.0015385 with plan }->False
Start executing task 246 for agent 1 on time 1787683945.0016572 with plan }->False
Finish executing task 246 for agent 1 on time 1787683945.0017984 with plan }->False
Finish executing task 245 for agent 7 on time 1787683945.4778578 with plan tc(45)}
Start executing task 245 for agent 7 on time 1787683945.4780176 with plan ->False;
Finish executing task 245 for agent 7 on time 1787683945.478114 with plan ->False;
Generating request from task 251, time: 1787683945.5013454
Generating request from task 252, time: 1787683945.5016303
Generating request from task 253, time: 1787683945.5017977
Generating request from task 254, time: 1787683945.5019886
Added task 251, time: 1787683945.5081658
Added task 252, time: 1787683945.5320127
Output for task 251: tc(30);, time: 1787683945.572521
Output for task 252: tc(30);, time: 1787683945.5730636
Start executing task 251 for agent 18 on time 1787683945.5734427 with plan tc(30);
Start executing task 252 for agent 11 on time 1787683945.573721 with plan tc(30);
Added task 251, time: 1787683945.5754046
Added task 252, time: 1787683945.592126
Output for task 251: , time: 1787683945.592223
Finish executing task 239 for agent 4 on time 1787683945.5938475 with plan g('toy')}
Start executing task 239 for agent 4 on time 1787683945.5940077 with plan ->False
Finish executing task 239 for agent 4 on time 1787683945.5941029 with plan ->False
Finish executing task 238 for agent 2 on time 1787683945.5958383 with plan g('toy')}
Start executing task 238 for agent 2 on time 1787683945.5959024 with plan ->False
Finish executing task 238 for agent 2 on time 1787683945.595977 with plan ->False
Finish executing task 230 for agent 19 on time 1787683945.596842 with plan g('toy')}
Start executing task 230 for agent 19 on time 1787683945.5969968 with plan ->False
Finish executing task 230 for agent 19 on time 1787683945.5970924 with plan ->False
Added task 253, time: 1787683945.6140249
Output for task 252: , time: 1787683945.614131
Added task 254, time: 1787683945.635154
Output for task 253: md(40);, time: 1787683945.675747
Start executing task 253 for agent 35 on time 1787683945.6785817 with plan md(40);
Added task 253, time: 1787683945.6860335
Output for task 254: ?s('scissors')==True{, time: 1787683945.7201557
Start executing task 254 for agent 10 on time 1787683945.7210417 with plan ?s('scissors')==True{
Added task 254, time: 1787683945.730749
Finish executing task 242 for agent 22 on time 1787683945.7718453 with plan g('toy')}
Start executing task 242 for agent 22 on time 1787683945.7720308 with plan ->False
Finish executing task 242 for agent 22 on time 1787683945.77213 with plan ->False
Output for task 253: ?iv('toy')==True{, time: 1787683945.7744272
Added task 253, time: 1787683945.785333
Output for task 254: g('scissors'), time: 1787683945.785414
Added task 254, time: 1787683945.8042026
Output for task 254: }->False, time: 1787683945.8388102
Output for task 253: g('toy')}, time: 1787683945.8478212
Added task 253, time: 1787683945.8495104
Output for task 253: ->False, time: 1787683945.88326
Finish executing task 236 for agent 40 on time 1787683946.6168604 with plan g('cat')
Start executing task 236 for agent 40 on time 1787683946.6173298 with plan };
Finish executing task 236 for agent 40 on time 1787683946.617558 with plan };
Generating request from task 255, time: 1787683946.9142525
Generating request from task 256, time: 1787683946.914603
Generating request from task 257, time: 1787683946.9155424
Generating request from task 258, time: 1787683946.9164357
Generating request from task 259, time: 1787683946.917508
Generating request from task 260, time: 1787683946.9184346
Added task 255, time: 1787683946.9219124
Added task 258, time: 1787683946.9467666
Output for task 258: tc(30);, time: 1787683946.9879043
Start executing task 258 for agent 39 on time 1787683946.9889734 with plan tc(30);
Output for task 255: ?iv('boy')==True{, time: 1787683947.0134013
Start executing task 255 for agent 33 on time 1787683947.014312 with plan ?iv('boy')==True{
Added task 259, time: 1787683947.0223072
Added task 255, time: 1787683947.0401554
Added task 258, time: 1787683947.0582435
Output for task 258: , time: 1787683947.0739374
Output for task 259: tc(30);, time: 1787683947.100225
Output for task 255: tc(45)}, time: 1787683947.1008015
Start executing task 259 for agent 26 on time 1787683947.1011095 with plan tc(30);
Added task 259, time: 1787683947.103598
Added task 256, time: 1787683947.1276307
Output for task 259: , time: 1787683947.127715
Added task 257, time: 1787683947.1510339
Added task 260, time: 1787683947.1737869
Added task 255, time: 1787683947.1904995
Output for task 256: mu(40);, time: 1787683947.2341979
Output for task 255: ->False;, time: 1787683947.2347543
Start executing task 256 for agent 16 on time 1787683947.2350898 with plan mu(40);
Added task 256, time: 1787683947.2451534
Output for task 257: ?s('cat')==True{, time: 1787683947.270781
Output for task 260: ?s('cat')==True{, time: 1787683947.2712731
Start executing task 257 for agent 30 on time 1787683947.2715833 with plan ?s('cat')==True{
Start executing task 260 for agent 13 on time 1787683947.2721267 with plan ?s('cat')==True{
Finish executing task 254 for agent 10 on time 1787683947.2789028 with plan ?s('scissors')==True{
Start executing task 254 for agent 10 on time 1787683947.2790163 with plan g('scissors')
Added task 257, time: 1787683947.281694
Added task 260, time: 1787683947.298447
Output for task 257: g('cat'), time: 1787683947.342333
Output for task 260: g('cat'), time: 1787683947.3428328
Added task 257, time: 1787683947.3537576
Output for task 256: ?iv('book')==True{, time: 1787683947.3538408
Added task 256, time: 1787683947.368956
Added task 260, time: 1787683947.381518
Output for task 257: };, time: 1787683947.4027622
Output for task 256: tp()}, time: 1787683947.402839
Output for task 260: };, time: 1787683947.4032495
Added task 256, time: 1787683947.4041753
Output for task 256: ->False, time: 1787683947.4321778
Finish executing task 251 for agent 18 on time 1787683948.1628475 with plan tc(30);
Start executing task 251 for agent 18 on time 1787683948.1629858 with plan 
Finish executing task 251 for agent 18 on time 1787683948.163043 with plan 
Finish executing task 252 for agent 11 on time 1787683948.1631377 with plan tc(30);
Start executing task 252 for agent 11 on time 1787683948.163292 with plan 
Finish executing task 252 for agent 11 on time 1787683948.1633549 with plan 
Finish executing task 253 for agent 35 on time 1787683948.2759633 with plan md(40);
Start executing task 253 for agent 35 on time 1787683948.276243 with plan ?iv('toy')==True{
Finish executing task 253 for agent 35 on time 1787683948.277411 with plan ?iv('toy')==True{
Start executing task 253 for agent 35 on time 1787683948.2774906 with plan g('toy')}
Generating request from task 261, time: 1787683948.3534682
Generating request from task 262, time: 1787683948.3540115
Generating request from task 263, time: 1787683948.354339
Generating request from task 264, time: 1787683948.3546448
Generating request from task 265, time: 1787683948.355639
Generating request from task 266, time: 1787683948.3566267
Generating request from task 267, time: 1787683948.3576448
Generating request from task 268, time: 1787683948.3586333
Added task 261, time: 1787683948.3589845
Generating request from task 269, time: 1787683948.3596456
Generating request from task 270, time: 1787683948.3606155
Added task 262, time: 1787683948.377666
Added task 263, time: 1787683948.3953652
Output for task 262: tc(30);, time: 1787683948.4322512
Start executing task 262 for agent 21 on time 1787683948.4332278 with plan tc(30);
Added task 264, time: 1787683948.4477918
Added task 262, time: 1787683948.4629326
Output for task 262: , time: 1787683948.4746473
Output for task 261: ?s('scissors')==True{, time: 1787683948.4919806
Output for task 263: ?iv('boy')==True{, time: 1787683948.4925492
Start executing task 261 for agent 31 on time 1787683948.4927547 with plan ?s('scissors')==True{
Start executing task 263 for agent 3 on time 1787683948.4935117 with plan ?iv('boy')==True{
Added task 263, time: 1787683948.5049605
Output for task 264: tc(30);, time: 1787683948.5050192
Start executing task 264 for agent 12 on time 1787683948.5058403 with plan tc(30);
Added task 264, time: 1787683948.5208766
Output for task 264: , time: 1787683948.5325499
Output for task 263: tc(45)}, time: 1787683948.5562363
Added task 265, time: 1787683948.5641623
Added task 266, time: 1787683948.5830169
Added task 267, time: 1787683948.6013906
Added task 268, time: 1787683948.6194968
Added task 269, time: 1787683948.6373737
Added task 270, time: 1787683948.6555016
Added task 263, time: 1787683948.6691198
Added task 261, time: 1787683948.6821735
Output for task 265: md(40);, time: 1787683948.7230053
Output for task 267: mu(40);, time: 1787683948.7235475
Output for task 268: md(40);, time: 1787683948.7239542
Start executing task 265 for agent 34 on time 1787683948.7240388 with plan md(40);
Output for task 270: md(40);, time: 1787683948.7243304
Output for task 263: ->False;, time: 1787683948.7246854
Start executing task 267 for agent 17 on time 1787683948.724572 with plan mu(40);
Start executing task 268 for agent 37 on time 1787683948.7252 with plan md(40);
Start executing task 270 for agent 41 on time 1787683948.725859 with plan md(40);
Added task 268, time: 1787683948.7370577
Output for task 266: ?iv('keys'), time: 1787683948.7371154
Output for task 261: g('scissors'), time: 1787683948.737577
Start executing task 266 for agent 6 on time 1787683948.7378109 with plan ?iv('keys')
Finish executing task 266 for agent 6 on time 1787683948.7392008 with plan ?iv('keys')
Added task 266, time: 1787683948.753536
Added task 265, time: 1787683948.768391
Output for task 269: ?s('cat')==True{, time: 1787683948.7890444
Start executing task 269 for agent 9 on time 1787683948.7899737 with plan ?s('cat')==True{
Output for task 266: &iv('wallet'), time: 1787683948.8152392
Start executing task 266 for agent 6 on time 1787683948.8159804 with plan &iv('wallet')
Finish executing task 266 for agent 6 on time 1787683948.817282 with plan &iv('wallet')
Generating request from task 271, time: 1787683948.8205767
Generating request from task 272, time: 1787683948.82105
Generating request from task 273, time: 1787683948.8218985
Added task 266, time: 1787683948.8288171
Added task 271, time: 1787683948.8486638
Output for task 268: ?iv('toy')==True{, time: 1787683948.869143
Output for task 265: ?iv('toy')==True{, time: 1787683948.869624
Output for task 266: ->{l('Yes');, time: 1787683948.8944912
Output for task 271: ?iv('keys'), time: 1787683948.8949785
Start executing task 266 for agent 6 on time 1787683948.8952794 with plan ->{l('Yes');
Start executing task 271 for agent 23 on time 1787683948.8961713 with plan ?iv('keys')
Finish executing task 266 for agent 6 on time 1787683948.896597 with plan ->{l('Yes');
Finish executing task 271 for agent 23 on time 1787683948.8976514 with plan ?iv('keys')
Added task 271, time: 1787683948.9018404
Added task 266, time: 1787683948.9192972
Added task 272, time: 1787683948.9396412
Output for task 271: &iv('wallet'), time: 1787683948.9849372
Start executing task 271 for agent 23 on time 1787683948.9857674 with plan &iv('wallet')
Finish executing task 271 for agent 23 on time 1787683948.9870489 with plan &iv('wallet')
Output for task 272: ?s('cat')==True{, time: 1787683948.993693
Start executing task 272 for agent 28 on time 1787683948.9946156 with plan ?s('cat')==True{
Output for task 266: ->True}l('No');, time: 1787683949.002274
Start executing task 266 for agent 6 on time 1787683949.0030112 with plan ->True}l('No');
Finish executing task 266 for agent 6 on time 1787683949.004341 with plan ->True}l('No');
Added task 266, time: 1787683949.0095677
Added task 271, time: 1787683949.0275815
Added task 273, time: 1787683949.0484169
Output for task 266: ->False, time: 1787683949.0778012
Start executing task 266 for agent 6 on time 1787683949.0789223 with plan ->False
Finish executing task 266 for agent 6 on time 1787683949.079109 with plan ->False
Output for task 273: md(40);, time: 1787683949.0864604
Start executing task 273 for agent 20 on time 1787683949.087562 with plan md(40);
Output for task 271: ->{l('Yes');, time: 1787683949.0952892
Start executing task 271 for agent 23 on time 1787683949.0961218 with plan ->{l('Yes');
Finish executing task 271 for agent 23 on time 1787683949.0975492 with plan ->{l('Yes');
Added task 271, time: 1787683949.1024551
Added task 269, time: 1787683949.12016
Output for task 269: g('cat'), time: 1787683949.1560462
Output for task 271: ->True}l('No');, time: 1787683949.1802838
Start executing task 271 for agent 23 on time 1787683949.1811166 with plan ->True}l('No');
Finish executing task 271 for agent 23 on time 1787683949.182418 with plan ->True}l('No');
Added task 271, time: 1787683949.187295
Added task 272, time: 1787683949.204914
Output for task 271: ->False, time: 1787683949.2325175
Start executing task 271 for agent 23 on time 1787683949.233325 with plan ->False
Finish executing task 271 for agent 23 on time 1787683949.2335079 with plan ->False
Added task 267, time: 1787683949.246161
Output for task 272: g('cat'), time: 1787683949.246219
Added task 265, time: 1787683949.2634914
Added task 270, time: 1787683949.2798333
Added task 268, time: 1787683949.295494
Added task 273, time: 1787683949.311671
Added task 261, time: 1787683949.3289802
Added task 269, time: 1787683949.3452296
Added task 272, time: 1787683949.361141
Output for task 269: };, time: 1787683949.3871171
Output for task 272: };, time: 1787683949.387209
Output for task 261: }->False, time: 1787683949.3975773
Output for task 265: g('toy')}, time: 1787683949.4083028
Output for task 268: g('toy')}, time: 1787683949.4087858
Added task 265, time: 1787683949.4198885
Added task 268, time: 1787683949.4358335
Output for task 267: ?iv('book')==True{, time: 1787683949.472003
Output for task 270: ?iv('toy')==True{, time: 1787683949.4724739
Output for task 273: ?iv('toy')==True{, time: 1787683949.4728508
Output for task 265: ->False, time: 1787683949.473199
Output for task 268: ->False, time: 1787683949.4732575
Added task 267, time: 1787683949.4754102
Added task 270, time: 1787683949.4919508
Added task 273, time: 1787683949.5078003
Output for task 267: tp()}, time: 1787683949.5322444
Added task 267, time: 1787683949.5423064
Output for task 270: g('toy')}, time: 1787683949.567179
Output for task 273: g('toy')}, time: 1787683949.5676222
Added task 270, time: 1787683949.5782158
Output for task 267: ->False, time: 1787683949.578288
Finish executing task 258 for agent 39 on time 1787683949.5783186 with plan tc(30);
Start executing task 258 for agent 39 on time 1787683949.5784795 with plan 
Finish executing task 258 for agent 39 on time 1787683949.5785663 with plan 
Added task 273, time: 1787683949.594445
Output for task 270: ->False, time: 1787683949.6272235
Output for task 273: ->False, time: 1787683949.6273186
Finish executing task 259 for agent 26 on time 1787683949.6898408 with plan tc(30);
Start executing task 259 for agent 26 on time 1787683949.6899893 with plan 
Finish executing task 259 for agent 26 on time 1787683949.6900725 with plan 
Finish executing task 256 for agent 16 on time 1787683949.7368383 with plan mu(40);
Start executing task 256 for agent 16 on time 1787683949.7369878 with plan ?iv('book')==True{
Finish executing task 256 for agent 16 on time 1787683949.738198 with plan ?iv('book')==True{
Start executing task 256 for agent 16 on time 1787683949.7382777 with plan tp()}
Finish executing task 256 for agent 16 on time 1787683949.7394204 with plan tp()}
Start executing task 256 for agent 16 on time 1787683949.7394907 with plan ->False
Finish executing task 256 for agent 16 on time 1787683949.7395706 with plan ->False
Finish executing task 254 for agent 10 on time 1787683949.7409577 with plan g('scissors')
Start executing task 254 for agent 10 on time 1787683949.7410374 with plan }->False
Finish executing task 254 for agent 10 on time 1787683949.741211 with plan }->False
Finish executing task 255 for agent 33 on time 1787683950.017437 with plan ?iv('boy')==True{
Start executing task 255 for agent 33 on time 1787683950.0175915 with plan tc(45)}
Finish executing task 261 for agent 31 on time 1787683950.049849 with plan ?s('scissors')==True{
Start executing task 261 for agent 31 on time 1787683950.0499961 with plan g('scissors')
Finish executing task 253 for agent 35 on time 1787683950.9868457 with plan g('toy')}
Start executing task 253 for agent 35 on time 1787683950.9871278 with plan ->False
Finish executing task 253 for agent 35 on time 1787683950.9872434 with plan ->False
Finish executing task 257 for agent 30 on time 1787683950.9887516 with plan ?s('cat')==True{
Finish executing task 260 for agent 13 on time 1787683950.988892 with plan ?s('cat')==True{
Start executing task 257 for agent 30 on time 1787683950.989047 with plan g('cat')
Start executing task 260 for agent 13 on time 1787683950.9891667 with plan g('cat')
Finish executing task 262 for agent 21 on time 1787683951.022846 with plan tc(30);
Start executing task 262 for agent 21 on time 1787683951.023008 with plan 
Finish executing task 262 for agent 21 on time 1787683951.023092 with plan 
Finish executing task 264 for agent 12 on time 1787683951.0954497 with plan tc(30);
Start executing task 264 for agent 12 on time 1787683951.095615 with plan 
Finish executing task 264 for agent 12 on time 1787683951.0957055 with plan 
Finish executing task 267 for agent 17 on time 1787683951.226842 with plan mu(40);
Start executing task 267 for agent 17 on time 1787683951.226954 with plan ?iv('book')==True{
Finish executing task 267 for agent 17 on time 1787683951.2281194 with plan ?iv('book')==True{
Start executing task 267 for agent 17 on time 1787683951.2281795 with plan tp()}
Finish executing task 267 for agent 17 on time 1787683951.229319 with plan tp()}
Start executing task 267 for agent 17 on time 1787683951.229375 with plan ->False
Finish executing task 267 for agent 17 on time 1787683951.2294536 with plan ->False
Finish executing task 265 for agent 34 on time 1787683951.3214412 with plan md(40);
Start executing task 265 for agent 34 on time 1787683951.3215847 with plan ?iv('toy')==True{
Finish executing task 268 for agent 37 on time 1787683951.321845 with plan md(40);
Start executing task 268 for agent 37 on time 1787683951.3219807 with plan ?iv('toy')==True{
Finish executing task 265 for agent 34 on time 1787683951.3227668 with plan ?iv('toy')==True{
Start executing task 265 for agent 34 on time 1787683951.322885 with plan g('toy')}
Finish executing task 270 for agent 41 on time 1787683951.3229914 with plan md(40);
Start executing task 270 for agent 41 on time 1787683951.3230581 with plan ?iv('toy')==True{
Finish executing task 268 for agent 37 on time 1787683951.323164 with plan ?iv('toy')==True{
Start executing task 268 for agent 37 on time 1787683951.3232222 with plan g('toy')}
Finish executing task 270 for agent 41 on time 1787683951.324215 with plan ?iv('toy')==True{
Start executing task 270 for agent 41 on time 1787683951.324273 with plan g('toy')}
Finish executing task 263 for agent 3 on time 1787683951.4969234 with plan ?iv('boy')==True{
Start executing task 263 for agent 3 on time 1787683951.4970326 with plan tc(45)}
Finish executing task 273 for agent 20 on time 1787683951.6848412 with plan md(40);
Start executing task 273 for agent 20 on time 1787683951.6849213 with plan ?iv('toy')==True{
Finish executing task 273 for agent 20 on time 1787683951.6860807 with plan ?iv('toy')==True{
Start executing task 273 for agent 20 on time 1787683951.6861362 with plan g('toy')}
Finish executing task 255 for agent 33 on time 1787683951.9968417 with plan tc(45)}
Start executing task 255 for agent 33 on time 1787683951.997 with plan ->False;
Finish executing task 255 for agent 33 on time 1787683951.9970706 with plan ->False;
Finish executing task 269 for agent 9 on time 1787683952.5068417 with plan ?s('cat')==True{
Start executing task 269 for agent 9 on time 1787683952.507027 with plan g('cat')
Finish executing task 261 for agent 31 on time 1787683952.513894 with plan g('scissors')
Start executing task 261 for agent 31 on time 1787683952.5140529 with plan }->False
Finish executing task 261 for agent 31 on time 1787683952.514154 with plan }->False
Finish executing task 272 for agent 28 on time 1787683952.711841 with plan ?s('cat')==True{
Start executing task 272 for agent 28 on time 1787683952.7119327 with plan g('cat')
Finish executing task 257 for agent 30 on time 1787683953.4530785 with plan g('cat')
Finish executing task 260 for agent 13 on time 1787683953.4532218 with plan g('cat')
Start executing task 260 for agent 13 on time 1787683953.4536047 with plan };
Start executing task 257 for agent 30 on time 1787683953.4538395 with plan };
Finish executing task 257 for agent 30 on time 1787683953.4539251 with plan };
Finish executing task 260 for agent 13 on time 1787683953.4539742 with plan };
Finish executing task 263 for agent 3 on time 1787683953.4766052 with plan tc(45)}
Start executing task 263 for agent 3 on time 1787683953.4767678 with plan ->False;
Finish executing task 263 for agent 3 on time 1787683953.4769523 with plan ->False;
Finish executing task 265 for agent 34 on time 1787683954.0323184 with plan g('toy')}
Finish executing task 268 for agent 37 on time 1787683954.032512 with plan g('toy')}
Start executing task 265 for agent 34 on time 1787683954.0327997 with plan ->False
Finish executing task 270 for agent 41 on time 1787683954.0329878 with plan g('toy')}
Start executing task 268 for agent 37 on time 1787683954.0332334 with plan ->False
Finish executing task 265 for agent 34 on time 1787683954.0334945 with plan ->False
Start executing task 270 for agent 41 on time 1787683954.0337927 with plan ->False
Finish executing task 268 for agent 37 on time 1787683954.0342507 with plan ->False
Finish executing task 270 for agent 41 on time 1787683954.0345826 with plan ->False
Finish executing task 273 for agent 20 on time 1787683954.3939881 with plan g('toy')}
Start executing task 273 for agent 20 on time 1787683954.3943577 with plan ->False
Finish executing task 273 for agent 20 on time 1787683954.3945808 with plan ->False
Finish executing task 269 for agent 9 on time 1787683954.9708433 with plan g('cat')
Start executing task 269 for agent 9 on time 1787683954.9710224 with plan };
Finish executing task 269 for agent 9 on time 1787683954.9711196 with plan };
Finish executing task 272 for agent 28 on time 1787683955.17484 with plan g('cat')
Start executing task 272 for agent 28 on time 1787683955.1749191 with plan };
Finish executing task 272 for agent 28 on time 1787683955.1749902 with plan };
Generating request from task 274, time: 1787683956.4463167
Generating request from task 275, time: 1787683956.4465983
Generating request from task 276, time: 1787683956.4467592
Generating request from task 277, time: 1787683956.4470732
Generating request from task 278, time: 1787683956.447411
Generating request from task 279, time: 1787683956.4500992
Generating request from task 280, time: 1787683956.4503944
Generating request from task 281, time: 1787683956.4505675
Generating request from task 282, time: 1787683956.4507205
Generating request from task 283, time: 1787683956.450876
Generating request from task 284, time: 1787683956.451017
Generating request from task 285, time: 1787683956.4511526
Added task 275, time: 1787683956.4553213
Added task 279, time: 1787683956.4804814
Output for task 275: tc(30);, time: 1787683956.521384
Output for task 279: tc(45);, time: 1787683956.5218973
Start executing task 275 for agent 36 on time 1787683956.5223505 with plan tc(30);
Start executing task 279 for agent 0 on time 1787683956.5281608 with plan tc(45);
Added task 283, time: 1787683956.531589
Added task 284, time: 1787683956.5554075
Output for task 283: tc(30);, time: 1787683956.5958703
Output for task 284: tc(45);, time: 1787683956.5963857
Start executing task 283 for agent 25 on time 1787683956.5968359 with plan tc(30);
Start executing task 284 for agent 19 on time 1787683956.5970957 with plan tc(45);
Added task 285, time: 1787683956.6072469
Added task 275, time: 1787683956.6284645
Output for task 275: , time: 1787683956.6455898
Output for task 285: tc(30);, time: 1787683956.6709251
Start executing task 285 for agent 2 on time 1787683956.672045 with plan tc(30);
Added task 283, time: 1787683956.6757612
Added task 285, time: 1787683956.6968982
Output for task 283: , time: 1787683956.6970139
Added task 279, time: 1787683956.7177625
Output for task 285: , time: 1787683956.7178864
Added task 284, time: 1787683956.7376049
Output for task 279: , time: 1787683956.7377167
Added task 274, time: 1787683956.762925
Output for task 284: , time: 1787683956.7630389
Added task 276, time: 1787683956.7872689
Added task 277, time: 1787683956.8109074
Added task 278, time: 1787683956.8334937
Added task 280, time: 1787683956.8559387
Added task 281, time: 1787683956.8781667
Added task 282, time: 1787683956.9004848
Output for task 277: mu(40);, time: 1787683956.9479787
Start executing task 277 for agent 38 on time 1787683956.9488912 with plan mu(40);
Added task 277, time: 1787683956.9602022
Output for task 278: ?iv('keys'), time: 1787683956.960281
Start executing task 278 for agent 15 on time 1787683956.9610393 with plan ?iv('keys')
Finish executing task 278 for agent 15 on time 1787683956.9624648 with plan ?iv('keys')
Added task 278, time: 1787683956.9776516
Output for task 276: ?s('cat')==True{, time: 1787683957.0044303
Start executing task 276 for agent 29 on time 1787683957.0053487 with plan ?s('cat')==True{
Output for task 274: ?s('scissors')==True{, time: 1787683957.0163155
Output for task 280: ?s('scissors')==True{, time: 1787683957.0168693
Output for task 281: ?s('scissors')==True{, time: 1787683957.017308
Start executing task 274 for agent 24 on time 1787683957.0172768 with plan ?s('scissors')==True{
Start executing task 280 for agent 8 on time 1787683957.0176342 with plan ?s('scissors')==True{
Output for task 282: ?s('scissors')==True{, time: 1787683957.0177135
Start executing task 282 for agent 14 on time 1787683957.0184839 with plan ?s('scissors')==True{
Start executing task 281 for agent 1 on time 1787683957.018723 with plan ?s('scissors')==True{
Output for task 278: &iv('wallet'), time: 1787683957.0356598
Start executing task 278 for agent 15 on time 1787683957.0364583 with plan &iv('wallet')
Finish executing task 278 for agent 15 on time 1787683957.0376532 with plan &iv('wallet')
Added task 278, time: 1787683957.0484333
Added task 276, time: 1787683957.0672786
Output for task 277: ?iv('book')==True{, time: 1787683957.0923378
Output for task 276: g('cat'), time: 1787683957.1101224
Output for task 278: ->{l('Yes');, time: 1787683957.11928
Start executing task 278 for agent 15 on time 1787683957.1200426 with plan ->{l('Yes');
Finish executing task 278 for agent 15 on time 1787683957.1211941 with plan ->{l('Yes');
Added task 278, time: 1787683957.1236074
Added task 274, time: 1787683957.142793
Output for task 274: g('scissors'), time: 1787683957.1927934
Output for task 278: ->True}l('No');, time: 1787683957.2100766
Start executing task 278 for agent 15 on time 1787683957.2108364 with plan ->True}l('No');
Finish executing task 278 for agent 15 on time 1787683957.211987 with plan ->True}l('No');
Added task 278, time: 1787683957.2143812
Added task 280, time: 1787683957.23379
Output for task 278: ->False, time: 1787683957.266399
Start executing task 278 for agent 15 on time 1787683957.2671227 with plan ->False
Finish executing task 278 for agent 15 on time 1787683957.2672057 with plan ->False
Added task 281, time: 1787683957.2778194
Added task 282, time: 1787683957.2960868
Added task 277, time: 1787683957.3140562
Added task 276, time: 1787683957.331609
Added task 274, time: 1787683957.3487067
Output for task 280: g('scissors'), time: 1787683957.3764184
Output for task 277: tp()}, time: 1787683957.3769302
Output for task 276: };, time: 1787683957.3773272
Added task 277, time: 1787683957.3884957
Output for task 274: }->False, time: 1787683957.388578
Added task 280, time: 1787683957.4056017
Output for task 281: g('scissors'), time: 1787683957.4412704
Output for task 282: g('scissors'), time: 1787683957.441764
Output for task 277: ->False, time: 1787683957.444036
Output for task 280: }->False, time: 1787683957.4441137
Added task 281, time: 1787683957.4459577
Added task 282, time: 1787683957.4631991
Output for task 281: }->False, time: 1787683957.4973025
Output for task 282: }->False, time: 1787683957.497404
Generating request from task 286, time: 1787683958.5032413
Generating request from task 287, time: 1787683958.503544
Generating request from task 288, time: 1787683958.5037236
Generating request from task 289, time: 1787683958.5047672
Generating request from task 290, time: 1787683958.505762
Generating request from task 291, time: 1787683958.5067527
Generating request from task 292, time: 1787683958.5077553
Added task 286, time: 1787683958.5077925
Generating request from task 293, time: 1787683958.5087442
Generating request from task 294, time: 1787683958.509746
Generating request from task 295, time: 1787683958.5107594
Generating request from task 296, time: 1787683958.511743
Generating request from task 297, time: 1787683958.512751
Generating request from task 298, time: 1787683958.5137393
Added task 290, time: 1787683958.5266402
Added task 294, time: 1787683958.544694
Finish executing task 274 for agent 24 on time 1787683958.5753722 with plan ?s('scissors')==True{
Start executing task 274 for agent 24 on time 1787683958.5755055 with plan g('scissors')
Finish executing task 280 for agent 8 on time 1787683958.5757465 with plan ?s('scissors')==True{
Start executing task 280 for agent 8 on time 1787683958.5759342 with plan g('scissors')
Finish executing task 281 for agent 1 on time 1787683958.5764294 with plan ?s('scissors')==True{
Finish executing task 282 for agent 14 on time 1787683958.5767088 with plan ?s('scissors')==True{
Start executing task 281 for agent 1 on time 1787683958.577158 with plan g('scissors')
Start executing task 282 for agent 14 on time 1787683958.577534 with plan g('scissors')
Output for task 286: md(40);, time: 1787683958.5820847
Output for task 290: tc(30);, time: 1787683958.5825143
Output for task 294: tc(30);, time: 1787683958.5828502
Start executing task 286 for agent 4 on time 1787683958.5828235 with plan md(40);
Start executing task 290 for agent 32 on time 1787683958.5831177 with plan tc(30);
Start executing task 294 for agent 23 on time 1787683958.5833988 with plan tc(30);
Added task 296, time: 1787683958.5918324
Added task 294, time: 1787683958.608885
Output for task 294: , time: 1787683958.620554
Finish executing task 279 for agent 0 on time 1787683958.6390886 with plan tc(45);
Start executing task 279 for agent 0 on time 1787683958.6392262 with plan 
Finish executing task 279 for agent 0 on time 1787683958.6392832 with plan 
Output for task 296: tc(30);, time: 1787683958.6445334
Start executing task 296 for agent 10 on time 1787683958.6453433 with plan tc(30);
Added task 290, time: 1787683958.6503987
Added task 296, time: 1787683958.6669955
Output for task 290: , time: 1787683958.6670725
Added task 287, time: 1787683958.68647
Output for task 296: , time: 1787683958.6865523
Added task 288, time: 1787683958.7063167
Finish executing task 284 for agent 19 on time 1787683958.7078493 with plan tc(45);
Start executing task 284 for agent 19 on time 1787683958.7079906 with plan 
Finish executing task 284 for agent 19 on time 1787683958.7080593 with plan 
Added task 289, time: 1787683958.7248383
Added task 291, time: 1787683958.7426178
Added task 292, time: 1787683958.7601686
Added task 293, time: 1787683958.778133
Added task 295, time: 1787683958.7956855
Added task 297, time: 1787683958.813314
Added task 298, time: 1787683958.8303452
Added task 286, time: 1787683958.841951
Output for task 291: md(40);, time: 1787683958.8617208
Output for task 292: md(40);, time: 1787683958.8621953
Output for task 297: mu(40);, time: 1787683958.8625987
Start executing task 291 for agent 7 on time 1787683958.8626318 with plan md(40);
Start executing task 292 for agent 40 on time 1787683958.863088 with plan md(40);
Start executing task 297 for agent 18 on time 1787683958.8635883 with plan mu(40);
Added task 291, time: 1787683958.877326
Added task 297, time: 1787683958.8911788
Output for task 289: ?iv('keys'), time: 1787683958.9130297
Output for task 293: ?iv('keys'), time: 1787683958.913586
Start executing task 289 for agent 27 on time 1787683958.9140568 with plan ?iv('keys')
Start executing task 293 for agent 6 on time 1787683958.9144838 with plan ?iv('keys')
Finish executing task 289 for agent 27 on time 1787683958.9155407 with plan ?iv('keys')
Finish executing task 293 for agent 6 on time 1787683958.9159596 with plan ?iv('keys')
Added task 293, time: 1787683958.928264
Added task 289, time: 1787683958.9417925
Added task 292, time: 1787683958.9529321
Output for task 295: ?s('cat')==True{, time: 1787683958.952991
Start executing task 295 for agent 16 on time 1787683958.9538648 with plan ?s('cat')==True{
Added task 295, time: 1787683958.9662547
Output for task 287: ?s('scissors')==True{, time: 1787683958.9767392
Output for task 288: ?s('scissors')==True{, time: 1787683958.97729
Output for task 298: md(40);, time: 1787683958.9776902
Start executing task 287 for agent 22 on time 1787683958.9776354 with plan ?s('scissors')==True{
Start executing task 288 for agent 5 on time 1787683958.9781299 with plan ?s('scissors')==True{
Start executing task 298 for agent 11 on time 1787683958.9792433 with plan md(40);
Output for task 293: &iv('wallet'), time: 1787683959.0197775
Start executing task 293 for agent 6 on time 1787683959.0207076 with plan &iv('wallet')
Finish executing task 293 for agent 6 on time 1787683959.022121 with plan &iv('wallet')
Output for task 286: ?iv('toy')==True{, time: 1787683959.0301113
Output for task 291: ?iv('toy')==True{, time: 1787683959.0305884
Output for task 289: &iv('wallet'), time: 1787683959.030986
Output for task 295: g('cat'), time: 1787683959.0313647
Start executing task 289 for agent 27 on time 1787683959.031712 with plan &iv('wallet')
Finish executing task 289 for agent 27 on time 1787683959.0331144 with plan &iv('wallet')
Added task 289, time: 1787683959.0459366
Output for task 297: ?iv('book')==True{, time: 1787683959.0459952
Added task 293, time: 1787683959.0638828
Added task 287, time: 1787683959.0807562
Output for task 292: ?iv('toy')==True{, time: 1787683959.110162
Finish executing task 275 for agent 36 on time 1787683959.1118143 with plan tc(30);
Start executing task 275 for agent 36 on time 1787683959.1121626 with plan 
Finish executing task 275 for agent 36 on time 1787683959.112352 with plan 
Output for task 289: ->{l('Yes');, time: 1787683959.1280653
Output for task 293: ->{l('Yes');, time: 1787683959.1285353
Output for task 287: g('scissors'), time: 1787683959.1289544
Start executing task 289 for agent 27 on time 1787683959.1289344 with plan ->{l('Yes');
Start executing task 293 for agent 6 on time 1787683959.1293375 with plan ->{l('Yes');
Finish executing task 289 for agent 27 on time 1787683959.1302588 with plan ->{l('Yes');
Finish executing task 293 for agent 6 on time 1787683959.1306844 with plan ->{l('Yes');
Added task 293, time: 1787683959.1364548
Added task 289, time: 1787683959.1547203
Added task 288, time: 1787683959.1722572
Finish executing task 283 for agent 25 on time 1787683959.186261 with plan tc(30);
Start executing task 283 for agent 25 on time 1787683959.1864672 with plan 
Finish executing task 283 for agent 25 on time 1787683959.1865923 with plan 
Output for task 288: g('scissors'), time: 1787683959.2178397
Output for task 293: ->True}l('No');, time: 1787683959.2347834
Output for task 289: ->True}l('No');, time: 1787683959.2352705
Start executing task 293 for agent 6 on time 1787683959.235642 with plan ->True}l('No');
Start executing task 289 for agent 27 on time 1787683959.235921 with plan ->True}l('No');
Finish executing task 293 for agent 6 on time 1787683959.2369652 with plan ->True}l('No');
Finish executing task 289 for agent 27 on time 1787683959.2372417 with plan ->True}l('No');
Added task 289, time: 1787683959.2430196
Added task 293, time: 1787683959.261721
Finish executing task 285 for agent 2 on time 1787683959.261517 with plan tc(30);
Start executing task 285 for agent 2 on time 1787683959.2620335 with plan 
Finish executing task 285 for agent 2 on time 1787683959.262257 with plan 
Added task 286, time: 1787683959.2793884
Output for task 289: ->False, time: 1787683959.308092
Output for task 293: ->False, time: 1787683959.3081677
Start executing task 289 for agent 27 on time 1787683959.3089662 with plan ->False
Finish executing task 289 for agent 27 on time 1787683959.3091962 with plan ->False
Start executing task 293 for agent 6 on time 1787683959.3093185 with plan ->False
Finish executing task 293 for agent 6 on time 1787683959.309533 with plan ->False
Added task 291, time: 1787683959.32182
Output for task 286: g('toy')}, time: 1787683959.321883
Added task 292, time: 1787683959.3392901
Added task 297, time: 1787683959.3556144
Added task 298, time: 1787683959.3712335
Generating request from task 299, time: 1787683959.3783638
Generating request from task 300, time: 1787683959.3785584
Generating request from task 301, time: 1787683959.3794942
Generating request from task 302, time: 1787683959.380488
Generating request from task 303, time: 1787683959.3814855
Added task 299, time: 1787683959.391494
Added task 300, time: 1787683959.4116218
Added task 301, time: 1787683959.4311273
Added task 302, time: 1787683959.450309
Finish executing task 277 for agent 38 on time 1787683959.4511337 with plan mu(40);
Start executing task 277 for agent 38 on time 1787683959.4514 with plan ?iv('book')==True{
Finish executing task 277 for agent 38 on time 1787683959.4527006 with plan ?iv('book')==True{
Start executing task 277 for agent 38 on time 1787683959.4528663 with plan tp()}
Finish executing task 277 for agent 38 on time 1787683959.4541078 with plan tp()}
Start executing task 277 for agent 38 on time 1787683959.4542496 with plan ->False
Finish executing task 277 for agent 38 on time 1787683959.4544055 with plan ->False
Added task 303, time: 1787683959.469315
Added task 295, time: 1787683959.4825492
Output for task 297: tp()}, time: 1787683959.4826088
Added task 297, time: 1787683959.4979916
Added task 287, time: 1787683959.510737
Added task 288, time: 1787683959.5228531
Output for task 291: g('toy')}, time: 1787683959.5229099
Output for task 292: g('toy')}, time: 1787683959.52334
Output for task 301: md(40);, time: 1787683959.5237083
Output for task 302: md(40);, time: 1787683959.52408
Start executing task 301 for agent 39 on time 1787683959.5244462 with plan md(40);
Start executing task 302 for agent 26 on time 1787683959.5249135 with plan md(40);
Added task 302, time: 1787683959.5408332
Added task 301, time: 1787683959.5560327
Added task 286, time: 1787683959.5706244
Added task 291, time: 1787683959.5845373
Added task 292, time: 1787683959.5958076
Output for task 295: };, time: 1787683959.5958714
Output for task 300: ?s('cat')==True{, time: 1787683959.618776
Output for task 297: ->False, time: 1787683959.6192706
Output for task 287: }->False, time: 1787683959.6193182
Output for task 288: }->False, time: 1787683959.6193511
Start executing task 300 for agent 17 on time 1787683959.619519 with plan ?s('cat')==True{
Added task 300, time: 1787683959.6326272
Output for task 298: ?iv('toy')==True{, time: 1787683959.6781263
Output for task 299: ?s('scissors')==True{, time: 1787683959.6786375
Start executing task 299 for agent 35 on time 1787683959.6795146 with plan ?s('scissors')==True{
Added task 299, time: 1787683959.6930974
Added task 298, time: 1787683959.7061615
Output for task 303: ?s('scissors')==True{, time: 1787683959.7170413
Output for task 286: ->False, time: 1787683959.717529
Output for task 291: ->False, time: 1787683959.7175753
Output for task 292: ->False, time: 1787683959.717612
Start executing task 303 for agent 33 on time 1787683959.7179005 with plan ?s('scissors')==True{
Added task 303, time: 1787683959.7311437
Output for task 300: g('cat'), time: 1787683959.7621403
Added task 300, time: 1787683959.7735522
Output for task 302: ?iv('toy')==True{, time: 1787683959.7736099
Output for task 299: g('scissors'), time: 1787683959.774093
Output for task 298: g('toy')}, time: 1787683959.7744894
Added task 302, time: 1787683959.7891986
Added task 299, time: 1787683959.8029234
Added task 298, time: 1787683959.8159509
Output for task 301: ?iv('toy')==True{, time: 1787683959.8379207
Output for task 303: g('scissors'), time: 1787683959.8383825
Output for task 300: };, time: 1787683959.8387952
Added task 301, time: 1787683959.8496776
Output for task 299: }->False, time: 1787683959.8497362
Output for task 298: ->False, time: 1787683959.8497736
Added task 303, time: 1787683959.8630068
Output for task 302: g('toy')}, time: 1787683959.88394
Added task 302, time: 1787683959.8941295
Output for task 303: }->False, time: 1787683959.8941877
Output for task 301: g('toy')}, time: 1787683959.9144602
Added task 301, time: 1787683959.9245892
Output for task 302: ->False, time: 1787683959.9246461
Output for task 301: ->False, time: 1787683959.9528515
Finish executing task 287 for agent 22 on time 1787683960.5358393 with plan ?s('scissors')==True{
Finish executing task 288 for agent 5 on time 1787683960.5359406 with plan ?s('scissors')==True{
Start executing task 287 for agent 22 on time 1787683960.5360909 with plan g('scissors')
Start executing task 288 for agent 5 on time 1787683960.536237 with plan g('scissors')
Finish executing task 276 for agent 29 on time 1787683960.721845 with plan ?s('cat')==True{
Start executing task 276 for agent 29 on time 1787683960.7220066 with plan g('cat')
Finish executing task 280 for agent 8 on time 1787683961.0388415 with plan g('scissors')
Finish executing task 274 for agent 24 on time 1787683961.0389433 with plan g('scissors')
Start executing task 280 for agent 8 on time 1787683961.0391197 with plan }->False
Start executing task 274 for agent 24 on time 1787683961.0392685 with plan }->False
Finish executing task 280 for agent 8 on time 1787683961.0393958 with plan }->False
Finish executing task 274 for agent 24 on time 1787683961.0395157 with plan }->False
Finish executing task 281 for agent 1 on time 1787683961.0409172 with plan g('scissors')
Start executing task 281 for agent 1 on time 1787683961.0411923 with plan }->False
Finish executing task 281 for agent 1 on time 1787683961.041278 with plan }->False
Finish executing task 282 for agent 14 on time 1787683961.041923 with plan g('scissors')
Start executing task 282 for agent 14 on time 1787683961.042121 with plan }->False
Finish executing task 282 for agent 14 on time 1787683961.0422254 with plan }->False
Finish executing task 290 for agent 32 on time 1787683961.1718383 with plan tc(30);
Finish executing task 294 for agent 23 on time 1787683961.1719327 with plan tc(30);
Start executing task 290 for agent 32 on time 1787683961.1720743 with plan 
Start executing task 294 for agent 23 on time 1787683961.1722128 with plan 
Finish executing task 290 for agent 32 on time 1787683961.172322 with plan 
Finish executing task 294 for agent 23 on time 1787683961.172423 with plan 
Finish executing task 286 for agent 4 on time 1787683961.1808586 with plan md(40);
Start executing task 286 for agent 4 on time 1787683961.1809876 with plan ?iv('toy')==True{
Finish executing task 286 for agent 4 on time 1787683961.1821535 with plan ?iv('toy')==True{
Start executing task 286 for agent 4 on time 1787683961.18221 with plan g('toy')}
Finish executing task 296 for agent 10 on time 1787683961.2356496 with plan tc(30);
Start executing task 296 for agent 10 on time 1787683961.2358055 with plan 
Finish executing task 296 for agent 10 on time 1787683961.235915 with plan 
Finish executing task 299 for agent 35 on time 1787683961.2378392 with plan ?s('scissors')==True{
Start executing task 299 for agent 35 on time 1787683961.2379832 with plan g('scissors')
Finish executing task 303 for agent 33 on time 1787683961.2758384 with plan ?s('scissors')==True{
Start executing task 303 for agent 33 on time 1787683961.2759268 with plan g('scissors')
Finish executing task 297 for agent 18 on time 1787683961.3658442 with plan mu(40);
Start executing task 297 for agent 18 on time 1787683961.3660004 with plan ?iv('book')==True{
Finish executing task 297 for agent 18 on time 1787683961.367205 with plan ?iv('book')==True{
Start executing task 297 for agent 18 on time 1787683961.367293 with plan tp()}
Finish executing task 297 for agent 18 on time 1787683961.3684418 with plan tp()}
Start executing task 297 for agent 18 on time 1787683961.3685083 with plan ->False
Finish executing task 297 for agent 18 on time 1787683961.3685834 with plan ->False
Finish executing task 292 for agent 40 on time 1787683961.4598374 with plan md(40);
Start executing task 292 for agent 40 on time 1787683961.4599175 with plan ?iv('toy')==True{
Finish executing task 292 for agent 40 on time 1787683961.4610593 with plan ?iv('toy')==True{
Start executing task 292 for agent 40 on time 1787683961.4611106 with plan g('toy')}
Finish executing task 291 for agent 7 on time 1787683961.4618382 with plan md(40);
Start executing task 291 for agent 7 on time 1787683961.4621036 with plan ?iv('toy')==True{
Finish executing task 291 for agent 7 on time 1787683961.4632716 with plan ?iv('toy')==True{
Start executing task 291 for agent 7 on time 1787683961.463337 with plan g('toy')}
Finish executing task 298 for agent 11 on time 1787683961.5758414 with plan md(40);
Start executing task 298 for agent 11 on time 1787683961.575955 with plan ?iv('toy')==True{
Finish executing task 298 for agent 11 on time 1787683961.5788329 with plan ?iv('toy')==True{
Start executing task 298 for agent 11 on time 1787683961.5788872 with plan g('toy')}
Finish executing task 302 for agent 26 on time 1787683962.1218455 with plan md(40);
Finish executing task 301 for agent 39 on time 1787683962.1219566 with plan md(40);
Start executing task 302 for agent 26 on time 1787683962.122143 with plan ?iv('toy')==True{
Start executing task 301 for agent 39 on time 1787683962.122306 with plan ?iv('toy')==True{
Finish executing task 302 for agent 26 on time 1787683962.1235251 with plan ?iv('toy')==True{
Start executing task 302 for agent 26 on time 1787683962.123617 with plan g('toy')}
Finish executing task 301 for agent 39 on time 1787683962.1237247 with plan ?iv('toy')==True{
Start executing task 301 for agent 39 on time 1787683962.1238165 with plan g('toy')}
Finish executing task 295 for agent 16 on time 1787683962.670837 with plan ?s('cat')==True{
Start executing task 295 for agent 16 on time 1787683962.6710103 with plan g('cat')
Finish executing task 288 for agent 5 on time 1787683962.9998503 with plan g('scissors')
Start executing task 288 for agent 5 on time 1787683963.0000353 with plan }->False
Finish executing task 288 for agent 5 on time 1787683963.000143 with plan }->False
Finish executing task 287 for agent 22 on time 1787683963.0022285 with plan g('scissors')
Start executing task 287 for agent 22 on time 1787683963.0024047 with plan }->False
Finish executing task 287 for agent 22 on time 1787683963.0025089 with plan }->False
Finish executing task 276 for agent 29 on time 1787683963.1858459 with plan g('cat')
Start executing task 276 for agent 29 on time 1787683963.1860023 with plan };
Finish executing task 276 for agent 29 on time 1787683963.186097 with plan };
Finish executing task 300 for agent 17 on time 1787683963.3358512 with plan ?s('cat')==True{
Start executing task 300 for agent 17 on time 1787683963.3360112 with plan g('cat')
Finish executing task 299 for agent 35 on time 1787683963.7018704 with plan g('scissors')
Start executing task 299 for agent 35 on time 1787683963.702062 with plan }->False
Finish executing task 299 for agent 35 on time 1787683963.7021768 with plan }->False
Finish executing task 303 for agent 33 on time 1787683963.739791 with plan g('scissors')
Start executing task 303 for agent 33 on time 1787683963.7399657 with plan }->False
Finish executing task 303 for agent 33 on time 1787683963.7400343 with plan }->False
Finish executing task 286 for agent 4 on time 1787683963.8916106 with plan g('toy')}
Start executing task 286 for agent 4 on time 1787683963.891708 with plan ->False
Finish executing task 286 for agent 4 on time 1787683963.8917658 with plan ->False
Finish executing task 292 for agent 40 on time 1787683964.1681721 with plan g('toy')}
Start executing task 292 for agent 40 on time 1787683964.168524 with plan ->False
Finish executing task 292 for agent 40 on time 1787683964.1687486 with plan ->False
Finish executing task 291 for agent 7 on time 1787683964.172738 with plan g('toy')}
Start executing task 291 for agent 7 on time 1787683964.1728709 with plan ->False
Finish executing task 291 for agent 7 on time 1787683964.172936 with plan ->False
Generating request from task 304, time: 1787683964.2056627
Generating request from task 305, time: 1787683964.2061899
Generating request from task 306, time: 1787683964.206569
Generating request from task 307, time: 1787683964.2068753
Generating request from task 308, time: 1787683964.207195
Generating request from task 309, time: 1787683964.2074997
Generating request from task 310, time: 1787683964.2078075
Generating request from task 311, time: 1787683964.2081172
Generating request from task 312, time: 1787683964.2085567
Generating request from task 313, time: 1787683964.2095559
Generating request from task 314, time: 1787683964.2105508
Generating request from task 315, time: 1787683964.2115526
Generating request from task 316, time: 1787683964.2125554
Added task 304, time: 1787683964.2142744
Added task 305, time: 1787683964.2432237
Output for task 304: tc(45);, time: 1787683964.2830448
Output for task 305: tc(30);, time: 1787683964.2836428
Start executing task 304 for agent 31 on time 1787683964.2839289 with plan tc(45);
Start executing task 305 for agent 21 on time 1787683964.284651 with plan tc(30);
Finish executing task 298 for agent 11 on time 1787683964.2882981 with plan g('toy')}
Start executing task 298 for agent 11 on time 1787683964.2886121 with plan ->False
Finish executing task 298 for agent 11 on time 1787683964.2888212 with plan ->False
Added task 306, time: 1787683964.2944443
Added task 311, time: 1787683964.3160388
Output for task 306: ?iv('boy')==True{, time: 1787683964.376391
Output for task 311: ?iv('boy')==True{, time: 1787683964.3770337
Start executing task 306 for agent 12 on time 1787683964.377189 with plan ?iv('boy')==True{
Start executing task 311 for agent 20 on time 1787683964.377794 with plan ?iv('boy')==True{
Added task 312, time: 1787683964.3873494
Added task 311, time: 1787683964.4049253
Added task 306, time: 1787683964.4216754
Added task 305, time: 1787683964.4377081
Output for task 305: , time: 1787683964.4493856
Output for task 311: tc(45)}, time: 1787683964.4753158
Output for task 306: tc(45)}, time: 1787683964.475876
Output for task 312: ?iv('boy')==True{, time: 1787683964.5000477
Start executing task 312 for agent 30 on time 1787683964.501067 with plan ?iv('boy')==True{
Added task 312, time: 1787683964.5062468
Added task 304, time: 1787683964.5231876
Output for task 304: , time: 1787683964.5350296
Output for task 312: tc(45)}, time: 1787683964.5589128
Added task 307, time: 1787683964.5681622
Added task 308, time: 1787683964.5882583
Added task 309, time: 1787683964.6079218
Added task 310, time: 1787683964.6274068
Added task 313, time: 1787683964.6466155
Added task 314, time: 1787683964.6654863
Added task 315, time: 1787683964.6840394
Added task 316, time: 1787683964.7030382
Added task 311, time: 1787683964.7176414
Added task 306, time: 1787683964.7299058
Output for task 310: mu(40);, time: 1787683964.7492783
Output for task 315: mu(40);, time: 1787683964.7499566
Start executing task 310 for agent 41 on time 1787683964.750129 with plan mu(40);
Output for task 316: mu(40);, time: 1787683964.7503755
Start executing task 316 for agent 15 on time 1787683964.7511854 with plan mu(40);
Start executing task 315 for agent 28 on time 1787683964.7513707 with plan mu(40);
Added task 312, time: 1787683964.7659123
Added task 310, time: 1787683964.7802777
Added task 315, time: 1787683964.7940075
Added task 316, time: 1787683964.805963
Output for task 308: ?iv('keys'), time: 1787683964.806021
Output for task 314: ?iv('keys'), time: 1787683964.806529
Start executing task 308 for agent 34 on time 1787683964.806742 with plan ?iv('keys')
Start executing task 314 for agent 9 on time 1787683964.8072603 with plan ?iv('keys')
Finish executing task 308 for agent 34 on time 1787683964.8080304 with plan ?iv('keys')
Finish executing task 314 for agent 9 on time 1787683964.808648 with plan ?iv('keys')
Added task 314, time: 1787683964.8205435
Finish executing task 301 for agent 39 on time 1787683964.8312178 with plan g('toy')}
Start executing task 301 for agent 39 on time 1787683964.8315592 with plan ->False
Finish executing task 301 for agent 39 on time 1787683964.8317795 with plan ->False
Finish executing task 302 for agent 26 on time 1787683964.8330543 with plan g('toy')}
Start executing task 302 for agent 26 on time 1787683964.83342 with plan ->False
Added task 308, time: 1787683964.833502
Finish executing task 302 for agent 26 on time 1787683964.8336468 with plan ->False
Output for task 307: ?s('cat')==True{, time: 1787683964.8439243
Output for task 309: ?s('cat')==True{, time: 1787683964.8443847
Start executing task 307 for agent 3 on time 1787683964.844791 with plan ?s('cat')==True{
Start executing task 309 for agent 37 on time 1787683964.845211 with plan ?s('cat')==True{
Added task 307, time: 1787683964.858323
Added task 309, time: 1787683964.8711548
Output for task 313: ?s('scissors')==True{, time: 1787683964.8815615
Output for task 311: ->False;, time: 1787683964.8820226
Output for task 306: ->False;, time: 1787683964.882073
Output for task 312: ->False;, time: 1787683964.8821056
Start executing task 313 for agent 13 on time 1787683964.8822021 with plan ?s('scissors')==True{
Added task 313, time: 1787683964.8951726
Output for task 314: &iv('wallet'), time: 1787683964.9589446
Output for task 307: g('cat'), time: 1787683964.9594812
Start executing task 314 for agent 9 on time 1787683964.9596915 with plan &iv('wallet')
Output for task 309: g('cat'), time: 1787683964.9599001
Finish executing task 314 for agent 9 on time 1787683964.9610295 with plan &iv('wallet')
Output for task 310: ?iv('book')==True{, time: 1787683964.9700854
Output for task 315: ?iv('book')==True{, time: 1787683964.9705677
Output for task 308: &iv('wallet'), time: 1787683964.9709847
Output for task 313: g('scissors'), time: 1787683964.9714231
Start executing task 308 for agent 34 on time 1787683964.9715714 with plan &iv('wallet')
Finish executing task 308 for agent 34 on time 1787683964.9727113 with plan &iv('wallet')
Added task 308, time: 1787683964.9853942
Output for task 316: ?iv('book')==True{, time: 1787683964.9854527
Added task 314, time: 1787683965.0027258
Added task 310, time: 1787683965.018903
Output for task 310: tp()}, time: 1787683965.0396526
Output for task 308: ->{l('Yes');, time: 1787683965.0646956
Output for task 314: ->{l('Yes');, time: 1787683965.0652378
Start executing task 308 for agent 34 on time 1787683965.0654347 with plan ->{l('Yes');
Start executing task 314 for agent 9 on time 1787683965.0659308 with plan ->{l('Yes');
Finish executing task 308 for agent 34 on time 1787683965.0665674 with plan ->{l('Yes');
Finish executing task 314 for agent 9 on time 1787683965.0672503 with plan ->{l('Yes');
Added task 314, time: 1787683965.0716727
Added task 308, time: 1787683965.0886674
Added task 315, time: 1787683965.1048892
Output for task 315: tp()}, time: 1787683965.1252296
Finish executing task 295 for agent 16 on time 1787683965.1349146 with plan g('cat')
Start executing task 295 for agent 16 on time 1787683965.1352277 with plan };
Finish executing task 295 for agent 16 on time 1787683965.135442 with plan };
Output for task 314: ->True}l('No');, time: 1787683965.167038
Output for task 308: ->True}l('No');, time: 1787683965.1676042
Start executing task 314 for agent 9 on time 1787683965.1679358 with plan ->True}l('No');
Start executing task 308 for agent 34 on time 1787683965.1682734 with plan ->True}l('No');
Finish executing task 314 for agent 9 on time 1787683965.1692193 with plan ->True}l('No');
Finish executing task 308 for agent 34 on time 1787683965.169418 with plan ->True}l('No');
Added task 308, time: 1787683965.1742134
Added task 314, time: 1787683965.191416
Added task 310, time: 1787683965.2077703
Output for task 308: ->False, time: 1787683965.2369354
Output for task 314: ->False, time: 1787683965.2370167
Output for task 310: ->False, time: 1787683965.2370675
Start executing task 314 for agent 9 on time 1787683965.2375617 with plan ->False
Finish executing task 314 for agent 9 on time 1787683965.2377667 with plan ->False
Start executing task 308 for agent 34 on time 1787683965.2378438 with plan ->False
Finish executing task 308 for agent 34 on time 1787683965.2380035 with plan ->False
Added task 316, time: 1787683965.2413912
Added task 315, time: 1787683965.2565053
Added task 307, time: 1787683965.2709236
Added task 309, time: 1787683965.2845275
Added task 313, time: 1787683965.29746
Output for task 316: tp()}, time: 1787683965.3195999
Output for task 307: };, time: 1787683965.3200727
Output for task 309: };, time: 1787683965.3201265
Added task 316, time: 1787683965.330678
Output for task 315: ->False, time: 1787683965.330733
Output for task 313: }->False, time: 1787683965.330779
Output for task 316: ->False, time: 1787683965.3594108
Finish executing task 300 for agent 17 on time 1787683965.7999167 with plan g('cat')
Start executing task 300 for agent 17 on time 1787683965.8001096 with plan };
Finish executing task 300 for agent 17 on time 1787683965.8002126 with plan };
Finish executing task 304 for agent 31 on time 1787683966.3951144 with plan tc(45);
Start executing task 304 for agent 31 on time 1787683966.3953063 with plan 
Finish executing task 304 for agent 31 on time 1787683966.3954 with plan 
Finish executing task 313 for agent 13 on time 1787683966.4398406 with plan ?s('scissors')==True{
Start executing task 313 for agent 13 on time 1787683966.4399896 with plan g('scissors')
Finish executing task 305 for agent 21 on time 1787683966.8740685 with plan tc(30);
Start executing task 305 for agent 21 on time 1787683966.8743382 with plan 
Finish executing task 305 for agent 21 on time 1787683966.8744202 with plan 
Finish executing task 310 for agent 41 on time 1787683967.2524784 with plan mu(40);
Start executing task 310 for agent 41 on time 1787683967.252683 with plan ?iv('book')==True{
Finish executing task 316 for agent 15 on time 1787683967.2528408 with plan mu(40);
Start executing task 316 for agent 15 on time 1787683967.253024 with plan ?iv('book')==True{
Finish executing task 310 for agent 41 on time 1787683967.2538347 with plan ?iv('book')==True{
Start executing task 310 for agent 41 on time 1787683967.2539246 with plan tp()}
Finish executing task 315 for agent 28 on time 1787683967.254022 with plan mu(40);
Start executing task 315 for agent 28 on time 1787683967.2541516 with plan ?iv('book')==True{
Finish executing task 316 for agent 15 on time 1787683967.2542365 with plan ?iv('book')==True{
Start executing task 316 for agent 15 on time 1787683967.2543213 with plan tp()}
Finish executing task 310 for agent 41 on time 1787683967.2550702 with plan tp()}
Start executing task 310 for agent 41 on time 1787683967.2551467 with plan ->False
Finish executing task 310 for agent 41 on time 1787683967.2552235 with plan ->False
Finish executing task 315 for agent 28 on time 1787683967.255289 with plan ?iv('book')==True{
Start executing task 315 for agent 28 on time 1787683967.2553859 with plan tp()}
Finish executing task 316 for agent 15 on time 1787683967.2554843 with plan tp()}
Start executing task 316 for agent 15 on time 1787683967.255584 with plan ->False
Finish executing task 316 for agent 15 on time 1787683967.255663 with plan ->False
Finish executing task 315 for agent 28 on time 1787683967.2565188 with plan tp()}
Start executing task 315 for agent 28 on time 1787683967.2566085 with plan ->False
Finish executing task 315 for agent 28 on time 1787683967.256676 with plan ->False
Finish executing task 306 for agent 12 on time 1787683967.3798378 with plan ?iv('boy')==True{
Start executing task 306 for agent 12 on time 1787683967.3800516 with plan tc(45)}
Finish executing task 311 for agent 20 on time 1787683967.380994 with plan ?iv('boy')==True{
Start executing task 311 for agent 20 on time 1787683967.3812203 with plan tc(45)}
Finish executing task 312 for agent 30 on time 1787683967.504488 with plan ?iv('boy')==True{
Start executing task 312 for agent 30 on time 1787683967.5046895 with plan tc(45)}
Generating request from task 317, time: 1787683967.9673252
Generating request from task 318, time: 1787683967.9677641
Generating request from task 319, time: 1787683967.967984
Generating request from task 320, time: 1787683967.9681506
Generating request from task 321, time: 1787683967.968307
Generating request from task 322, time: 1787683967.9684772
Generating request from task 323, time: 1787683967.969285
Added task 317, time: 1787683967.9795902
Added task 322, time: 1787683968.0171013
Added task 323, time: 1787683968.051863
Output for task 317: mu(40);, time: 1787683968.1042962
Output for task 322: tc(45);, time: 1787683968.1051319
Start executing task 317 for agent 27 on time 1787683968.1057205 with plan mu(40);
Start executing task 322 for agent 1 on time 1787683968.1085944 with plan tc(45);
Output for task 323: ?iv('boy')==True{, time: 1787683968.1322968
Start executing task 323 for agent 14 on time 1787683968.1343524 with plan ?iv('boy')==True{
Added task 323, time: 1787683968.1369104
Added task 322, time: 1787683968.1641595
Output for task 322: , time: 1787683968.1878123
Output for task 323: tc(45)}, time: 1787683968.2146149
Added task 318, time: 1787683968.2279916
Added task 319, time: 1787683968.26446
Added task 320, time: 1787683968.2995806
Added task 321, time: 1787683968.3340504
Added task 323, time: 1787683968.3590407
Added task 317, time: 1787683968.3837202
Output for task 318: mu(40);, time: 1787683968.4411242
Output for task 323: ->False;, time: 1787683968.4417324
Start executing task 318 for agent 6 on time 1787683968.4456747 with plan mu(40);
Added task 318, time: 1787683968.4547691
Output for task 319: ?iv('keys'), time: 1787683968.4549065
Start executing task 319 for agent 38 on time 1787683968.4588366 with plan ?iv('keys')
Finish executing task 319 for agent 38 on time 1787683968.4601212 with plan ?iv('keys')
Added task 319, time: 1787683968.4796522
Output for task 320: ?s('scissors')==True{, time: 1787683968.527135
Output for task 321: ?s('scissors')==True{, time: 1787683968.5278075
Output for task 317: ?iv('book')==True{, time: 1787683968.528235
Start executing task 320 for agent 24 on time 1787683968.528294 with plan ?s('scissors')==True{
Start executing task 321 for agent 8 on time 1787683968.5286055 with plan ?s('scissors')==True{
Output for task 319: &iv('wallet'), time: 1787683968.5473688
Start executing task 319 for agent 38 on time 1787683968.5518346 with plan &iv('wallet')
Finish executing task 319 for agent 38 on time 1787683968.5530074 with plan &iv('wallet')
Added task 319, time: 1787683968.5603206
Finish executing task 309 for agent 37 on time 1787683968.5618448 with plan ?s('cat')==True{
Finish executing task 307 for agent 3 on time 1787683968.5619316 with plan ?s('cat')==True{
Start executing task 309 for agent 37 on time 1787683968.5620868 with plan g('cat')
Start executing task 307 for agent 3 on time 1787683968.5622404 with plan g('cat')
Added task 320, time: 1787683968.5861783
Output for task 318: ?iv('book')==True{, time: 1787683968.6195016
Output for task 319: ->{l('Yes');, time: 1787683968.6481981
Output for task 320: g('scissors'), time: 1787683968.6489496
Start executing task 319 for agent 38 on time 1787683968.6493642 with plan ->{l('Yes');
Finish executing task 319 for agent 38 on time 1787683968.652834 with plan ->{l('Yes');
Added task 319, time: 1787683968.65339
Added task 321, time: 1787683968.679792
Output for task 321: g('scissors'), time: 1787683968.739529
Output for task 319: ->True}l('No');, time: 1787683968.7582643
Start executing task 319 for agent 38 on time 1787683968.7594674 with plan ->True}l('No');
Finish executing task 319 for agent 38 on time 1787683968.7606306 with plan ->True}l('No');
Added task 319, time: 1787683968.7630966
Added task 317, time: 1787683968.7900648
Output for task 317: tp()}, time: 1787683968.8227067
Output for task 319: ->False, time: 1787683968.8325653
Start executing task 319 for agent 38 on time 1787683968.8333557 with plan ->False
Finish executing task 319 for agent 38 on time 1787683968.833446 with plan ->False
Added task 317, time: 1787683968.8364704
Added task 318, time: 1787683968.8597162
Added task 320, time: 1787683968.8797202
Added task 321, time: 1787683968.8971553
Finish executing task 313 for agent 13 on time 1787683968.9038892 with plan g('scissors')
Start executing task 313 for agent 13 on time 1787683968.9040356 with plan }->False
Finish executing task 313 for agent 13 on time 1787683968.9041018 with plan }->False
Output for task 318: tp()}, time: 1787683968.919554
Added task 318, time: 1787683968.9295776
Output for task 317: ->False, time: 1787683968.929634
Output for task 320: }->False, time: 1787683968.9296758
Output for task 321: }->False, time: 1787683968.929708
Output for task 318: ->False, time: 1787683968.958015
Finish executing task 306 for agent 12 on time 1787683969.3599 with plan tc(45)}
Start executing task 306 for agent 12 on time 1787683969.3602736 with plan ->False;
Finish executing task 306 for agent 12 on time 1787683969.360504 with plan ->False;
Finish executing task 311 for agent 20 on time 1787683969.361057 with plan tc(45)}
Start executing task 311 for agent 20 on time 1787683969.3613997 with plan ->False;
Finish executing task 311 for agent 20 on time 1787683969.3616297 with plan ->False;
Finish executing task 312 for agent 30 on time 1787683969.4845142 with plan tc(45)}
Start executing task 312 for agent 30 on time 1787683969.4846475 with plan ->False;
Finish executing task 312 for agent 30 on time 1787683969.4847133 with plan ->False;
Finish executing task 320 for agent 24 on time 1787683970.086379 with plan ?s('scissors')==True{
Start executing task 320 for agent 24 on time 1787683970.0864806 with plan g('scissors')
Finish executing task 321 for agent 8 on time 1787683970.086721 with plan ?s('scissors')==True{
Start executing task 321 for agent 8 on time 1787683970.0871415 with plan g('scissors')
Finish executing task 322 for agent 1 on time 1787683970.219573 with plan tc(45);
Start executing task 322 for agent 1 on time 1787683970.2197206 with plan 
Finish executing task 322 for agent 1 on time 1787683970.2197778 with plan 
Finish executing task 317 for agent 27 on time 1787683970.6080513 with plan mu(40);
Start executing task 317 for agent 27 on time 1787683970.6084092 with plan ?iv('book')==True{
Finish executing task 317 for agent 27 on time 1787683970.6097398 with plan ?iv('book')==True{
Start executing task 317 for agent 27 on time 1787683970.6099527 with plan tp()}
Finish executing task 317 for agent 27 on time 1787683970.611197 with plan tp()}
Start executing task 317 for agent 27 on time 1787683970.611339 with plan ->False
Finish executing task 317 for agent 27 on time 1787683970.6114976 with plan ->False
Finish executing task 318 for agent 6 on time 1787683970.9479725 with plan mu(40);
Start executing task 318 for agent 6 on time 1787683970.9481242 with plan ?iv('book')==True{
Finish executing task 318 for agent 6 on time 1787683970.949297 with plan ?iv('book')==True{
Start executing task 318 for agent 6 on time 1787683970.94936 with plan tp()}
Finish executing task 318 for agent 6 on time 1787683970.950496 with plan tp()}
Start executing task 318 for agent 6 on time 1787683970.950548 with plan ->False
Finish executing task 318 for agent 6 on time 1787683970.9506216 with plan ->False
Finish executing task 309 for agent 37 on time 1787683971.025838 with plan g('cat')
Start executing task 309 for agent 37 on time 1787683971.0259507 with plan };
Finish executing task 309 for agent 37 on time 1787683971.026028 with plan };
Finish executing task 307 for agent 3 on time 1787683971.026073 with plan g('cat')
Start executing task 307 for agent 3 on time 1787683971.0261276 with plan };
Finish executing task 307 for agent 3 on time 1787683971.0261962 with plan };
Finish executing task 323 for agent 14 on time 1787683971.1368492 with plan ?iv('boy')==True{
Start executing task 323 for agent 14 on time 1787683971.1371295 with plan tc(45)}
Finish executing task 320 for agent 24 on time 1787683972.5498407 with plan g('scissors')
Start executing task 320 for agent 24 on time 1787683972.5500526 with plan }->False
Finish executing task 320 for agent 24 on time 1787683972.550168 with plan }->False
Finish executing task 321 for agent 8 on time 1787683972.55119 with plan g('scissors')
Start executing task 321 for agent 8 on time 1787683972.5513546 with plan }->False
Finish executing task 321 for agent 8 on time 1787683972.5514555 with plan }->False
Finish executing task 323 for agent 14 on time 1787683973.1168556 with plan tc(45)}
Start executing task 323 for agent 14 on time 1787683973.1171265 with plan ->False;
Finish executing task 323 for agent 14 on time 1787683973.1172354 with plan ->False;
Generating request from task 324, time: 1787683973.7862184
Generating request from task 325, time: 1787683973.7864943
Generating request from task 326, time: 1787683973.7866569
Generating request from task 327, time: 1787683973.7868152
Generating request from task 328, time: 1787683973.7869725
Generating request from task 329, time: 1787683973.7871127
Generating request from task 330, time: 1787683973.7872355
Generating request from task 331, time: 1787683973.7876449
Generating request from task 332, time: 1787683973.7886443
Generating request from task 333, time: 1787683973.789642
Generating request from task 334, time: 1787683973.7906466
Generating request from task 335, time: 1787683973.7916434
Generating request from task 336, time: 1787683973.7926395
Generating request from task 337, time: 1787683973.7936416
Added task 324, time: 1787683973.7935905
Added task 326, time: 1787683973.8210871
Output for task 326: tc(30);, time: 1787683973.8623524
Start executing task 326 for agent 36 on time 1787683973.8633509 with plan tc(30);
Output for task 324: ?iv('boy')==True{, time: 1787683973.8881035
Start executing task 324 for agent 0 on time 1787683973.8890722 with plan ?iv('boy')==True{
Added task 332, time: 1787683973.9006274
Added task 336, time: 1787683973.9251506
Added task 335, time: 1787683973.944711
Added task 330, time: 1787683973.9640317
Added task 329, time: 1787683973.9831028
Added task 327, time: 1787683974.0017638
Added task 326, time: 1787683974.0169163
Added task 325, time: 1787683974.035154
Output for task 326: , time: 1787683974.0352216
Added task 328, time: 1787683974.0554798
Added task 331, time: 1787683974.0778198
Added task 333, time: 1787683974.093416
Added task 334, time: 1787683974.1085277
Added task 337, time: 1787683974.1238
Output for task 332: tc(45);, time: 1787683974.1238706
Output for task 335: tc(45);, time: 1787683974.124235
Start executing task 332 for agent 32 on time 1787683974.124567 with plan tc(45);
Output for task 330: tc(30);, time: 1787683974.1246448
Start executing task 335 for agent 35 on time 1787683974.124815 with plan tc(45);
Output for task 329: tc(30);, time: 1787683974.1249733
Output for task 327: tc(30);, time: 1787683974.1252565
Start executing task 330 for agent 22 on time 1787683974.1252925 with plan tc(30);
Start executing task 329 for agent 18 on time 1787683974.1255157 with plan tc(30);
Start executing task 327 for agent 25 on time 1787683974.125784 with plan tc(30);
Added task 330, time: 1787683974.1401114
Added task 327, time: 1787683974.1547596
Added task 329, time: 1787683974.1695485
Added task 332, time: 1787683974.1830633
Added task 335, time: 1787683974.196222
Output for task 330: , time: 1787683974.1962798
Output for task 327: , time: 1787683974.2087138
Output for task 329: , time: 1787683974.2205899
Output for task 332: , time: 1787683974.2324455
Output for task 335: , time: 1787683974.2442203
Output for task 325: ?s('cat')==True{, time: 1787683974.2638824
Output for task 328: ?s('cat')==True{, time: 1787683974.2644699
Start executing task 325 for agent 19 on time 1787683974.2647746 with plan ?s('cat')==True{
Start executing task 328 for agent 2 on time 1787683974.2663739 with plan ?s('cat')==True{
Output for task 336: ?iv('boy')==True{, time: 1787683974.2745094
Output for task 337: md(40);, time: 1787683974.2750256
Start executing task 336 for agent 33 on time 1787683974.2752845 with plan ?iv('boy')==True{
Start executing task 337 for agent 4 on time 1787683974.2758198 with plan md(40);
Added task 336, time: 1787683974.2879987
Output for task 333: ?iv('keys'), time: 1787683974.2880635
Output for task 334: ?iv('keys'), time: 1787683974.2885218
Start executing task 333 for agent 23 on time 1787683974.288811 with plan ?iv('keys')
Start executing task 334 for agent 10 on time 1787683974.2896156 with plan ?iv('keys')
Finish executing task 333 for agent 23 on time 1787683974.2900572 with plan ?iv('keys')
Finish executing task 334 for agent 10 on time 1787683974.2910988 with plan ?iv('keys')
Added task 334, time: 1787683974.304839
Output for task 331: ?s('scissors')==True{, time: 1787683974.333558
Start executing task 331 for agent 5 on time 1787683974.3343308 with plan ?s('scissors')==True{
Output for task 336: tc(45)}, time: 1787683974.342491
Added task 333, time: 1787683974.3558946
Output for task 334: &iv('wallet'), time: 1787683974.3559542
Start executing task 334 for agent 10 on time 1787683974.3566976 with plan &iv('wallet')
Finish executing task 334 for agent 10 on time 1787683974.3581035 with plan &iv('wallet')
Added task 334, time: 1787683974.3727345
Output for task 333: &iv('wallet'), time: 1787683974.41689
Output for task 334: ->{l('Yes');, time: 1787683974.4174638
Start executing task 333 for agent 23 on time 1787683974.417625 with plan &iv('wallet')
Start executing task 334 for agent 10 on time 1787683974.4181912 with plan ->{l('Yes');
Finish executing task 333 for agent 23 on time 1787683974.418776 with plan &iv('wallet')
Finish executing task 334 for agent 10 on time 1787683974.4196475 with plan ->{l('Yes');
Added task 334, time: 1787683974.4236407
Added task 333, time: 1787683974.4399247
Added task 336, time: 1787683974.4554589
Output for task 336: ->False;, time: 1787683974.4923754
Output for task 333: ->{l('Yes');, time: 1787683974.5007036
Start executing task 333 for agent 23 on time 1787683974.5013728 with plan ->{l('Yes');
Finish executing task 333 for agent 23 on time 1787683974.5025074 with plan ->{l('Yes');
Output for task 334: ->True}l('No');, time: 1787683974.517189
Start executing task 334 for agent 10 on time 1787683974.5181227 with plan ->True}l('No');
Finish executing task 334 for agent 10 on time 1787683974.519635 with plan ->True}l('No');
Added task 334, time: 1787683974.52288
Added task 333, time: 1787683974.5389235
Added task 325, time: 1787683974.5538466
Output for task 334: ->False, time: 1787683974.5822916
Start executing task 334 for agent 10 on time 1787683974.5831583 with plan ->False
Finish executing task 334 for agent 10 on time 1787683974.5834115 with plan ->False
Output for task 325: g('cat'), time: 1787683974.5906355
Output for task 333: ->True}l('No');, time: 1787683974.6149888
Start executing task 333 for agent 23 on time 1787683974.6156409 with plan ->True}l('No');
Finish executing task 333 for agent 23 on time 1787683974.6168125 with plan ->True}l('No');
Added task 333, time: 1787683974.6196868
Added task 328, time: 1787683974.6347692
Output for task 333: ->False, time: 1787683974.6623375
Start executing task 333 for agent 23 on time 1787683974.66299 with plan ->False
Finish executing task 333 for agent 23 on time 1787683974.6630747 with plan ->False
Added task 331, time: 1787683974.6733103
Output for task 328: g('cat'), time: 1787683974.6733677
Added task 337, time: 1787683974.6884618
Added task 325, time: 1787683974.7021172
Added task 328, time: 1787683974.7150285
Output for task 325: };, time: 1787683974.7360666
Output for task 328: };, time: 1787683974.7361348
Output for task 331: g('scissors'), time: 1787683974.7614481
Added task 331, time: 1787683974.77117
Output for task 337: ?iv('toy')==True{, time: 1787683974.7915084
Added task 337, time: 1787683974.8014138
Output for task 331: }->False, time: 1787683974.801469
Output for task 337: g('toy')}, time: 1787683974.8380277
Added task 337, time: 1787683974.8397837
Output for task 337: ->False, time: 1787683974.8680084
Finish executing task 331 for agent 5 on time 1787683975.8924112 with plan ?s('scissors')==True{
Start executing task 331 for agent 5 on time 1787683975.892815 with plan g('scissors')
Finish executing task 335 for agent 35 on time 1787683976.2348409 with plan tc(45);
Finish executing task 332 for agent 32 on time 1787683976.2349277 with plan tc(45);
Start executing task 335 for agent 35 on time 1787683976.2350724 with plan 
Start executing task 332 for agent 32 on time 1787683976.2352188 with plan 
Finish executing task 335 for agent 35 on time 1787683976.235332 with plan 
Finish executing task 332 for agent 32 on time 1787683976.235437 with plan 
Finish executing task 326 for agent 36 on time 1787683976.4518383 with plan tc(30);
Start executing task 326 for agent 36 on time 1787683976.4519806 with plan 
Finish executing task 326 for agent 36 on time 1787683976.452098 with plan 
Finish executing task 330 for agent 22 on time 1787683976.7138417 with plan tc(30);
Start executing task 330 for agent 22 on time 1787683976.7139773 with plan 
Finish executing task 330 for agent 22 on time 1787683976.714048 with plan 
Finish executing task 327 for agent 25 on time 1787683976.7148433 with plan tc(30);
Start executing task 327 for agent 25 on time 1787683976.7150922 with plan 
Finish executing task 327 for agent 25 on time 1787683976.7151873 with plan 
Finish executing task 329 for agent 18 on time 1787683976.7149365 with plan tc(30);
Start executing task 329 for agent 18 on time 1787683976.7152772 with plan 
Finish executing task 329 for agent 18 on time 1787683976.7153437 with plan 
Finish executing task 337 for agent 4 on time 1787683976.8728495 with plan md(40);
Start executing task 337 for agent 4 on time 1787683976.8730075 with plan ?iv('toy')==True{
Finish executing task 337 for agent 4 on time 1787683976.8741922 with plan ?iv('toy')==True{
Start executing task 337 for agent 4 on time 1787683976.874324 with plan g('toy')}
Finish executing task 324 for agent 0 on time 1787683976.8918426 with plan ?iv('boy')==True{
Finish executing task 336 for agent 33 on time 1787683977.278541 with plan ?iv('boy')==True{
Start executing task 336 for agent 33 on time 1787683977.2786767 with plan tc(45)}
Finish executing task 325 for agent 19 on time 1787683977.982004 with plan ?s('cat')==True{
Start executing task 325 for agent 19 on time 1787683977.9822295 with plan g('cat')
Finish executing task 328 for agent 2 on time 1787683977.9841573 with plan ?s('cat')==True{
Start executing task 328 for agent 2 on time 1787683977.9844983 with plan g('cat')
Finish executing task 331 for agent 5 on time 1787683978.3568416 with plan g('scissors')
Start executing task 331 for agent 5 on time 1787683978.357051 with plan }->False
Finish executing task 331 for agent 5 on time 1787683978.3571625 with plan }->False
Finish executing task 336 for agent 33 on time 1787683979.257976 with plan tc(45)}
Start executing task 336 for agent 33 on time 1787683979.2581956 with plan ->False;
Finish executing task 336 for agent 33 on time 1787683979.258315 with plan ->False;
Finish executing task 337 for agent 4 on time 1787683979.582842 with plan g('toy')}
Start executing task 337 for agent 4 on time 1787683979.582982 with plan ->False
Finish executing task 337 for agent 4 on time 1787683979.5830483 with plan ->False
Finish executing task 325 for agent 19 on time 1787683980.446155 with plan g('cat')
Start executing task 325 for agent 19 on time 1787683980.446546 with plan };
Finish executing task 325 for agent 19 on time 1787683980.4467676 with plan };
Finish executing task 328 for agent 2 on time 1787683980.4478664 with plan g('cat')
Start executing task 328 for agent 2 on time 1787683980.448434 with plan };
Finish executing task 328 for agent 2 on time 1787683980.4486766 with plan };
Generating request from task 338, time: 1787683988.5303688
Generating request from task 339, time: 1787683988.530704
Generating request from task 340, time: 1787683988.5309496
Generating request from task 341, time: 1787683988.5311449
Generating request from task 342, time: 1787683988.5313406
Generating request from task 343, time: 1787683988.531521
Generating request from task 344, time: 1787683988.5316958
Added task 339, time: 1787683988.543219
Added task 340, time: 1787683988.5734005
Output for task 339: tc(30);, time: 1787683988.6170135
Start executing task 339 for agent 40 on time 1787683988.6181426 with plan tc(30);
Output for task 340: ?iv('boy')==True{, time: 1787683988.643003
Start executing task 340 for agent 11 on time 1787683988.6439946 with plan ?iv('boy')==True{
Added task 342, time: 1787683988.653029
Added task 340, time: 1787683988.6721919
Added task 339, time: 1787683988.69028
Output for task 339: , time: 1787683988.706188
Output for task 342: tc(45);, time: 1787683988.7323387
Output for task 340: tc(45)}, time: 1787683988.73293
Start executing task 342 for agent 34 on time 1787683988.7333586 with plan tc(45);
Added task 338, time: 1787683988.742083
Added task 341, time: 1787683988.766449
Added task 343, time: 1787683988.7904258
Added task 344, time: 1787683988.8148549
Added task 342, time: 1787683988.832519
Added task 340, time: 1787683988.849757
Output for task 342: , time: 1787683988.8498414
Output for task 338: mu(40);, time: 1787683988.89595
Output for task 344: mu(40);, time: 1787683988.896569
Start executing task 338 for agent 7 on time 1787683988.8968363 with plan mu(40);
Output for task 340: ->False;, time: 1787683988.8969686
Start executing task 344 for agent 39 on time 1787683988.8974605 with plan mu(40);
Added task 338, time: 1787683988.907471
Added task 344, time: 1787683988.92463
Output for task 343: ?s('cat')==True{, time: 1787683988.9513993
Start executing task 343 for agent 9 on time 1787683988.9523206 with plan ?s('cat')==True{
Added task 343, time: 1787683988.9624481
Output for task 341: ?s('scissors')==True{, time: 1787683988.9625287
Start executing task 341 for agent 29 on time 1787683988.963381 with plan ?s('scissors')==True{
Added task 341, time: 1787683988.980208
Output for task 343: g('cat'), time: 1787683989.0244493
Added task 343, time: 1787683989.036538
Output for task 338: ?iv('book')==True{, time: 1787683989.036615
Output for task 344: ?iv('book')==True{, time: 1787683989.0370138
Output for task 341: g('scissors'), time: 1787683989.0373864
Added task 338, time: 1787683989.0558193
Added task 344, time: 1787683989.073202
Added task 341, time: 1787683989.0902016
Output for task 343: };, time: 1787683989.1164093
Output for task 338: tp()}, time: 1787683989.116504
Output for task 344: tp()}, time: 1787683989.1169493
Added task 338, time: 1787683989.1275694
Output for task 341: }->False, time: 1787683989.1276467
Added task 344, time: 1787683989.1447647
Output for task 338: ->False, time: 1787683989.1789472
Output for task 344: ->False, time: 1787683989.1790485
Finish executing task 341 for agent 29 on time 1787683990.5214875 with plan ?s('scissors')==True{
Start executing task 341 for agent 29 on time 1787683990.521725 with plan g('scissors')
Finish executing task 342 for agent 34 on time 1787683990.8438694 with plan tc(45);
Start executing task 342 for agent 34 on time 1787683990.8442178 with plan 
Finish executing task 342 for agent 34 on time 1787683990.844414 with plan 
Finish executing task 339 for agent 40 on time 1787683991.2068644 with plan tc(30);
Start executing task 339 for agent 40 on time 1787683991.2072418 with plan 
Finish executing task 339 for agent 40 on time 1787683991.2074382 with plan 
Finish executing task 338 for agent 7 on time 1787683991.3998866 with plan mu(40);
Finish executing task 344 for agent 39 on time 1787683991.4000866 with plan mu(40);
Start executing task 338 for agent 7 on time 1787683991.400439 with plan ?iv('book')==True{
Start executing task 344 for agent 39 on time 1787683991.4007595 with plan ?iv('book')==True{
Finish executing task 338 for agent 7 on time 1787683991.4021685 with plan ?iv('book')==True{
Start executing task 338 for agent 7 on time 1787683991.402373 with plan tp()}
Finish executing task 344 for agent 39 on time 1787683991.4025733 with plan ?iv('book')==True{
Start executing task 344 for agent 39 on time 1787683991.40282 with plan tp()}
Finish executing task 338 for agent 7 on time 1787683991.4036348 with plan tp()}
Start executing task 338 for agent 7 on time 1787683991.403779 with plan ->False
Finish executing task 338 for agent 7 on time 1787683991.4039562 with plan ->False
Finish executing task 344 for agent 39 on time 1787683991.4041018 with plan tp()}
Start executing task 344 for agent 39 on time 1787683991.404231 with plan ->False
Finish executing task 344 for agent 39 on time 1787683991.4043932 with plan ->False
Finish executing task 340 for agent 11 on time 1787683991.6472476 with plan ?iv('boy')==True{
Start executing task 340 for agent 11 on time 1787683991.6475606 with plan tc(45)}
Finish executing task 343 for agent 9 on time 1787683992.6688426 with plan ?s('cat')==True{
Start executing task 343 for agent 9 on time 1787683992.6690319 with plan g('cat')
Finish executing task 341 for agent 29 on time 1787683992.9848406 with plan g('scissors')
Start executing task 341 for agent 29 on time 1787683992.9850004 with plan }->False
Finish executing task 341 for agent 29 on time 1787683992.9851046 with plan }->False
Finish executing task 340 for agent 11 on time 1787683993.626843 with plan tc(45)}
Start executing task 340 for agent 11 on time 1787683993.6270192 with plan ->False;
Finish executing task 340 for agent 11 on time 1787683993.6271186 with plan ->False;
Generating request from task 345, time: 1787683994.6712375
Generating request from task 346, time: 1787683994.6715329
Generating request from task 347, time: 1787683994.6717331
Generating request from task 348, time: 1787683994.6719286
Generating request from task 349, time: 1787683994.6721032
Generating request from task 350, time: 1787683994.6722684
Generating request from task 351, time: 1787683994.6724443
Generating request from task 352, time: 1787683994.6727178
Generating request from task 353, time: 1787683994.673719
Generating request from task 354, time: 1787683994.674711
Generating request from task 355, time: 1787683994.6757052
Generating request from task 356, time: 1787683994.6767008
Generating request from task 357, time: 1787683994.677698
Added task 345, time: 1787683994.6804764
Added task 346, time: 1787683994.7077012
Output for task 345: ?iv('boy')==True{, time: 1787683994.7751956
Output for task 346: ?iv('boy')==True{, time: 1787683994.7758396
Start executing task 345 for agent 26 on time 1787683994.7761683 with plan ?iv('boy')==True{
Start executing task 346 for agent 16 on time 1787683994.7768128 with plan ?iv('boy')==True{
Added task 355, time: 1787683994.7862062
Added task 357, time: 1787683994.811805
Added task 351, time: 1787683994.8372014
Added task 350, time: 1787683994.8622832
Added task 348, time: 1787683994.887777
Added task 347, time: 1787683994.9126408
Added task 349, time: 1787683994.9373963
Added task 352, time: 1787683994.9617546
Added task 353, time: 1787683994.9859462
Added task 354, time: 1787683995.0049388
Added task 356, time: 1787683995.0240078
Added task 346, time: 1787683995.03676
Output for task 348: tc(30);, time: 1787683995.0368521
Output for task 349: mu(40);, time: 1787683995.0373793
Start executing task 348 for agent 41 on time 1787683995.0377874 with plan tc(30);
Start executing task 349 for agent 28 on time 1787683995.0381346 with plan mu(40);
Added task 348, time: 1787683995.0559769
Added task 349, time: 1787683995.0735295
Output for task 352: ?iv('keys'), time: 1787683995.084873
Start executing task 352 for agent 13 on time 1787683995.0856826 with plan ?iv('keys')
Finish executing task 352 for agent 13 on time 1787683995.0869985 with plan ?iv('keys')
Added task 352, time: 1787683995.1024554
Output for task 355: ?iv('boy')==True{, time: 1787683995.126015
Output for task 357: ?iv('boy')==True{, time: 1787683995.1264858
Output for task 351: ?iv('boy')==True{, time: 1787683995.1268802
Output for task 350: ?iv('boy')==True{, time: 1787683995.12723
Start executing task 357 for agent 30 on time 1787683995.1272576 with plan ?iv('boy')==True{
Start executing task 355 for agent 12 on time 1787683995.1275685 with plan ?iv('boy')==True{
Output for task 347: ?iv('boy')==True{, time: 1787683995.127607
Start executing task 351 for agent 38 on time 1787683995.1276674 with plan ?iv('boy')==True{
Start executing task 350 for agent 15 on time 1787683995.1279228 with plan ?iv('boy')==True{
Output for task 354: mu(40);, time: 1787683995.1281393
Start executing task 354 for agent 21 on time 1787683995.1288407 with plan mu(40);
Start executing task 347 for agent 17 on time 1787683995.129074 with plan ?iv('boy')==True{
Finish executing task 343 for agent 9 on time 1787683995.131856 with plan g('cat')
Start executing task 343 for agent 9 on time 1787683995.1319642 with plan };
Finish executing task 343 for agent 9 on time 1787683995.1320477 with plan };
Added task 350, time: 1787683995.1485093
Output for task 348: , time: 1787683995.164553
Output for task 353: ?s('cat')==True{, time: 1787683995.2320037
Output for task 356: ?iv('keys'), time: 1787683995.232614
Start executing task 353 for agent 31 on time 1787683995.2328854 with plan ?s('cat')==True{
Start executing task 356 for agent 20 on time 1787683995.2335975 with plan ?iv('keys')
Finish executing task 356 for agent 20 on time 1787683995.2348719 with plan ?iv('keys')
Output for task 346: tc(45)}, time: 1787683995.2427645
Output for task 350: tc(45)}, time: 1787683995.24335
Added task 356, time: 1787683995.2582889
Output for task 352: &iv('wallet'), time: 1787683995.2583709
Start executing task 352 for agent 13 on time 1787683995.2590826 with plan &iv('wallet')
Finish executing task 352 for agent 13 on time 1787683995.2603095 with plan &iv('wallet')
Added task 352, time: 1787683995.2798853
Added task 346, time: 1787683995.3007078
Added task 350, time: 1787683995.321559
Added task 353, time: 1787683995.3387713
Added task 354, time: 1787683995.3526149
Added task 347, time: 1787683995.3660655
Added task 351, time: 1787683995.379181
Added task 357, time: 1787683995.3900185
Added task 355, time: 1787683995.4010196
Output for task 349: ?iv('book')==True{, time: 1787683995.401076
Added task 349, time: 1787683995.413841
Output for task 346: ->False;, time: 1787683995.4241927
Output for task 350: ->False;, time: 1787683995.4242618
Output for task 353: g('cat'), time: 1787683995.4242957
Output for task 347: tc(45)}, time: 1787683995.4246538
Added task 347, time: 1787683995.437689
Added task 353, time: 1787683995.4501579
Output for task 356: &iv('wallet'), time: 1787683995.4833753
Output for task 352: ->{l('Yes');, time: 1787683995.4837334
Output for task 349: tp()}, time: 1787683995.4840214
Start executing task 356 for agent 20 on time 1787683995.48412 with plan &iv('wallet')
Start executing task 352 for agent 13 on time 1787683995.484492 with plan ->{l('Yes');
Finish executing task 356 for agent 20 on time 1787683995.485258 with plan &iv('wallet')
Finish executing task 352 for agent 13 on time 1787683995.485781 with plan ->{l('Yes');
Output for task 351: tc(45)}, time: 1787683995.5055933
Output for task 353: };, time: 1787683995.5059671
Output for task 354: ?iv('book')==True{, time: 1787683995.5153143
Output for task 357: tc(45)}, time: 1787683995.5156422
Output for task 355: tc(45)}, time: 1787683995.5158968
Output for task 347: ->False;, time: 1787683995.5161743
Added task 352, time: 1787683995.5189629
Added task 356, time: 1787683995.5329964
Added task 351, time: 1787683995.546584
Output for task 351: ->False;, time: 1787683995.5835698
Output for task 356: ->{l('Yes');, time: 1787683995.5920055
Start executing task 356 for agent 20 on time 1787683995.5928915 with plan ->{l('Yes');
Finish executing task 356 for agent 20 on time 1787683995.5941901 with plan ->{l('Yes');
Output for task 352: ->True}l('No');, time: 1787683995.6083562
Start executing task 352 for agent 13 on time 1787683995.6090724 with plan ->True}l('No');
Finish executing task 352 for agent 13 on time 1787683995.610407 with plan ->True}l('No');
Added task 352, time: 1787683995.6109955
Added task 356, time: 1787683995.6247861
Added task 357, time: 1787683995.6380875
Output for task 352: ->False, time: 1787683995.6670718
Start executing task 352 for agent 13 on time 1787683995.6677775 with plan ->False
Finish executing task 352 for agent 13 on time 1787683995.6679866 with plan ->False
Output for task 357: ->False;, time: 1787683995.6753416
Output for task 356: ->True}l('No');, time: 1787683995.699191
Start executing task 356 for agent 20 on time 1787683995.7001047 with plan ->True}l('No');
Added task 356, time: 1787683995.7013342
Finish executing task 356 for agent 20 on time 1787683995.7014427 with plan ->True}l('No');
Added task 355, time: 1787683995.7144873
Output for task 356: ->False, time: 1787683995.7422395
Start executing task 356 for agent 20 on time 1787683995.7430713 with plan ->False
Finish executing task 356 for agent 20 on time 1787683995.7432728 with plan ->False
Added task 349, time: 1787683995.7516477
Output for task 355: ->False;, time: 1787683995.751705
Added task 354, time: 1787683995.764302
Output for task 354: tp()}, time: 1787683995.7845836
Added task 354, time: 1787683995.7936552
Output for task 349: ->False, time: 1787683995.7937346
Output for task 354: ->False, time: 1787683995.8215935
Finish executing task 349 for agent 28 on time 1787683997.5403793 with plan mu(40);
Start executing task 349 for agent 28 on time 1787683997.5406115 with plan ?iv('book')==True{
Finish executing task 349 for agent 28 on time 1787683997.5418057 with plan ?iv('book')==True{
Start executing task 349 for agent 28 on time 1787683997.541891 with plan tp()}
Finish executing task 349 for agent 28 on time 1787683997.5430238 with plan tp()}
Start executing task 349 for agent 28 on time 1787683997.5430741 with plan ->False
Finish executing task 349 for agent 28 on time 1787683997.5431516 with plan ->False
Finish executing task 348 for agent 41 on time 1787683997.626839 with plan tc(30);
Start executing task 348 for agent 41 on time 1787683997.6270003 with plan 
Finish executing task 348 for agent 41 on time 1787683997.6270864 with plan 
Finish executing task 354 for agent 21 on time 1787683997.6311827 with plan mu(40);
Start executing task 354 for agent 21 on time 1787683997.6313517 with plan ?iv('book')==True{
Finish executing task 354 for agent 21 on time 1787683997.6325326 with plan ?iv('book')==True{
Start executing task 354 for agent 21 on time 1787683997.6325967 with plan tp()}
Finish executing task 354 for agent 21 on time 1787683997.6344151 with plan tp()}
Start executing task 354 for agent 21 on time 1787683997.6345396 with plan ->False
Finish executing task 354 for agent 21 on time 1787683997.6346276 with plan ->False
Finish executing task 345 for agent 26 on time 1787683997.778845 with plan ?iv('boy')==True{
Finish executing task 346 for agent 16 on time 1787683997.7798388 with plan ?iv('boy')==True{
Start executing task 346 for agent 16 on time 1787683997.7799165 with plan tc(45)}
Finish executing task 357 for agent 30 on time 1787683998.1298575 with plan ?iv('boy')==True{
Start executing task 357 for agent 30 on time 1787683998.1300402 with plan tc(45)}
Finish executing task 355 for agent 12 on time 1787683998.1308396 with plan ?iv('boy')==True{
Finish executing task 351 for agent 38 on time 1787683998.130931 with plan ?iv('boy')==True{
Start executing task 351 for agent 38 on time 1787683998.1327589 with plan tc(45)}
Finish executing task 347 for agent 17 on time 1787683998.1321185 with plan ?iv('boy')==True{
Start executing task 355 for agent 12 on time 1787683998.1325352 with plan tc(45)}
Finish executing task 350 for agent 15 on time 1787683998.1310024 with plan ?iv('boy')==True{
Start executing task 350 for agent 15 on time 1787683998.133167 with plan tc(45)}
Start executing task 347 for agent 17 on time 1787683998.132979 with plan tc(45)}
Generating request from task 358, time: 1787683998.8782911
Generating request from task 359, time: 1787683998.8786387
Generating request from task 360, time: 1787683998.8788166
Generating request from task 361, time: 1787683998.8789937
Generating request from task 362, time: 1787683998.8791435
Generating request from task 363, time: 1787683998.8792875
Generating request from task 364, time: 1787683998.8803353
Generating request from task 365, time: 1787683998.8813224
Generating request from task 366, time: 1787683998.8823147
Generating request from task 367, time: 1787683998.883316
Generating request from task 368, time: 1787683998.8843164
Generating request from task 369, time: 1787683998.8853185
Added task 358, time: 1787683998.8853433
Added task 359, time: 1787683998.9112906
Finish executing task 353 for agent 31 on time 1787683998.9498408 with plan ?s('cat')==True{
Start executing task 353 for agent 31 on time 1787683998.9500518 with plan g('cat')
Output for task 358: ?iv('boy')==True{, time: 1787683998.977997
Output for task 359: ?iv('boy')==True{, time: 1787683998.9785848
Start executing task 358 for agent 27 on time 1787683998.979094 with plan ?iv('boy')==True{
Start executing task 359 for agent 6 on time 1787683998.9799297 with plan ?iv('boy')==True{
Added task 362, time: 1787683998.9887464
Added task 367, time: 1787683999.013321
Added task 366, time: 1787683999.0375848
Added task 364, time: 1787683999.0628004
Added task 363, time: 1787683999.0889947
Added task 359, time: 1787683999.1092455
Added task 360, time: 1787683999.1358676
Added task 361, time: 1787683999.1616316
Added task 365, time: 1787683999.1870515
Added task 368, time: 1787683999.2071233
Added task 369, time: 1787683999.2256649
Added task 358, time: 1787683999.2390459
Output for task 362: tc(30);, time: 1787683999.2391255
Output for task 366: tc(30);, time: 1787683999.239562
Output for task 363: tc(45);, time: 1787683999.239946
Start executing task 362 for agent 24 on time 1787683999.2400057 with plan tc(30);
Output for task 359: tc(45)}, time: 1787683999.2403116
Start executing task 366 for agent 23 on time 1787683999.24035 with plan tc(30);
Output for task 361: mu(40);, time: 1787683999.240663
Start executing task 363 for agent 8 on time 1787683999.2406762 with plan tc(45);
Start executing task 361 for agent 37 on time 1787683999.2414057 with plan mu(40);
Added task 362, time: 1787683999.2602386
Added task 366, time: 1787683999.2785602
Added task 363, time: 1787683999.2963982
Added task 359, time: 1787683999.3138378
Output for task 362: , time: 1787683999.3297665
Output for task 366: , time: 1787683999.3456657
Output for task 363: , time: 1787683999.3611703
Output for task 360: ?s('cat')==True{, time: 1787683999.3979647
Start executing task 360 for agent 3 on time 1787683999.398831 with plan ?s('cat')==True{
Output for task 367: ?iv('boy')==True{, time: 1787683999.4105053
Output for task 364: ?iv('boy')==True{, time: 1787683999.4110608
Start executing task 367 for agent 10 on time 1787683999.411432 with plan ?iv('boy')==True{
Output for task 365: mu(40);, time: 1787683999.4115498
Output for task 368: md(40);, time: 1787683999.4119582
Output for task 369: mu(40);, time: 1787683999.4123151
Start executing task 365 for agent 14 on time 1787683999.4123971 with plan mu(40);
Output for task 358: tc(45)}, time: 1787683999.4126508
Start executing task 364 for agent 1 on time 1787683999.412617 with plan ?iv('boy')==True{
Start executing task 368 for agent 5 on time 1787683999.4128747 with plan md(40);
Output for task 359: ->False;, time: 1787683999.4130733
Start executing task 369 for agent 32 on time 1787683999.4137087 with plan mu(40);
Added task 364, time: 1787683999.4176772
Added task 367, time: 1787683999.437727
Added task 358, time: 1787683999.457336
Output for task 364: tc(45)}, time: 1787683999.5006945
Output for task 367: tc(45)}, time: 1787683999.5012877
Output for task 358: ->False;, time: 1787683999.501723
Added task 364, time: 1787683999.5060425
Added task 367, time: 1787683999.5258744
Added task 360, time: 1787683999.5449152
Added task 361, time: 1787683999.5635178
Added task 365, time: 1787683999.5814166
Added task 369, time: 1787683999.5989468
Added task 368, time: 1787683999.6167042
Output for task 364: ->False;, time: 1787683999.6644344
Output for task 367: ->False;, time: 1787683999.6645317
Output for task 360: g('cat'), time: 1787683999.66458
Added task 360, time: 1787683999.6769588
Output for task 360: };, time: 1787683999.7034168
Output for task 361: ?iv('book')==True{, time: 1787683999.7143147
Output for task 365: ?iv('book')==True{, time: 1787683999.7148015
Output for task 369: ?iv('book')==True{, time: 1787683999.7151968
Output for task 368: ?iv('toy')==True{, time: 1787683999.7155607
Added task 361, time: 1787683999.7186246
Added task 368, time: 1787683999.7367735
Added task 365, time: 1787683999.754302
Finish executing task 346 for agent 16 on time 1787683999.7608426 with plan tc(45)}
Start executing task 346 for agent 16 on time 1787683999.7610261 with plan ->False;
Finish executing task 346 for agent 16 on time 1787683999.761132 with plan ->False;
Added task 369, time: 1787683999.7713406
Output for task 361: tp()}, time: 1787683999.7975447
Output for task 365: tp()}, time: 1787683999.7980409
Output for task 369: tp()}, time: 1787683999.7984252
Added task 361, time: 1787683999.8094015
Added task 365, time: 1787683999.8269184
Added task 369, time: 1787683999.8444536
Output for task 368: g('toy')}, time: 1787683999.8702798
Added task 368, time: 1787683999.881606
Output for task 361: ->False, time: 1787683999.881682
Output for task 365: ->False, time: 1787683999.8817449
Output for task 369: ->False, time: 1787683999.881793
Output for task 368: ->False, time: 1787683999.9151244
Finish executing task 357 for agent 30 on time 1787684000.1098459 with plan tc(45)}
Start executing task 357 for agent 30 on time 1787684000.1100073 with plan ->False;
Finish executing task 357 for agent 30 on time 1787684000.1101062 with plan ->False;
Finish executing task 351 for agent 38 on time 1787684000.1118445 with plan tc(45)}
Start executing task 351 for agent 38 on time 1787684000.1119874 with plan ->False;
Finish executing task 351 for agent 38 on time 1787684000.1120846 with plan ->False;
Finish executing task 355 for agent 12 on time 1787684000.1128008 with plan tc(45)}
Start executing task 355 for agent 12 on time 1787684000.112906 with plan ->False;
Finish executing task 355 for agent 12 on time 1787684000.112989 with plan ->False;
Finish executing task 347 for agent 17 on time 1787684000.113039 with plan tc(45)}
Finish executing task 350 for agent 15 on time 1787684000.113118 with plan tc(45)}
Start executing task 347 for agent 17 on time 1787684000.1132255 with plan ->False;
Finish executing task 347 for agent 17 on time 1787684000.113401 with plan ->False;
Start executing task 350 for agent 15 on time 1787684000.1134613 with plan ->False;
Finish executing task 350 for agent 15 on time 1787684000.1135523 with plan ->False;
Finish executing task 363 for agent 8 on time 1787684001.3516488 with plan tc(45);
Start executing task 363 for agent 8 on time 1787684001.3520958 with plan 
Finish executing task 363 for agent 8 on time 1787684001.3523116 with plan 
Finish executing task 353 for agent 31 on time 1787684001.4140596 with plan g('cat')
Start executing task 353 for agent 31 on time 1787684001.4144707 with plan };
Finish executing task 353 for agent 31 on time 1787684001.4146955 with plan };
Generating request from task 370, time: 1787684001.4380324
Generating request from task 371, time: 1787684001.4382865
Generating request from task 372, time: 1787684001.4384606
Generating request from task 373, time: 1787684001.4386096
Generating request from task 374, time: 1787684001.4391723
Generating request from task 375, time: 1787684001.4402957
Generating request from task 376, time: 1787684001.4412475
Generating request from task 377, time: 1787684001.4422543
Added task 370, time: 1787684001.4432003
Generating request from task 378, time: 1787684001.4432702
Generating request from task 379, time: 1787684001.4442434
Generating request from task 380, time: 1787684001.4452364
Generating request from task 381, time: 1787684001.446278
Generating request from task 382, time: 1787684001.4472961
Generating request from task 383, time: 1787684001.448283
Generating request from task 384, time: 1787684001.4492843
Generating request from task 385, time: 1787684001.4502797
Added task 372, time: 1787684001.4636757
Output for task 372: tc(30);, time: 1787684001.4998307
Start executing task 372 for agent 25 on time 1787684001.50111 with plan tc(30);
Added task 373, time: 1787684001.5167065
Added task 378, time: 1787684001.537104
Output for task 370: ?iv('boy')==True{, time: 1787684001.5659368
Start executing task 370 for agent 35 on time 1787684001.5667005 with plan ?iv('boy')==True{
Added task 385, time: 1787684001.5840545
Output for task 373: tc(45);, time: 1787684001.5841165
Output for task 378: tc(45);, time: 1787684001.5845745
Start executing task 373 for agent 18 on time 1787684001.5850754 with plan tc(45);
Start executing task 378 for agent 19 on time 1787684001.585457 with plan tc(45);
Added task 384, time: 1787684001.6069107
Added task 383, time: 1787684001.6283877
Added task 382, time: 1787684001.649612
Added task 380, time: 1787684001.6706755
Added task 372, time: 1787684001.6881607
Added task 373, time: 1787684001.7047052
Output for task 372: , time: 1787684001.7047632
Added task 378, time: 1787684001.720715
Output for task 373: , time: 1787684001.7207963
Added task 371, time: 1787684001.7397726
Output for task 378: , time: 1787684001.7398584
Finish executing task 361 for agent 37 on time 1787684001.7437084 with plan mu(40);
Start executing task 361 for agent 37 on time 1787684001.7441213 with plan ?iv('book')==True{
Finish executing task 361 for agent 37 on time 1787684001.7454526 with plan ?iv('book')==True{
Start executing task 361 for agent 37 on time 1787684001.7456226 with plan tp()}
Finish executing task 361 for agent 37 on time 1787684001.746842 with plan tp()}
Start executing task 361 for agent 37 on time 1787684001.7469852 with plan ->False
Finish executing task 361 for agent 37 on time 1787684001.7471497 with plan ->False
Added task 374, time: 1787684001.758246
Added task 375, time: 1787684001.7763057
Added task 376, time: 1787684001.7939892
Added task 377, time: 1787684001.8096216
Added task 379, time: 1787684001.8250372
Finish executing task 362 for agent 24 on time 1787684001.8278654 with plan tc(30);
Start executing task 362 for agent 24 on time 1787684001.828244 with plan 
Finish executing task 362 for agent 24 on time 1787684001.8284454 with plan 
Finish executing task 366 for agent 23 on time 1787684001.8299003 with plan tc(30);
Start executing task 366 for agent 23 on time 1787684001.8304677 with plan 
Finish executing task 366 for agent 23 on time 1787684001.830756 with plan 
Added task 381, time: 1787684001.840749
Output for task 385: tc(30);, time: 1787684001.8408098
Output for task 384: tc(45);, time: 1787684001.8412507
Start executing task 385 for agent 11 on time 1787684001.841474 with plan tc(30);
Output for task 382: tc(45);, time: 1787684001.8416348
Output for task 380: tc(30);, time: 1787684001.8420095
Start executing task 382 for agent 29 on time 1787684001.842328 with plan tc(45);
Output for task 374: md(40);, time: 1787684001.842409
Start executing task 384 for agent 40 on time 1787684001.8425052 with plan tc(45);
Output for task 375: mu(40);, time: 1787684001.8427794
Start executing task 380 for agent 7 on time 1787684001.8428807 with plan tc(30);
Start executing task 375 for agent 0 on time 1787684001.84416 with plan mu(40);
Start executing task 374 for agent 22 on time 1787684001.8443305 with plan md(40);
Added task 385, time: 1787684001.8602033
Added task 380, time: 1787684001.87618
Output for task 385: , time: 1787684001.9105923
Finish executing task 365 for agent 14 on time 1787684001.9146202 with plan mu(40);
Start executing task 365 for agent 14 on time 1787684001.914716 with plan ?iv('book')==True{
Finish executing task 365 for agent 14 on time 1787684001.9158332 with plan ?iv('book')==True{
Start executing task 365 for agent 14 on time 1787684001.9158726 with plan tp()}
Finish executing task 369 for agent 32 on time 1787684001.9159298 with plan mu(40);
Start executing task 369 for agent 32 on time 1787684001.9161198 with plan ?iv('book')==True{
Finish executing task 365 for agent 14 on time 1787684001.9169781 with plan tp()}
Start executing task 365 for agent 14 on time 1787684001.9170506 with plan ->False
Finish executing task 365 for agent 14 on time 1787684001.9171104 with plan ->False
Finish executing task 369 for agent 32 on time 1787684001.9173203 with plan ?iv('book')==True{
Start executing task 369 for agent 32 on time 1787684001.9174428 with plan tp()}
Finish executing task 369 for agent 32 on time 1787684001.9186091 with plan tp()}
Start executing task 369 for agent 32 on time 1787684001.918691 with plan ->False
Finish executing task 369 for agent 32 on time 1787684001.9187863 with plan ->False
Output for task 380: , time: 1787684001.9223256
Output for task 371: ?iv('keys'), time: 1787684001.932031
Start executing task 371 for agent 36 on time 1787684001.9330926 with plan ?iv('keys')
Finish executing task 371 for agent 36 on time 1787684001.9345942 with plan ?iv('keys')
Output for task 383: ?iv('boy')==True{, time: 1787684001.9513872
Output for task 379: md(40);, time: 1787684001.9518895
Output for task 381: md(40);, time: 1787684001.9523587
Start executing task 383 for agent 34 on time 1787684001.9522278 with plan ?iv('boy')==True{
Start executing task 381 for agent 39 on time 1787684001.9532485 with plan md(40);
Start executing task 379 for agent 2 on time 1787684001.953929 with plan md(40);
Added task 383, time: 1787684001.9668057
Finish executing task 358 for agent 27 on time 1787684001.9823494 with plan ?iv('boy')==True{
Start executing task 358 for agent 27 on time 1787684001.9826581 with plan tc(45)}
Finish executing task 359 for agent 6 on time 1787684001.9832013 with plan ?iv('boy')==True{
Start executing task 359 for agent 6 on time 1787684001.983449 with plan tc(45)}
Added task 371, time: 1787684001.9837782
Added task 384, time: 1787684001.9998114
Finish executing task 368 for agent 5 on time 1787684002.0101583 with plan md(40);
Start executing task 368 for agent 5 on time 1787684002.0103648 with plan ?iv('toy')==True{
Output for task 384: , time: 1787684002.011572
Finish executing task 368 for agent 5 on time 1787684002.0116339 with plan ?iv('toy')==True{
Start executing task 368 for agent 5 on time 1787684002.0117698 with plan g('toy')}
Output for task 376: ?s('cat')==True{, time: 1787684002.0205214
Start executing task 376 for agent 33 on time 1787684002.0216875 with plan ?s('cat')==True{
Output for task 377: ?s('scissors')==True{, time: 1787684002.0297608
Start executing task 377 for agent 4 on time 1787684002.030722 with plan ?s('scissors')==True{
Output for task 383: tc(45)}, time: 1787684002.0384698
Output for task 371: &iv('wallet'), time: 1787684002.0470388
Start executing task 371 for agent 36 on time 1787684002.0478187 with plan &iv('wallet')
Finish executing task 371 for agent 36 on time 1787684002.0491462 with plan &iv('wallet')
Added task 371, time: 1787684002.0539737
Added task 382, time: 1787684002.0714064
Output for task 382: , time: 1787684002.083084
Output for task 371: ->{l('Yes');, time: 1787684002.114464
Start executing task 371 for agent 36 on time 1787684002.115208 with plan ->{l('Yes');
Finish executing task 371 for agent 36 on time 1787684002.1165214 with plan ->{l('Yes');
Added task 371, time: 1787684002.1208942
Added task 383, time: 1787684002.1380534
Output for task 383: ->False;, time: 1787684002.1737835
Output for task 371: ->True}l('No');, time: 1787684002.1975148
Start executing task 371 for agent 36 on time 1787684002.1982858 with plan ->True}l('No');
Finish executing task 371 for agent 36 on time 1787684002.1995735 with plan ->True}l('No');
Added task 371, time: 1787684002.2033882
Added task 376, time: 1787684002.2197287
Output for task 371: ->False, time: 1787684002.2472813
Start executing task 371 for agent 36 on time 1787684002.2479126 with plan ->False
Finish executing task 371 for agent 36 on time 1787684002.24808 with plan ->False
Added task 377, time: 1787684002.2594903
Output for task 376: g('cat'), time: 1787684002.259548
Added task 374, time: 1787684002.2754955
Added task 375, time: 1787684002.2906628
Added task 379, time: 1787684002.3048418
Added task 381, time: 1787684002.3183649
Added task 376, time: 1787684002.331255
Output for task 376: };, time: 1787684002.3526103
Output for task 377: g('scissors'), time: 1787684002.3809602
Added task 377, time: 1787684002.39138
Output for task 374: ?iv('toy')==True{, time: 1787684002.4132295
Output for task 375: ?iv('book')==True{, time: 1787684002.4137075
Output for task 379: ?iv('toy')==True{, time: 1787684002.4141095
Output for task 381: ?iv('toy')==True{, time: 1787684002.4145014
Finish executing task 367 for agent 10 on time 1787684002.4146752 with plan ?iv('boy')==True{
Start executing task 367 for agent 10 on time 1787684002.414988 with plan tc(45)}
Finish executing task 364 for agent 1 on time 1787684002.4150724 with plan ?iv('boy')==True{
Start executing task 364 for agent 1 on time 1787684002.4154756 with plan tc(45)}
Added task 374, time: 1787684002.42629
Output for task 377: }->False, time: 1787684002.4263465
Added task 375, time: 1787684002.4408286
Added task 379, time: 1787684002.4544923
Added task 381, time: 1787684002.4674156
Output for task 375: tp()}, time: 1787684002.4895842
Added task 375, time: 1787684002.5004818
Output for task 374: g('toy')}, time: 1787684002.5250244
Output for task 379: g('toy')}, time: 1787684002.5254073
Output for task 381: g('toy')}, time: 1787684002.5257196
Added task 374, time: 1787684002.5394437
Output for task 375: ->False, time: 1787684002.5395133
Added task 379, time: 1787684002.5562453
Added task 381, time: 1787684002.5722165
Output for task 374: ->False, time: 1787684002.6081455
Output for task 379: ->False, time: 1787684002.608251
Output for task 381: ->False, time: 1787684002.608302
Finish executing task 360 for agent 3 on time 1787684003.1153903 with plan ?s('cat')==True{
Start executing task 360 for agent 3 on time 1787684003.11555 with plan g('cat')
Generating request from task 386, time: 1787684003.5182118
Generating request from task 387, time: 1787684003.518525
Generating request from task 388, time: 1787684003.5186946
Generating request from task 389, time: 1787684003.5192497
Generating request from task 390, time: 1787684003.5202312
Generating request from task 391, time: 1787684003.5212257
Generating request from task 392, time: 1787684003.5222342
Generating request from task 393, time: 1787684003.5232277
Generating request from task 394, time: 1787684003.5242348
Generating request from task 395, time: 1787684003.5252254
Added task 388, time: 1787684003.526128
Generating request from task 396, time: 1787684003.5262315
Generating request from task 397, time: 1787684003.5272195
Generating request from task 398, time: 1787684003.5282197
Generating request from task 399, time: 1787684003.5292156
Generating request from task 400, time: 1787684003.5302186
Added task 386, time: 1787684003.5512648
Finish executing task 377 for agent 4 on time 1787684003.5888443 with plan ?s('scissors')==True{
Start executing task 377 for agent 4 on time 1787684003.5890481 with plan g('scissors')
Output for task 386: ?iv('keys'), time: 1787684003.5996785
Start executing task 386 for agent 13 on time 1787684003.6005538 with plan ?iv('keys')
Finish executing task 386 for agent 13 on time 1787684003.6018343 with plan ?iv('keys')
Added task 386, time: 1787684003.6118972
Added task 387, time: 1787684003.6354825
Output for task 388: ?iv('boy')==True{, time: 1787684003.659776
Start executing task 388 for agent 9 on time 1787684003.6606333 with plan ?iv('boy')==True{
Output for task 387: mu(40);, time: 1787684003.6771188
Start executing task 387 for agent 20 on time 1787684003.6801813 with plan mu(40);
Output for task 386: &iv('wallet'), time: 1787684003.6862128
Start executing task 386 for agent 13 on time 1787684003.6869526 with plan &iv('wallet')
Finish executing task 386 for agent 13 on time 1787684003.6881142 with plan &iv('wallet')
Added task 388, time: 1787684003.690989
Finish executing task 378 for agent 19 on time 1787684003.6958442 with plan tc(45);
Start executing task 378 for agent 19 on time 1787684003.695973 with plan 
Finish executing task 378 for agent 19 on time 1787684003.6960468 with plan 
Finish executing task 373 for agent 18 on time 1787684003.696174 with plan tc(45);
Start executing task 373 for agent 18 on time 1787684003.6963437 with plan 
Finish executing task 373 for agent 18 on time 1787684003.696429 with plan 
Added task 386, time: 1787684003.70976
Output for task 388: tc(45)}, time: 1787684003.7495077
Output for task 386: ->{l('Yes');, time: 1787684003.7585323
Start executing task 386 for agent 13 on time 1787684003.7592463 with plan ->{l('Yes');
Finish executing task 386 for agent 13 on time 1787684003.7603972 with plan ->{l('Yes');
Added task 386, time: 1787684003.76309
Added task 389, time: 1787684003.7874696
Output for task 389: ?iv('keys'), time: 1787684003.8362155
Start executing task 389 for agent 28 on time 1787684003.837067 with plan ?iv('keys')
Finish executing task 389 for agent 28 on time 1787684003.838342 with plan ?iv('keys')
Output for task 386: ->True}l('No');, time: 1787684003.853163
Start executing task 386 for agent 13 on time 1787684003.8538876 with plan ->True}l('No');
Finish executing task 386 for agent 13 on time 1787684003.8550398 with plan ->True}l('No');
Added task 386, time: 1787684003.858172
Added task 389, time: 1787684003.8774195
Added task 390, time: 1787684003.9016752
Output for task 386: ->False, time: 1787684003.9342837
Start executing task 386 for agent 13 on time 1787684003.9351773 with plan ->False
Finish executing task 386 for agent 13 on time 1787684003.935266 with plan ->False
Output for task 389: &iv('wallet'), time: 1787684003.951735
Output for task 390: ?iv('keys'), time: 1787684003.9522169
Start executing task 389 for agent 28 on time 1787684003.952566 with plan &iv('wallet')
Finish executing task 382 for agent 29 on time 1787684003.9528368 with plan tc(45);
Finish executing task 384 for agent 40 on time 1787684003.9529126 with plan tc(45);
Start executing task 390 for agent 21 on time 1787684003.9529562 with plan ?iv('keys')
Start executing task 382 for agent 29 on time 1787684003.9531586 with plan 
Start executing task 384 for agent 40 on time 1787684003.9535005 with plan 
Finish executing task 382 for agent 29 on time 1787684003.95363 with plan 
Finish executing task 384 for agent 40 on time 1787684003.9537277 with plan 
Finish executing task 390 for agent 21 on time 1787684003.954542 with plan ?iv('keys')
Finish executing task 389 for agent 28 on time 1787684003.9546633 with plan &iv('wallet')
Added task 390, time: 1787684003.9568222
Finish executing task 358 for agent 27 on time 1787684003.9618437 with plan tc(45)}
Start executing task 358 for agent 27 on time 1787684003.9619935 with plan ->False;
Finish executing task 358 for agent 27 on time 1787684003.962094 with plan ->False;
Finish executing task 359 for agent 6 on time 1787684003.9628384 with plan tc(45)}
Start executing task 359 for agent 6 on time 1787684003.9629197 with plan ->False;
Finish executing task 359 for agent 6 on time 1787684003.9629965 with plan ->False;
Added task 389, time: 1787684003.9755907
Added task 391, time: 1787684003.9999664
Output for task 390: &iv('wallet'), time: 1787684004.0501862
Output for task 389: ->{l('Yes');, time: 1787684004.050635
Start executing task 390 for agent 21 on time 1787684004.0509984 with plan &iv('wallet')
Start executing task 389 for agent 28 on time 1787684004.0513215 with plan ->{l('Yes');
Finish executing task 390 for agent 21 on time 1787684004.0522063 with plan &iv('wallet')
Finish executing task 389 for agent 28 on time 1787684004.05297 with plan ->{l('Yes');
Added task 389, time: 1787684004.0637422
Output for task 391: ?s('cat')==True{, time: 1787684004.0638158
Start executing task 391 for agent 41 on time 1787684004.064547 with plan ?s('cat')==True{
Added task 390, time: 1787684004.083207
Finish executing task 372 for agent 25 on time 1787684004.0898457 with plan tc(30);
Start executing task 372 for agent 25 on time 1787684004.0900066 with plan 
Finish executing task 372 for agent 25 on time 1787684004.0900936 with plan 
Added task 392, time: 1787684004.1073487
Output for task 392: mu(40);, time: 1787684004.1490543
Start executing task 392 for agent 26 on time 1787684004.1500275 with plan mu(40);
Output for task 390: ->{l('Yes');, time: 1787684004.1580834
Start executing task 390 for agent 21 on time 1787684004.1588335 with plan ->{l('Yes');
Finish executing task 390 for agent 21 on time 1787684004.160091 with plan ->{l('Yes');
Output for task 389: ->True}l('No');, time: 1787684004.1749945
Start executing task 389 for agent 28 on time 1787684004.1765656 with plan ->True}l('No');
Finish executing task 389 for agent 28 on time 1787684004.1778028 with plan ->True}l('No');
Added task 389, time: 1787684004.180317
Added task 393, time: 1787684004.205317
Added task 394, time: 1787684004.2299116
Added task 395, time: 1787684004.254205
Added task 396, time: 1787684004.278222
Added task 397, time: 1787684004.3021727
Added task 398, time: 1787684004.3258376
Finish executing task 375 for agent 0 on time 1787684004.3458483 with plan mu(40);
Start executing task 375 for agent 0 on time 1787684004.3460214 with plan ?iv('book')==True{
Finish executing task 375 for agent 0 on time 1787684004.3471646 with plan ?iv('book')==True{
Start executing task 375 for agent 0 on time 1787684004.3472087 with plan tp()}
Finish executing task 375 for agent 0 on time 1787684004.3483157 with plan tp()}
Start executing task 375 for agent 0 on time 1787684004.3483534 with plan ->False
Finish executing task 375 for agent 0 on time 1787684004.3483963 with plan ->False
Added task 399, time: 1787684004.3527496
Added task 400, time: 1787684004.3785524
Added task 388, time: 1787684004.394065
Finish executing task 367 for agent 10 on time 1787684004.3948503 with plan tc(45)}
Start executing task 367 for agent 10 on time 1787684004.3950477 with plan ->False;
Finish executing task 367 for agent 10 on time 1787684004.3951647 with plan ->False;
Finish executing task 364 for agent 1 on time 1787684004.395371 with plan tc(45)}
Start executing task 364 for agent 1 on time 1787684004.3955302 with plan ->False;
Finish executing task 364 for agent 1 on time 1787684004.3956406 with plan ->False;
Added task 391, time: 1787684004.4080691
Output for task 389: ->False, time: 1787684004.4081507
Start executing task 389 for agent 28 on time 1787684004.413471 with plan ->False
Finish executing task 389 for agent 28 on time 1787684004.4136555 with plan ->False
Added task 390, time: 1787684004.4282763
Finish executing task 385 for agent 11 on time 1787684004.430848 with plan tc(30);
Start executing task 385 for agent 11 on time 1787684004.4310062 with plan 
Finish executing task 385 for agent 11 on time 1787684004.4311013 with plan 
Finish executing task 380 for agent 7 on time 1787684004.431846 with plan tc(30);
Start executing task 380 for agent 7 on time 1787684004.4319642 with plan 
Finish executing task 380 for agent 7 on time 1787684004.432022 with plan 
Finish executing task 374 for agent 22 on time 1787684004.4418395 with plan md(40);
Start executing task 374 for agent 22 on time 1787684004.4419794 with plan ?iv('toy')==True{
Added task 387, time: 1787684004.4425972
Output for task 395: md(40);, time: 1787684004.4426818
Finish executing task 374 for agent 22 on time 1787684004.4431555 with plan ?iv('toy')==True{
Output for task 396: md(40);, time: 1787684004.443184
Start executing task 374 for agent 22 on time 1787684004.4432344 with plan g('toy')}
Start executing task 395 for agent 15 on time 1787684004.4434683 with plan md(40);
Output for task 397: mu(40);, time: 1787684004.4435802
Output for task 399: mu(40);, time: 1787684004.4439726
Start executing task 396 for agent 38 on time 1787684004.4440062 with plan md(40);
Start executing task 397 for agent 12 on time 1787684004.4443085 with plan mu(40);
Start executing task 399 for agent 36 on time 1787684004.4446433 with plan mu(40);
Added task 392, time: 1787684004.4649534
Added task 395, time: 1787684004.4849508
Added task 396, time: 1787684004.5042982
Output for task 393: ?iv('keys'), time: 1787684004.5313468
Start executing task 393 for agent 16 on time 1787684004.5322208 with plan ?iv('keys')
Finish executing task 393 for agent 16 on time 1787684004.53351 with plan ?iv('keys')
Finish executing task 381 for agent 39 on time 1787684004.5498405 with plan md(40);
Start executing task 381 for agent 39 on time 1787684004.5499566 with plan ?iv('toy')==True{
Finish executing task 381 for agent 39 on time 1787684004.5511463 with plan ?iv('toy')==True{
Start executing task 381 for agent 39 on time 1787684004.5512104 with plan g('toy')}
Finish executing task 379 for agent 2 on time 1787684004.5518465 with plan md(40);
Start executing task 379 for agent 2 on time 1787684004.5520327 with plan ?iv('toy')==True{
Finish executing task 379 for agent 2 on time 1787684004.5531867 with plan ?iv('toy')==True{
Start executing task 379 for agent 2 on time 1787684004.5532408 with plan g('toy')}
Finish executing task 370 for agent 35 on time 1787684004.5698373 with plan ?iv('boy')==True{
Output for task 394: ?s('scissors')==True{, time: 1787684004.5708716
Output for task 398: ?s('scissors')==True{, time: 1787684004.5714104
Start executing task 394 for agent 17 on time 1787684004.5716534 with plan ?s('scissors')==True{
Output for task 388: ->False;, time: 1787684004.571822
Output for task 391: g('cat'), time: 1787684004.5718982
Start executing task 398 for agent 30 on time 1787684004.572372 with plan ?s('scissors')==True{
Output for task 400: ?s('cat')==True{, time: 1787684004.6137614
Start executing task 400 for agent 37 on time 1787684004.6145813 with plan ?s('cat')==True{
Output for task 390: ->True}l('No');, time: 1787684004.6343749
Output for task 387: ?iv('book')==True{, time: 1787684004.6349506
Start executing task 390 for agent 21 on time 1787684004.6352408 with plan ->True}l('No');
Finish executing task 390 for agent 21 on time 1787684004.6364532 with plan ->True}l('No');
Added task 390, time: 1787684004.6500695
Output for task 392: ?iv('book')==True{, time: 1787684004.6501486
Added task 393, time: 1787684004.6715124
Added task 394, time: 1787684004.6919627
Finish executing task 368 for agent 5 on time 1787684004.721169 with plan g('toy')}
Start executing task 368 for agent 5 on time 1787684004.7213576 with plan ->False
Finish executing task 368 for agent 5 on time 1787684004.72147 with plan ->False
Output for task 395: ?iv('toy')==True{, time: 1787684004.7285383
Output for task 396: ?iv('toy')==True{, time: 1787684004.7291064
Output for task 390: ->False, time: 1787684004.7295218
Start executing task 390 for agent 21 on time 1787684004.7330892 with plan ->False
Finish executing task 390 for agent 21 on time 1787684004.7332468 with plan ->False
Output for task 393: &iv('wallet'), time: 1787684004.7471755
Output for task 394: g('scissors'), time: 1787684004.7477138
Start executing task 393 for agent 16 on time 1787684004.7479982 with plan &iv('wallet')
Finish executing task 393 for agent 16 on time 1787684004.7492242 with plan &iv('wallet')
Added task 393, time: 1787684004.7543402
Added task 398, time: 1787684004.7760847
Output for task 393: ->{l('Yes');, time: 1787684004.8258653
Output for task 398: g('scissors'), time: 1787684004.826432
Start executing task 393 for agent 16 on time 1787684004.826698 with plan ->{l('Yes');
Finish executing task 393 for agent 16 on time 1787684004.8279397 with plan ->{l('Yes');
Added task 393, time: 1787684004.8329804
Added task 387, time: 1787684004.8546689
Output for task 387: tp()}, time: 1787684004.8799036
Output for task 393: ->True}l('No');, time: 1787684004.921731
Start executing task 393 for agent 16 on time 1787684004.9224913 with plan ->True}l('No');
Finish executing task 393 for agent 16 on time 1787684004.9236443 with plan ->True}l('No');
Added task 393, time: 1787684004.9284813
Added task 387, time: 1787684004.9504077
Finish executing task 383 for agent 34 on time 1787684004.9548428 with plan ?iv('boy')==True{
Start executing task 383 for agent 34 on time 1787684004.9550354 with plan tc(45)}
Output for task 393: ->False, time: 1787684004.9834518
Output for task 387: ->False, time: 1787684004.9835732
Start executing task 393 for agent 16 on time 1787684004.984015 with plan ->False
Finish executing task 393 for agent 16 on time 1787684004.984118 with plan ->False
Added task 400, time: 1787684004.989158
Added task 392, time: 1787684005.010248
Added task 397, time: 1787684005.03058
Added task 395, time: 1787684005.0504189
Added task 399, time: 1787684005.0697515
Added task 396, time: 1787684005.089025
Output for task 392: tp()}, time: 1787684005.115115
Added task 392, time: 1787684005.1282783
Added task 391, time: 1787684005.1464517
Added task 394, time: 1787684005.1641448
Added task 398, time: 1787684005.1811535
Output for task 400: g('cat'), time: 1787684005.1932774
Output for task 395: g('toy')}, time: 1787684005.193766
Output for task 396: g('toy')}, time: 1787684005.1941714
Output for task 391: };, time: 1787684005.1945333
Added task 400, time: 1787684005.212655
Added task 395, time: 1787684005.230437
Added task 396, time: 1787684005.247553
Output for task 392: ->False, time: 1787684005.2751193
Output for task 394: }->False, time: 1787684005.275225
Output for task 400: };, time: 1787684005.2752836
Output for task 398: }->False, time: 1787684005.2861032
Output for task 395: ->False, time: 1787684005.2862005
Output for task 396: ->False, time: 1787684005.286256
Output for task 397: ?iv('book')==True{, time: 1787684005.2960002
Output for task 399: ?iv('book')==True{, time: 1787684005.296485
Added task 397, time: 1787684005.298575
Added task 399, time: 1787684005.3158138
Output for task 397: tp()}, time: 1787684005.341327
Output for task 399: tp()}, time: 1787684005.3417935
Added task 397, time: 1787684005.343886
Added task 399, time: 1787684005.3612144
Output for task 397: ->False, time: 1787684005.39615
Output for task 399: ->False, time: 1787684005.3962514
Finish executing task 360 for agent 3 on time 1787684005.579415 with plan g('cat')
Start executing task 360 for agent 3 on time 1787684005.579622 with plan };
Finish executing task 360 for agent 3 on time 1787684005.5797305 with plan };
Finish executing task 376 for agent 33 on time 1787684005.738859 with plan ?s('cat')==True{
Start executing task 376 for agent 33 on time 1787684005.73904 with plan g('cat')
Finish executing task 377 for agent 4 on time 1787684006.0529573 with plan g('scissors')
Start executing task 377 for agent 4 on time 1787684006.0530887 with plan }->False
Finish executing task 377 for agent 4 on time 1787684006.0531538 with plan }->False
Finish executing task 394 for agent 17 on time 1787684006.1297157 with plan ?s('scissors')==True{
Start executing task 394 for agent 17 on time 1787684006.1298532 with plan g('scissors')
Finish executing task 398 for agent 30 on time 1787684006.1304395 with plan ?s('scissors')==True{
Start executing task 398 for agent 30 on time 1787684006.130718 with plan g('scissors')
Finish executing task 387 for agent 20 on time 1787684006.1818516 with plan mu(40);
Start executing task 387 for agent 20 on time 1787684006.1822171 with plan ?iv('book')==True{
Finish executing task 387 for agent 20 on time 1787684006.183548 with plan ?iv('book')==True{
Start executing task 387 for agent 20 on time 1787684006.1837232 with plan tp()}
Finish executing task 387 for agent 20 on time 1787684006.1850016 with plan tp()}
Start executing task 387 for agent 20 on time 1787684006.1851616 with plan ->False
Finish executing task 387 for agent 20 on time 1787684006.1853268 with plan ->False
Finish executing task 392 for agent 26 on time 1787684006.652498 with plan mu(40);
Start executing task 392 for agent 26 on time 1787684006.6528382 with plan ?iv('book')==True{
Finish executing task 392 for agent 26 on time 1787684006.6541486 with plan ?iv('book')==True{
Start executing task 392 for agent 26 on time 1787684006.6543078 with plan tp()}
Finish executing task 392 for agent 26 on time 1787684006.655552 with plan tp()}
Start executing task 392 for agent 26 on time 1787684006.6556883 with plan ->False
Finish executing task 392 for agent 26 on time 1787684006.655866 with plan ->False
Finish executing task 388 for agent 9 on time 1787684006.6638627 with plan ?iv('boy')==True{
Start executing task 388 for agent 9 on time 1787684006.6642392 with plan tc(45)}
Finish executing task 383 for agent 34 on time 1787684006.9349022 with plan tc(45)}
Start executing task 383 for agent 34 on time 1787684006.9352703 with plan ->False;
Finish executing task 383 for agent 34 on time 1787684006.9354951 with plan ->False;
Finish executing task 397 for agent 12 on time 1787684006.9465408 with plan mu(40);
Finish executing task 399 for agent 36 on time 1787684006.9467351 with plan mu(40);
Start executing task 397 for agent 12 on time 1787684006.947084 with plan ?iv('book')==True{
Start executing task 399 for agent 36 on time 1787684006.9474173 with plan ?iv('book')==True{
Finish executing task 397 for agent 12 on time 1787684006.9487925 with plan ?iv('book')==True{
Start executing task 397 for agent 12 on time 1787684006.9490204 with plan tp()}
Finish executing task 399 for agent 36 on time 1787684006.9492245 with plan ?iv('book')==True{
Start executing task 399 for agent 36 on time 1787684006.9494476 with plan tp()}
Finish executing task 397 for agent 12 on time 1787684006.9502356 with plan tp()}
Start executing task 397 for agent 12 on time 1787684006.9504042 with plan ->False
Finish executing task 397 for agent 12 on time 1787684006.9505672 with plan ->False
Finish executing task 399 for agent 36 on time 1787684006.9506996 with plan tp()}
Start executing task 399 for agent 36 on time 1787684006.9508855 with plan ->False
Finish executing task 399 for agent 36 on time 1787684006.951055 with plan ->False
Finish executing task 395 for agent 15 on time 1787684007.0407631 with plan md(40);
Finish executing task 396 for agent 38 on time 1787684007.0408828 with plan md(40);
Start executing task 395 for agent 15 on time 1787684007.0410712 with plan ?iv('toy')==True{
Start executing task 396 for agent 38 on time 1787684007.0414221 with plan ?iv('toy')==True{
Finish executing task 395 for agent 15 on time 1787684007.0424762 with plan ?iv('toy')==True{
Start executing task 395 for agent 15 on time 1787684007.0426583 with plan g('toy')}
Finish executing task 396 for agent 38 on time 1787684007.0428593 with plan ?iv('toy')==True{
Start executing task 396 for agent 38 on time 1787684007.0429423 with plan g('toy')}
Finish executing task 374 for agent 22 on time 1787684007.1526604 with plan g('toy')}
Start executing task 374 for agent 22 on time 1787684007.1529064 with plan ->False
Finish executing task 374 for agent 22 on time 1787684007.1530883 with plan ->False
Finish executing task 381 for agent 39 on time 1787684007.2606213 with plan g('toy')}
Start executing task 381 for agent 39 on time 1787684007.2606926 with plan ->False
Finish executing task 381 for agent 39 on time 1787684007.2607393 with plan ->False
Finish executing task 379 for agent 2 on time 1787684007.2626529 with plan g('toy')}
Start executing task 379 for agent 2 on time 1787684007.2632115 with plan ->False
Finish executing task 379 for agent 2 on time 1787684007.2634625 with plan ->False
Finish executing task 391 for agent 41 on time 1787684007.7808442 with plan ?s('cat')==True{
Start executing task 391 for agent 41 on time 1787684007.7810454 with plan g('cat')
Finish executing task 376 for agent 33 on time 1787684008.2028546 with plan g('cat')
Start executing task 376 for agent 33 on time 1787684008.2031794 with plan };
Finish executing task 376 for agent 33 on time 1787684008.2033954 with plan };
Finish executing task 400 for agent 37 on time 1787684008.330838 with plan ?s('cat')==True{
Start executing task 400 for agent 37 on time 1787684008.3309615 with plan g('cat')
Finish executing task 394 for agent 17 on time 1787684008.5928483 with plan g('scissors')
Start executing task 394 for agent 17 on time 1787684008.5929885 with plan }->False
Finish executing task 394 for agent 17 on time 1787684008.5930579 with plan }->False
Finish executing task 398 for agent 30 on time 1787684008.593852 with plan g('scissors')
Start executing task 398 for agent 30 on time 1787684008.5939975 with plan }->False
Finish executing task 398 for agent 30 on time 1787684008.594096 with plan }->False
Finish executing task 388 for agent 9 on time 1787684008.6438458 with plan tc(45)}
Start executing task 388 for agent 9 on time 1787684008.6440055 with plan ->False;
Finish executing task 388 for agent 9 on time 1787684008.6441197 with plan ->False;
Finish executing task 396 for agent 38 on time 1787684009.751849 with plan g('toy')}
Start executing task 396 for agent 38 on time 1787684009.7520826 with plan ->False
Finish executing task 396 for agent 38 on time 1787684009.7522132 with plan ->False
Finish executing task 395 for agent 15 on time 1787684009.752269 with plan g('toy')}
Start executing task 395 for agent 15 on time 1787684009.7523382 with plan ->False
Finish executing task 395 for agent 15 on time 1787684009.7524211 with plan ->False
Finish executing task 391 for agent 41 on time 1787684010.2448442 with plan g('cat')
Start executing task 391 for agent 41 on time 1787684010.245017 with plan };
Finish executing task 391 for agent 41 on time 1787684010.2451184 with plan };
Finish executing task 400 for agent 37 on time 1787684010.7948384 with plan g('cat')
Start executing task 400 for agent 37 on time 1787684010.7950127 with plan };
Finish executing task 400 for agent 37 on time 1787684010.7951262 with plan };
Generating request from task 401, time: 1787684010.837107
Generating request from task 402, time: 1787684010.8374274
Generating request from task 403, time: 1787684010.837617
Generating request from task 404, time: 1787684010.8377967
Generating request from task 405, time: 1787684010.8379748
Generating request from task 406, time: 1787684010.8381443
Generating request from task 407, time: 1787684010.838298
Generating request from task 408, time: 1787684010.838464
Generating request from task 409, time: 1787684010.8386214
Generating request from task 410, time: 1787684010.8387687
Generating request from task 411, time: 1787684010.8394744
Generating request from task 412, time: 1787684010.8404806
Generating request from task 413, time: 1787684010.8415675
Added task 401, time: 1787684010.8445787
Added task 403, time: 1787684010.8724911
Output for task 401: ?iv('boy')==True{, time: 1787684010.9400244
Output for task 403: ?iv('boy')==True{, time: 1787684010.940645
Start executing task 401 for agent 14 on time 1787684010.9409354 with plan ?iv('boy')==True{
Start executing task 403 for agent 31 on time 1787684010.9417298 with plan ?iv('boy')==True{
Added task 413, time: 1787684010.951457
Added task 405, time: 1787684010.9779382
Added task 403, time: 1787684010.9977796
Added task 401, time: 1787684011.0168972
Added task 402, time: 1787684011.0413306
Output for task 413: tc(30);, time: 1787684011.0878
Output for task 405: tc(30);, time: 1787684011.0882967
Output for task 403: tc(45)}, time: 1787684011.0886593
Output for task 401: tc(45)}, time: 1787684011.0890431
Start executing task 405 for agent 13 on time 1787684011.0890367 with plan tc(30);
Start executing task 413 for agent 1 on time 1787684011.092171 with plan tc(30);
Added task 413, time: 1787684011.1021833
Added task 405, time: 1787684011.122189
Output for task 413: , time: 1787684011.1222687
Added task 404, time: 1787684011.1477149
Output for task 405: , time: 1787684011.147836
Added task 406, time: 1787684011.1728728
Added task 407, time: 1787684011.1977167
Added task 408, time: 1787684011.2222648
Added task 409, time: 1787684011.2429533
Added task 410, time: 1787684011.2600121
Added task 411, time: 1787684011.2767606
Added task 412, time: 1787684011.2933226
Added task 403, time: 1787684011.3042028
Added task 401, time: 1787684011.3150675
Output for task 402: ?s('scissors')==True{, time: 1787684011.3151255
Start executing task 402 for agent 32 on time 1787684011.3157518 with plan ?s('scissors')==True{
Added task 402, time: 1787684011.3279545
Output for task 409: mu(40);, time: 1787684011.3380942
Start executing task 409 for agent 24 on time 1787684011.3388953 with plan mu(40);
Added task 409, time: 1787684011.350817
Output for task 406: ?iv('keys'), time: 1787684011.3608868
Output for task 407: ?iv('keys'), time: 1787684011.361184
Output for task 408: ?iv('keys'), time: 1787684011.361415
Start executing task 406 for agent 28 on time 1787684011.3615706 with plan ?iv('keys')
Start executing task 407 for agent 21 on time 1787684011.361823 with plan ?iv('keys')
Start executing task 408 for agent 16 on time 1787684011.3620152 with plan ?iv('keys')
Finish executing task 406 for agent 28 on time 1787684011.3628325 with plan ?iv('keys')
Finish executing task 407 for agent 21 on time 1787684011.3635275 with plan ?iv('keys')
Finish executing task 408 for agent 16 on time 1787684011.3637207 with plan ?iv('keys')
Added task 408, time: 1787684011.3759546
Added task 407, time: 1787684011.3896804
Added task 406, time: 1787684011.4025013
Output for task 412: mu(40);, time: 1787684011.4132216
Start executing task 412 for agent 6 on time 1787684011.4138393 with plan mu(40);
Added task 412, time: 1787684011.4257708
Output for task 404: ?s('scissors')==True{, time: 1787684011.4361053
Output for task 410: ?s('scissors')==True{, time: 1787684011.4364035
Output for task 411: ?s('scissors')==True{, time: 1787684011.4369018
Start executing task 404 for agent 8 on time 1787684011.4368398 with plan ?s('scissors')==True{
Start executing task 410 for agent 23 on time 1787684011.437003 with plan ?s('scissors')==True{
Output for task 403: ->False;, time: 1787684011.4373333
Start executing task 411 for agent 27 on time 1787684011.4382205 with plan ?s('scissors')==True{
Added task 410, time: 1787684011.451588
Added task 404, time: 1787684011.465097
Output for task 401: ->False;, time: 1787684011.49789
Output for task 402: g('scissors'), time: 1787684011.5195875
Output for task 408: &iv('wallet'), time: 1787684011.5296197
Start executing task 408 for agent 16 on time 1787684011.5303802 with plan &iv('wallet')
Finish executing task 408 for agent 16 on time 1787684011.5315154 with plan &iv('wallet')
Output for task 409: ?iv('book')==True{, time: 1787684011.5401132
Output for task 407: &iv('wallet'), time: 1787684011.5406008
Output for task 406: &iv('wallet'), time: 1787684011.5410335
Output for task 410: g('scissors'), time: 1787684011.5414207
Start executing task 407 for agent 21 on time 1787684011.541413 with plan &iv('wallet')
Start executing task 406 for agent 28 on time 1787684011.541561 with plan &iv('wallet')
Finish executing task 407 for agent 21 on time 1787684011.5428383 with plan &iv('wallet')
Finish executing task 406 for agent 28 on time 1787684011.5429316 with plan &iv('wallet')
Added task 406, time: 1787684011.5555959
Output for task 404: g('scissors'), time: 1787684011.5556555
Added task 407, time: 1787684011.5729275
Added task 408, time: 1787684011.5891979
Added task 411, time: 1787684011.6047664
Output for task 412: ?iv('book')==True{, time: 1787684011.6258545
Output for task 406: ->{l('Yes');, time: 1787684011.6530948
Output for task 407: ->{l('Yes');, time: 1787684011.6535573
Start executing task 406 for agent 28 on time 1787684011.6536486 with plan ->{l('Yes');
Output for task 408: ->{l('Yes');, time: 1787684011.6539643
Start executing task 407 for agent 21 on time 1787684011.6542866 with plan ->{l('Yes');
Output for task 411: g('scissors'), time: 1787684011.6544023
Start executing task 408 for agent 16 on time 1787684011.6545577 with plan ->{l('Yes');
Finish executing task 406 for agent 28 on time 1787684011.6547618 with plan ->{l('Yes');
Finish executing task 407 for agent 21 on time 1787684011.6555955 with plan ->{l('Yes');
Finish executing task 408 for agent 16 on time 1787684011.6557512 with plan ->{l('Yes');
Added task 408, time: 1787684011.6613033
Added task 407, time: 1787684011.6789012
Added task 406, time: 1787684011.6957095
Added task 409, time: 1787684011.7120585
Output for task 409: tp()}, time: 1787684011.732626
Output for task 408: ->True}l('No');, time: 1787684011.7760663
Output for task 407: ->True}l('No');, time: 1787684011.776623
Start executing task 408 for agent 16 on time 1787684011.7768307 with plan ->True}l('No');
Output for task 406: ->True}l('No');, time: 1787684011.777066
Start executing task 407 for agent 21 on time 1787684011.7774842 with plan ->True}l('No');
Start executing task 406 for agent 28 on time 1787684011.777628 with plan ->True}l('No');
Finish executing task 408 for agent 16 on time 1787684011.778004 with plan ->True}l('No');
Finish executing task 407 for agent 21 on time 1787684011.7789335 with plan ->True}l('No');
Finish executing task 406 for agent 28 on time 1787684011.7790291 with plan ->True}l('No');
Added task 406, time: 1787684011.7840264
Added task 407, time: 1787684011.8017907
Added task 408, time: 1787684011.8188553
Added task 409, time: 1787684011.8350677
Output for task 406: ->False, time: 1787684011.8644755
Output for task 407: ->False, time: 1787684011.8645566
Output for task 408: ->False, time: 1787684011.8645942
Output for task 409: ->False, time: 1787684011.8646338
Start executing task 406 for agent 28 on time 1787684011.8650358 with plan ->False
Finish executing task 406 for agent 28 on time 1787684011.8650875 with plan ->False
Start executing task 408 for agent 16 on time 1787684011.8652017 with plan ->False
Finish executing task 408 for agent 16 on time 1787684011.8652852 with plan ->False
Start executing task 407 for agent 21 on time 1787684011.8655353 with plan ->False
Finish executing task 407 for agent 21 on time 1787684011.8657398 with plan ->False
Added task 412, time: 1787684011.8694005
Added task 402, time: 1787684011.8835325
Added task 404, time: 1787684011.8966572
Added task 410, time: 1787684011.9095008
Added task 411, time: 1787684011.9219718
Output for task 412: tp()}, time: 1787684011.9437532
Added task 412, time: 1787684011.953881
Output for task 402: }->False, time: 1787684011.9539382
Output for task 404: }->False, time: 1787684011.953978
Output for task 410: }->False, time: 1787684011.9540076
Output for task 411: }->False, time: 1787684011.9540348
Output for task 412: ->False, time: 1787684011.9823585
Finish executing task 402 for agent 32 on time 1787684012.8738618 with plan ?s('scissors')==True{
Start executing task 402 for agent 32 on time 1787684012.874259 with plan g('scissors')
Finish executing task 404 for agent 8 on time 1787684012.995209 with plan ?s('scissors')==True{
Finish executing task 410 for agent 23 on time 1787684012.995405 with plan ?s('scissors')==True{
Start executing task 404 for agent 8 on time 1787684012.9956849 with plan g('scissors')
Start executing task 410 for agent 23 on time 1787684012.9959784 with plan g('scissors')
Finish executing task 411 for agent 27 on time 1787684012.996498 with plan ?s('scissors')==True{
Start executing task 411 for agent 27 on time 1787684012.9968405 with plan g('scissors')
Finish executing task 405 for agent 13 on time 1787684013.6784704 with plan tc(30);
Start executing task 405 for agent 13 on time 1787684013.678627 with plan 
Finish executing task 405 for agent 13 on time 1787684013.6787121 with plan 
Finish executing task 413 for agent 1 on time 1787684013.6808412 with plan tc(30);
Start executing task 413 for agent 1 on time 1787684013.6810086 with plan 
Finish executing task 413 for agent 1 on time 1787684013.6810944 with plan 
Finish executing task 409 for agent 24 on time 1787684013.8410363 with plan mu(40);
Start executing task 409 for agent 24 on time 1787684013.8412077 with plan ?iv('book')==True{
Finish executing task 409 for agent 24 on time 1787684013.8423815 with plan ?iv('book')==True{
Start executing task 409 for agent 24 on time 1787684013.8424478 with plan tp()}
Finish executing task 409 for agent 24 on time 1787684013.8435855 with plan tp()}
Start executing task 409 for agent 24 on time 1787684013.84364 with plan ->False
Finish executing task 409 for agent 24 on time 1787684013.8437138 with plan ->False
Finish executing task 412 for agent 6 on time 1787684013.9158351 with plan mu(40);
Start executing task 412 for agent 6 on time 1787684013.9159603 with plan ?iv('book')==True{
Finish executing task 412 for agent 6 on time 1787684013.917126 with plan ?iv('book')==True{
Start executing task 412 for agent 6 on time 1787684013.917185 with plan tp()}
Finish executing task 412 for agent 6 on time 1787684013.9183211 with plan tp()}
Start executing task 412 for agent 6 on time 1787684013.9183743 with plan ->False
Finish executing task 412 for agent 6 on time 1787684013.9184487 with plan ->False
Finish executing task 401 for agent 14 on time 1787684013.944173 with plan ?iv('boy')==True{
Start executing task 401 for agent 14 on time 1787684013.944244 with plan tc(45)}
Finish executing task 403 for agent 31 on time 1787684013.944337 with plan ?iv('boy')==True{
Start executing task 403 for agent 31 on time 1787684013.9443934 with plan tc(45)}
Finish executing task 402 for agent 32 on time 1787684015.3378408 with plan g('scissors')
Start executing task 402 for agent 32 on time 1787684015.3380435 with plan }->False
Finish executing task 402 for agent 32 on time 1787684015.3381603 with plan }->False
Finish executing task 410 for agent 23 on time 1787684015.459843 with plan g('scissors')
Finish executing task 404 for agent 8 on time 1787684015.4599254 with plan g('scissors')
Start executing task 410 for agent 23 on time 1787684015.4600692 with plan }->False
Start executing task 404 for agent 8 on time 1787684015.4602132 with plan }->False
Finish executing task 410 for agent 23 on time 1787684015.4603376 with plan }->False
Finish executing task 404 for agent 8 on time 1787684015.4604588 with plan }->False
Finish executing task 411 for agent 27 on time 1787684015.4608412 with plan g('scissors')
Start executing task 411 for agent 27 on time 1787684015.460995 with plan }->False
Finish executing task 411 for agent 27 on time 1787684015.4611108 with plan }->False
Finish executing task 401 for agent 14 on time 1787684015.9238417 with plan tc(45)}
Start executing task 401 for agent 14 on time 1787684015.9241388 with plan ->False;
Finish executing task 401 for agent 14 on time 1787684015.9242778 with plan ->False;
Finish executing task 403 for agent 31 on time 1787684015.9239554 with plan tc(45)}
Start executing task 403 for agent 31 on time 1787684015.9243715 with plan ->False;
Finish executing task 403 for agent 31 on time 1787684015.924454 with plan ->False;
Generating request from task 414, time: 1787684017.4966617
Generating request from task 415, time: 1787684017.4973073
Generating request from task 416, time: 1787684017.497722
Generating request from task 417, time: 1787684017.498101
Generating request from task 418, time: 1787684017.4984312
Generating request from task 419, time: 1787684017.4987493
Generating request from task 420, time: 1787684017.4996645
Generating request from task 421, time: 1787684017.50078
Added task 414, time: 1787684017.501393
Generating request from task 422, time: 1787684017.502065
Generating request from task 423, time: 1787684017.5028896
Generating request from task 424, time: 1787684017.5038548
Added task 415, time: 1787684017.5213032
Added task 421, time: 1787684017.5396388
Output for task 414: md(40);, time: 1787684017.5767298
Output for task 415: tc(30);, time: 1787684017.5772188
Start executing task 414 for agent 10 on time 1787684017.577684 with plan md(40);
Start executing task 415 for agent 5 on time 1787684017.5779207 with plan tc(30);
Added task 422, time: 1787684017.593711
Added task 424, time: 1787684017.613179
Output for task 421: ?iv('boy')==True{, time: 1787684017.64226
Start executing task 421 for agent 40 on time 1787684017.6430423 with plan ?iv('boy')==True{
Added task 421, time: 1787684017.6555414
Output for task 424: tc(30);, time: 1787684017.655602
Start executing task 424 for agent 7 on time 1787684017.6563551 with plan tc(30);
Added task 415, time: 1787684017.6721861
Output for task 415: , time: 1787684017.6838515
Output for task 422: ?iv('boy')==True{, time: 1787684017.7082534
Output for task 421: tc(45)}, time: 1787684017.7088122
Start executing task 422 for agent 3 on time 1787684017.7089777 with plan ?iv('boy')==True{
Added task 422, time: 1787684017.7143981
Added task 424, time: 1787684017.730536
Output for task 424: , time: 1787684017.7421718
Output for task 422: tc(45)}, time: 1787684017.7659092
Added task 416, time: 1787684017.7744691
Added task 417, time: 1787684017.793999
Added task 418, time: 1787684017.8134227
Added task 419, time: 1787684017.8327208
Added task 420, time: 1787684017.8513231
Added task 423, time: 1787684017.8695776
Generating request from task 425, time: 1787684017.877558
Generating request from task 426, time: 1787684017.8782625
Generating request from task 427, time: 1787684017.8791623
Generating request from task 428, time: 1787684017.879999
Generating request from task 429, time: 1787684017.8809578
Generating request from task 430, time: 1787684017.8819873
Generating request from task 431, time: 1787684017.8829892
Generating request from task 432, time: 1787684017.884115
Generating request from task 433, time: 1787684017.8849661
Added task 431, time: 1787684017.890341
Added task 421, time: 1787684017.9071507
Output for task 418: md(40);, time: 1787684017.9479625
Output for task 431: tc(45);, time: 1787684017.948528
Output for task 421: ->False;, time: 1787684017.9489686
Start executing task 418 for agent 18 on time 1787684017.9487748 with plan md(40);
Start executing task 431 for agent 34 on time 1787684017.9502048 with plan tc(45);
Added task 422, time: 1787684017.9645777
Output for task 417: ?iv('keys'), time: 1787684017.9646587
Output for task 419: ?iv('keys'), time: 1787684017.9651282
Start executing task 417 for agent 4 on time 1787684017.965326 with plan ?iv('keys')
Output for task 420: ?iv('keys'), time: 1787684017.9654915
Start executing task 419 for agent 19 on time 1787684017.9660473 with plan ?iv('keys')
Start executing task 420 for agent 29 on time 1787684017.9661853 with plan ?iv('keys')
Finish executing task 417 for agent 4 on time 1787684017.9666176 with plan ?iv('keys')
Finish executing task 419 for agent 19 on time 1787684017.9675457 with plan ?iv('keys')
Finish executing task 420 for agent 29 on time 1787684017.967713 with plan ?iv('keys')
Added task 419, time: 1787684017.9846087
Added task 420, time: 1787684018.0025518
Added task 417, time: 1787684018.0197766
Added task 431, time: 1787684018.0363412
Output for task 431: , time: 1787684018.0481703
Output for task 416: ?s('cat')==True{, time: 1787684018.0580735
Output for task 423: ?s('cat')==True{, time: 1787684018.0586293
Start executing task 423 for agent 25 on time 1787684018.0592868 with plan ?s('cat')==True{
Start executing task 416 for agent 0 on time 1787684018.059647 with plan ?s('cat')==True{
Output for task 422: ->False;, time: 1787684018.0767958
Output for task 419: &iv('wallet'), time: 1787684018.0858645
Output for task 420: &iv('wallet'), time: 1787684018.0863338
Start executing task 419 for agent 19 on time 1787684018.0865667 with plan &iv('wallet')
Output for task 417: &iv('wallet'), time: 1787684018.086716
Start executing task 417 for agent 4 on time 1787684018.0871994 with plan &iv('wallet')
Start executing task 420 for agent 29 on time 1787684018.0874624 with plan &iv('wallet')
Finish executing task 419 for agent 19 on time 1787684018.0878384 with plan &iv('wallet')
Finish executing task 417 for agent 4 on time 1787684018.0883417 with plan &iv('wallet')
Finish executing task 420 for agent 29 on time 1787684018.08876 with plan &iv('wallet')
Added task 420, time: 1787684018.095075
Added task 417, time: 1787684018.1136384
Added task 419, time: 1787684018.1315558
Added task 425, time: 1787684018.1526456
Output for task 425: md(40);, time: 1787684018.1902375
Start executing task 425 for agent 11 on time 1787684018.1911664 with plan md(40);
Output for task 420: ->{l('Yes');, time: 1787684018.1996644
Output for task 417: ->{l('Yes');, time: 1787684018.200147
Start executing task 420 for agent 29 on time 1787684018.2003942 with plan ->{l('Yes');
Output for task 419: ->{l('Yes');, time: 1787684018.200536
Start executing task 417 for agent 4 on time 1787684018.2006395 with plan ->{l('Yes');
Start executing task 419 for agent 19 on time 1787684018.2010598 with plan ->{l('Yes');
Finish executing task 420 for agent 29 on time 1787684018.2016754 with plan ->{l('Yes');
Finish executing task 417 for agent 4 on time 1787684018.201814 with plan ->{l('Yes');
Finish executing task 419 for agent 19 on time 1787684018.2023335 with plan ->{l('Yes');
Added task 419, time: 1787684018.2090514
Added task 417, time: 1787684018.2280865
Added task 420, time: 1787684018.2464175
Added task 426, time: 1787684018.267702
Output for task 426: md(40);, time: 1787684018.3052747
Start executing task 426 for agent 20 on time 1787684018.3061306 with plan md(40);
Output for task 419: ->True}l('No');, time: 1787684018.3317184
Output for task 417: ->True}l('No');, time: 1787684018.332227
Start executing task 419 for agent 19 on time 1787684018.3324142 with plan ->True}l('No');
Output for task 420: ->True}l('No');, time: 1787684018.3326285
Start executing task 417 for agent 4 on time 1787684018.3331037 with plan ->True}l('No');
Start executing task 420 for agent 29 on time 1787684018.3332024 with plan ->True}l('No');
Finish executing task 419 for agent 19 on time 1787684018.333694 with plan ->True}l('No');
Finish executing task 417 for agent 4 on time 1787684018.3342462 with plan ->True}l('No');
Finish executing task 420 for agent 29 on time 1787684018.3344843 with plan ->True}l('No');
Added task 420, time: 1787684018.3414989
Added task 417, time: 1787684018.3610604
Added task 419, time: 1787684018.3799083
Added task 427, time: 1787684018.404318
Output for task 420: ->False, time: 1787684018.4376266
Output for task 417: ->False, time: 1787684018.4377203
Output for task 419: ->False, time: 1787684018.4377837
Start executing task 419 for agent 19 on time 1787684018.438632 with plan ->False
Finish executing task 419 for agent 19 on time 1787684018.4387279 with plan ->False
Start executing task 417 for agent 4 on time 1787684018.4387784 with plan ->False
Finish executing task 417 for agent 4 on time 1787684018.438881 with plan ->False
Start executing task 420 for agent 29 on time 1787684018.4389236 with plan ->False
Finish executing task 420 for agent 29 on time 1787684018.439064 with plan ->False
Added task 428, time: 1787684018.456154
Added task 429, time: 1787684018.48077
Added task 430, time: 1787684018.5049639
Output for task 427: ?iv('keys'), time: 1787684018.5298603
Start executing task 427 for agent 26 on time 1787684018.5307188 with plan ?iv('keys')
Finish executing task 427 for agent 26 on time 1787684018.5319726 with plan ?iv('keys')
Added task 427, time: 1787684018.5438159
Added task 432, time: 1787684018.568592
Output for task 430: md(40);, time: 1787684018.5932925
Start executing task 430 for agent 35 on time 1787684018.594077 with plan md(40);
Output for task 428: ?iv('keys'), time: 1787684018.6033657
Output for task 429: ?iv('keys'), time: 1787684018.6038551
Start executing task 428 for agent 12 on time 1787684018.6041172 with plan ?iv('keys')
Start executing task 429 for agent 36 on time 1787684018.6047513 with plan ?iv('keys')
Finish executing task 428 for agent 12 on time 1787684018.6053345 with plan ?iv('keys')
Finish executing task 429 for agent 36 on time 1787684018.6059752 with plan ?iv('keys')
Output for task 427: &iv('wallet'), time: 1787684018.6213837
Start executing task 427 for agent 26 on time 1787684018.622133 with plan &iv('wallet')
Finish executing task 427 for agent 26 on time 1787684018.623292 with plan &iv('wallet')
Added task 433, time: 1787684018.6417441
Added task 427, time: 1787684018.6629736
Added task 429, time: 1787684018.6830418
Added task 428, time: 1787684018.7026267
Added task 416, time: 1787684018.7217906
Output for task 432: ?s('scissors')==True{, time: 1787684018.7470107
Start executing task 432 for agent 22 on time 1787684018.748204 with plan ?s('scissors')==True{
Output for task 433: md(40);, time: 1787684018.7676826
Output for task 416: g('cat'), time: 1787684018.7682111
Start executing task 433 for agent 2 on time 1787684018.7685163 with plan md(40);
Output for task 427: ->{l('Yes');, time: 1787684018.778318
Output for task 429: &iv('wallet'), time: 1787684018.7787623
Start executing task 427 for agent 26 on time 1787684018.77906 with plan ->{l('Yes');
Output for task 428: &iv('wallet'), time: 1787684018.779099
Start executing task 429 for agent 36 on time 1787684018.7793548 with plan &iv('wallet')
Start executing task 428 for agent 12 on time 1787684018.7796233 with plan &iv('wallet')
Finish executing task 427 for agent 26 on time 1787684018.7802105 with plan ->{l('Yes');
Finish executing task 429 for agent 36 on time 1787684018.7805097 with plan &iv('wallet')
Finish executing task 428 for agent 12 on time 1787684018.7807553 with plan &iv('wallet')
Added task 428, time: 1787684018.7854462
Added task 429, time: 1787684018.806139
Added task 427, time: 1787684018.8262017
Added task 423, time: 1787684018.8457925
Output for task 423: g('cat'), time: 1787684018.8883674
Output for task 428: ->{l('Yes');, time: 1787684018.89831
Output for task 429: ->{l('Yes');, time: 1787684018.898755
Start executing task 428 for agent 12 on time 1787684018.8990564 with plan ->{l('Yes');
Start executing task 429 for agent 36 on time 1787684018.8993409 with plan ->{l('Yes');
Finish executing task 428 for agent 12 on time 1787684018.9002037 with plan ->{l('Yes');
Finish executing task 429 for agent 36 on time 1787684018.9004734 with plan ->{l('Yes');
Output for task 427: ->True}l('No');, time: 1787684018.9158227
Start executing task 427 for agent 26 on time 1787684018.9166346 with plan ->True}l('No');
Finish executing task 427 for agent 26 on time 1787684018.9177966 with plan ->True}l('No');
Added task 427, time: 1787684018.922395
Added task 429, time: 1787684018.9430356
Added task 428, time: 1787684018.9635313
Added task 414, time: 1787684018.9837883
Output for task 427: ->False, time: 1787684019.0171545
Start executing task 427 for agent 26 on time 1787684019.0181532 with plan ->False
Finish executing task 427 for agent 26 on time 1787684019.0182502 with plan ->False
Output for task 429: ->True}l('No');, time: 1787684019.0540135
Output for task 428: ->True}l('No');, time: 1787684019.0546215
Start executing task 429 for agent 36 on time 1787684019.0547767 with plan ->True}l('No');
Output for task 414: ?iv('toy')==True{, time: 1787684019.05501
Start executing task 428 for agent 12 on time 1787684019.0553162 with plan ->True}l('No');
Finish executing task 429 for agent 36 on time 1787684019.0559614 with plan ->True}l('No');
Finish executing task 428 for agent 12 on time 1787684019.056457 with plan ->True}l('No');
Added task 428, time: 1787684019.061427
Added task 429, time: 1787684019.0823307
Added task 414, time: 1787684019.1024928
Output for task 428: ->False, time: 1787684019.1358159
Output for task 429: ->False, time: 1787684019.1359162
Start executing task 429 for agent 36 on time 1787684019.1366522 with plan ->False
Finish executing task 429 for agent 36 on time 1787684019.1367373 with plan ->False
Start executing task 428 for agent 12 on time 1787684019.1369138 with plan ->False
Finish executing task 428 for agent 12 on time 1787684019.1369872 with plan ->False
Added task 432, time: 1787684019.1492941
Output for task 414: g('toy')}, time: 1787684019.1493676
Added task 418, time: 1787684019.1694868
Added task 425, time: 1787684019.188482
Added task 426, time: 1787684019.2068841
Added task 430, time: 1787684019.2247846
Generating request from task 434, time: 1787684019.2332623
Generating request from task 435, time: 1787684019.233607
Generating request from task 436, time: 1787684019.2345817
Generating request from task 437, time: 1787684019.2355669
Generating request from task 438, time: 1787684019.2365596
Generating request from task 439, time: 1787684019.2375603
Generating request from task 440, time: 1787684019.238578
Generating request from task 441, time: 1787684019.2395518
Generating request from task 442, time: 1787684019.2405474
Added task 438, time: 1787684019.2508605
Added task 439, time: 1787684019.2756045
Output for task 439: tc(30);, time: 1787684019.3214574
Start executing task 439 for agent 38 on time 1787684019.3223078 with plan tc(30);
Output for task 432: g('scissors'), time: 1787684019.3319795
Output for task 418: ?iv('toy')==True{, time: 1787684019.3532765
Output for task 425: ?iv('toy')==True{, time: 1787684019.3537157
Output for task 426: ?iv('toy')==True{, time: 1787684019.3540459
Output for task 430: ?iv('toy')==True{, time: 1787684019.3543513
Output for task 438: ?iv('boy')==True{, time: 1787684019.3546395
Start executing task 438 for agent 15 on time 1787684019.355239 with plan ?iv('boy')==True{
Added task 440, time: 1787684019.367567
Added task 438, time: 1787684019.3894892
Added task 439, time: 1787684019.4107254
Output for task 439: , time: 1787684019.4259157
Output for task 438: tc(45)}, time: 1787684019.4511573
Output for task 440: ?iv('boy')==True{, time: 1787684019.476448
Start executing task 440 for agent 33 on time 1787684019.4773138 with plan ?iv('boy')==True{
Added task 440, time: 1787684019.4835765
Added task 434, time: 1787684019.5104973
Output for task 440: tc(45)}, time: 1787684019.5515013
Output for task 434: md(40);, time: 1787684019.5519593
Start executing task 434 for agent 39 on time 1787684019.552664 with plan md(40);
Added task 435, time: 1787684019.5648463
Added task 436, time: 1787684019.5924366
Added task 437, time: 1787684019.619656
Added task 441, time: 1787684019.6467488
Added task 442, time: 1787684019.6736722
Added task 438, time: 1787684019.6950328
Added task 440, time: 1787684019.7158632
Output for task 435: mu(40);, time: 1787684019.7630026
Output for task 436: md(40);, time: 1787684019.7635257
Output for task 442: md(40);, time: 1787684019.7638922
Start executing task 435 for agent 17 on time 1787684019.7638824 with plan mu(40);
Output for task 438: ->False;, time: 1787684019.7642417
Start executing task 436 for agent 30 on time 1787684019.7642372 with plan md(40);
Output for task 440: ->False;, time: 1787684019.7642992
Start executing task 442 for agent 37 on time 1787684019.7645643 with plan md(40);
Added task 418, time: 1787684019.7797632
Output for task 437: ?iv('keys'), time: 1787684019.7798662
Start executing task 437 for agent 9 on time 1787684019.7805364 with plan ?iv('keys')
Finish executing task 437 for agent 9 on time 1787684019.7817764 with plan ?iv('keys')
Added task 437, time: 1787684019.8016138
Added task 425, time: 1787684019.8225462
Output for task 441: ?s('cat')==True{, time: 1787684019.847127
Start executing task 441 for agent 41 on time 1787684019.8478978 with plan ?s('cat')==True{
Output for task 418: g('toy')}, time: 1787684019.8664236
Output for task 425: g('toy')}, time: 1787684019.866862
Output for task 437: &iv('wallet'), time: 1787684019.875788
Start executing task 437 for agent 9 on time 1787684019.876531 with plan &iv('wallet')
Finish executing task 437 for agent 9 on time 1787684019.8777034 with plan &iv('wallet')
Added task 437, time: 1787684019.8835945
Added task 426, time: 1787684019.9055893
Output for task 426: g('toy')}, time: 1787684019.9461226
Output for task 437: ->{l('Yes');, time: 1787684019.9551399
Start executing task 437 for agent 9 on time 1787684019.9558346 with plan ->{l('Yes');
Finish executing task 437 for agent 9 on time 1787684019.9569883 with plan ->{l('Yes');
Added task 437, time: 1787684019.9627178
Added task 430, time: 1787684019.9847214
Output for task 430: g('toy')}, time: 1787684020.0241632
Output for task 437: ->True}l('No');, time: 1787684020.0482967
Start executing task 437 for agent 9 on time 1787684020.0489042 with plan ->True}l('No');
Finish executing task 437 for agent 9 on time 1787684020.0500686 with plan ->True}l('No');
Added task 437, time: 1787684020.0548592
Finish executing task 431 for agent 34 on time 1787684020.0610878 with plan tc(45);
Start executing task 431 for agent 34 on time 1787684020.0612009 with plan 
Finish executing task 431 for agent 34 on time 1787684020.0612767 with plan 
Added task 433, time: 1787684020.0724845
Output for task 437: ->False, time: 1787684020.1001725
Start executing task 437 for agent 9 on time 1787684020.1007524 with plan ->False
Finish executing task 437 for agent 9 on time 1787684020.1008701 with plan ->False
Added task 441, time: 1787684020.113644
Added task 434, time: 1787684020.130274
Added task 416, time: 1787684020.1508112
Finish executing task 415 for agent 5 on time 1787684020.1678376 with plan tc(30);
Start executing task 415 for agent 5 on time 1787684020.1680005 with plan 
Finish executing task 415 for agent 5 on time 1787684020.1680932 with plan 
Added task 423, time: 1787684020.1710424
Finish executing task 414 for agent 10 on time 1787684020.1748424 with plan md(40);
Start executing task 414 for agent 10 on time 1787684020.17494 with plan ?iv('toy')==True{
Finish executing task 414 for agent 10 on time 1787684020.1760933 with plan ?iv('toy')==True{
Start executing task 414 for agent 10 on time 1787684020.1761463 with plan g('toy')}
Added task 435, time: 1787684020.1908476
Added task 436, time: 1787684020.2104125
Added task 442, time: 1787684020.2298114
Finish executing task 424 for agent 7 on time 1787684020.2458537 with plan tc(30);
Start executing task 424 for agent 7 on time 1787684020.2460306 with plan 
Finish executing task 424 for agent 7 on time 1787684020.2461221 with plan 
Added task 414, time: 1787684020.2503293
Added task 432, time: 1787684020.2649002
Output for task 416: };, time: 1787684020.2649865
Output for task 423: };, time: 1787684020.2650478
Added task 418, time: 1787684020.2877584
Finish executing task 432 for agent 22 on time 1787684020.306859 with plan ?s('scissors')==True{
Start executing task 432 for agent 22 on time 1787684020.3070354 with plan g('scissors')
Added task 425, time: 1787684020.3075974
Added task 426, time: 1787684020.320281
Added task 430, time: 1787684020.3339791
Output for task 433: ?iv('toy')==True{, time: 1787684020.3340645
Output for task 441: g('cat'), time: 1787684020.33451
Output for task 414: ->False, time: 1787684020.3348997
Output for task 432: }->False, time: 1787684020.3349605
Added task 433, time: 1787684020.3567078
Added task 441, time: 1787684020.3749251
Output for task 418: ->False, time: 1787684020.4310966
Output for task 425: ->False, time: 1787684020.4311993
Output for task 426: ->False, time: 1787684020.4312518
Output for task 430: ->False, time: 1787684020.4312987
Output for task 434: ?iv('toy')==True{, time: 1787684020.4745831
Output for task 435: ?iv('book')==True{, time: 1787684020.4750745
Output for task 436: ?iv('toy')==True{, time: 1787684020.4754345
Output for task 442: ?iv('toy')==True{, time: 1787684020.475763
Output for task 441: };, time: 1787684020.4760919
Added task 434, time: 1787684020.487008
Added task 435, time: 1787684020.504799
Added task 436, time: 1787684020.5221577
Added task 442, time: 1787684020.5388784
Finish executing task 418 for agent 18 on time 1787684020.5462437 with plan md(40);
Start executing task 418 for agent 18 on time 1787684020.5463452 with plan ?iv('toy')==True{
Finish executing task 418 for agent 18 on time 1787684020.5475056 with plan ?iv('toy')==True{
Start executing task 418 for agent 18 on time 1787684020.5475626 with plan g('toy')}
Output for task 433: g('toy')}, time: 1787684020.5653076
Output for task 435: tp()}, time: 1787684020.5657423
Added task 435, time: 1787684020.576743
Added task 433, time: 1787684020.5935197
Output for task 434: g('toy')}, time: 1787684020.6206236
Output for task 436: g('toy')}, time: 1787684020.6210723
Output for task 442: g('toy')}, time: 1787684020.6214101
Added task 434, time: 1787684020.6329536
Output for task 435: ->False, time: 1787684020.6330314
Output for task 433: ->False, time: 1787684020.633095
Finish executing task 421 for agent 40 on time 1787684020.6458428 with plan ?iv('boy')==True{
Start executing task 421 for agent 40 on time 1787684020.6459868 with plan tc(45)}
Added task 436, time: 1787684020.6512976
Added task 442, time: 1787684020.6685085
Output for task 434: ->False, time: 1787684020.703927
Output for task 436: ->False, time: 1787684020.7040298
Output for task 442: ->False, time: 1787684020.704084
Finish executing task 422 for agent 3 on time 1787684020.711842 with plan ?iv('boy')==True{
Start executing task 422 for agent 3 on time 1787684020.7119906 with plan tc(45)}
Finish executing task 425 for agent 11 on time 1787684020.78784 with plan md(40);
Start executing task 425 for agent 11 on time 1787684020.7880013 with plan ?iv('toy')==True{
Finish executing task 425 for agent 11 on time 1787684020.7891824 with plan ?iv('toy')==True{
Start executing task 425 for agent 11 on time 1787684020.7892504 with plan g('toy')}
Finish executing task 426 for agent 20 on time 1787684020.9028466 with plan md(40);
Start executing task 426 for agent 20 on time 1787684020.9030395 with plan ?iv('toy')==True{
Finish executing task 426 for agent 20 on time 1787684020.9042237 with plan ?iv('toy')==True{
Start executing task 426 for agent 20 on time 1787684020.9042919 with plan g('toy')}
Finish executing task 430 for agent 35 on time 1787684021.1908543 with plan md(40);
Start executing task 430 for agent 35 on time 1787684021.1910172 with plan ?iv('toy')==True{
Finish executing task 430 for agent 35 on time 1787684021.1921918 with plan ?iv('toy')==True{
Start executing task 430 for agent 35 on time 1787684021.1922562 with plan g('toy')}
Finish executing task 433 for agent 2 on time 1787684021.3649268 with plan md(40);
Start executing task 433 for agent 2 on time 1787684021.3650978 with plan ?iv('toy')==True{
Finish executing task 433 for agent 2 on time 1787684021.3662775 with plan ?iv('toy')==True{
Start executing task 433 for agent 2 on time 1787684021.3663476 with plan g('toy')}
Finish executing task 423 for agent 25 on time 1787684021.7765718 with plan ?s('cat')==True{
Start executing task 423 for agent 25 on time 1787684021.7769125 with plan g('cat')
Finish executing task 416 for agent 0 on time 1787684021.7771962 with plan ?s('cat')==True{
Start executing task 416 for agent 0 on time 1787684021.777548 with plan g('cat')
Finish executing task 439 for agent 38 on time 1787684021.9117272 with plan tc(30);
Start executing task 439 for agent 38 on time 1787684021.911884 with plan 
Finish executing task 439 for agent 38 on time 1787684021.9119432 with plan 
Finish executing task 434 for agent 39 on time 1787684022.1499143 with plan md(40);
Start executing task 434 for agent 39 on time 1787684022.1502073 with plan ?iv('toy')==True{
Finish executing task 434 for agent 39 on time 1787684022.1515198 with plan ?iv('toy')==True{
Start executing task 434 for agent 39 on time 1787684022.1516798 with plan g('toy')}
Finish executing task 435 for agent 17 on time 1787684022.266057 with plan mu(40);
Start executing task 435 for agent 17 on time 1787684022.2664416 with plan ?iv('book')==True{
Finish executing task 435 for agent 17 on time 1787684022.2677803 with plan ?iv('book')==True{
Start executing task 435 for agent 17 on time 1787684022.2679834 with plan tp()}
Finish executing task 435 for agent 17 on time 1787684022.2692323 with plan tp()}
Start executing task 435 for agent 17 on time 1787684022.2693799 with plan ->False
Finish executing task 435 for agent 17 on time 1787684022.2695434 with plan ->False
Finish executing task 438 for agent 15 on time 1787684022.3584726 with plan ?iv('boy')==True{
Start executing task 438 for agent 15 on time 1787684022.3587818 with plan tc(45)}
Finish executing task 436 for agent 30 on time 1787684022.3614693 with plan md(40);
Start executing task 436 for agent 30 on time 1787684022.3616078 with plan ?iv('toy')==True{
Finish executing task 442 for agent 37 on time 1787684022.361796 with plan md(40);
Start executing task 442 for agent 37 on time 1787684022.3620353 with plan ?iv('toy')==True{
Finish executing task 436 for agent 30 on time 1787684022.3627434 with plan ?iv('toy')==True{
Start executing task 436 for agent 30 on time 1787684022.362824 with plan g('toy')}
Finish executing task 442 for agent 37 on time 1787684022.3633401 with plan ?iv('toy')==True{
Start executing task 442 for agent 37 on time 1787684022.3635154 with plan g('toy')}
Finish executing task 440 for agent 33 on time 1787684022.4798992 with plan ?iv('boy')==True{
Start executing task 440 for agent 33 on time 1787684022.480148 with plan tc(45)}
Finish executing task 421 for agent 40 on time 1787684022.6258008 with plan tc(45)}
Start executing task 421 for agent 40 on time 1787684022.626074 with plan ->False;
Finish executing task 421 for agent 40 on time 1787684022.62627 with plan ->False;
Finish executing task 422 for agent 3 on time 1787684022.6918085 with plan tc(45)}
Start executing task 422 for agent 3 on time 1787684022.692058 with plan ->False;
Finish executing task 422 for agent 3 on time 1787684022.6922596 with plan ->False;
Finish executing task 432 for agent 22 on time 1787684022.7709453 with plan g('scissors')
Start executing task 432 for agent 22 on time 1787684022.7711208 with plan }->False
Finish executing task 432 for agent 22 on time 1787684022.7712367 with plan }->False
Finish executing task 414 for agent 10 on time 1787684022.8855562 with plan g('toy')}
Start executing task 414 for agent 10 on time 1787684022.8857648 with plan ->False
Finish executing task 414 for agent 10 on time 1787684022.8861716 with plan ->False
Finish executing task 418 for agent 18 on time 1787684023.255716 with plan g('toy')}
Start executing task 418 for agent 18 on time 1787684023.256023 with plan ->False
Finish executing task 418 for agent 18 on time 1787684023.256229 with plan ->False
Finish executing task 425 for agent 11 on time 1787684023.4986598 with plan g('toy')}
Start executing task 425 for agent 11 on time 1787684023.4988012 with plan ->False
Finish executing task 425 for agent 11 on time 1787684023.4988973 with plan ->False
Finish executing task 441 for agent 41 on time 1787684023.565062 with plan ?s('cat')==True{
Start executing task 441 for agent 41 on time 1787684023.5654023 with plan g('cat')
Finish executing task 426 for agent 20 on time 1787684023.6112113 with plan g('toy')}
Start executing task 426 for agent 20 on time 1787684023.6114194 with plan ->False
Finish executing task 426 for agent 20 on time 1787684023.61155 with plan ->False
Finish executing task 430 for agent 35 on time 1787684023.9012039 with plan g('toy')}
Start executing task 430 for agent 35 on time 1787684023.9013624 with plan ->False
Finish executing task 430 for agent 35 on time 1787684023.9014597 with plan ->False
Finish executing task 433 for agent 2 on time 1787684024.0748684 with plan g('toy')}
Start executing task 433 for agent 2 on time 1787684024.075023 with plan ->False
Finish executing task 433 for agent 2 on time 1787684024.075101 with plan ->False
Finish executing task 423 for agent 25 on time 1787684024.2409325 with plan g('cat')
Start executing task 423 for agent 25 on time 1787684024.2410598 with plan };
Finish executing task 423 for agent 25 on time 1787684024.241148 with plan };
Finish executing task 416 for agent 0 on time 1787684024.2415354 with plan g('cat')
Start executing task 416 for agent 0 on time 1787684024.2416816 with plan };
Finish executing task 416 for agent 0 on time 1787684024.2417755 with plan };
Finish executing task 438 for agent 15 on time 1787684024.3380303 with plan tc(45)}
Start executing task 438 for agent 15 on time 1787684024.338174 with plan ->False;
Finish executing task 438 for agent 15 on time 1787684024.3382692 with plan ->False;
Finish executing task 440 for agent 33 on time 1787684024.4598494 with plan tc(45)}
Start executing task 440 for agent 33 on time 1787684024.460007 with plan ->False;
Finish executing task 440 for agent 33 on time 1787684024.4601052 with plan ->False;
Finish executing task 434 for agent 39 on time 1787684024.860837 with plan g('toy')}
Start executing task 434 for agent 39 on time 1787684024.8609605 with plan ->False
Finish executing task 434 for agent 39 on time 1787684024.8610508 with plan ->False
Finish executing task 436 for agent 30 on time 1787684025.071841 with plan g('toy')}
Start executing task 436 for agent 30 on time 1787684025.0720127 with plan ->False
Finish executing task 436 for agent 30 on time 1787684025.0721176 with plan ->False
Finish executing task 442 for agent 37 on time 1787684025.0728412 with plan g('toy')}
Start executing task 442 for agent 37 on time 1787684025.0729666 with plan ->False
Finish executing task 442 for agent 37 on time 1787684025.0730593 with plan ->False
Generating request from task 443, time: 1787684025.215445
Added task 443, time: 1787684025.2228038
Output for task 443: ?iv('boy')==True{, time: 1787684025.2889445
Start executing task 443 for agent 28 on time 1787684025.2897427 with plan ?iv('boy')==True{
Added task 443, time: 1787684025.2907023
Output for task 443: tc(45)}, time: 1787684025.3307648
Added task 443, time: 1787684025.332285
Output for task 443: ->False;, time: 1787684025.3726876
Finish executing task 441 for agent 41 on time 1787684026.0288432 with plan g('cat')
Start executing task 441 for agent 41 on time 1787684026.0290716 with plan };
Finish executing task 441 for agent 41 on time 1787684026.0291853 with plan };
Finish executing task 443 for agent 28 on time 1787684028.2928572 with plan ?iv('boy')==True{
Start executing task 443 for agent 28 on time 1787684028.2933042 with plan tc(45)}
Finish executing task 443 for agent 28 on time 1787684030.2728486 with plan tc(45)}
Start executing task 443 for agent 28 on time 1787684030.273088 with plan ->False;
Finish executing task 443 for agent 28 on time 1787684030.2732053 with plan ->False;
Generating request from task 444, time: 1787684031.5772521
Generating request from task 445, time: 1787684031.5799599
Generating request from task 446, time: 1787684031.580174
Generating request from task 447, time: 1787684031.5803926
Generating request from task 448, time: 1787684031.5806334
Generating request from task 449, time: 1787684031.580798
Generating request from task 450, time: 1787684031.581558
Added task 444, time: 1787684031.5893354
Added task 445, time: 1787684031.6148057
Output for task 444: tc(30);, time: 1787684031.655845
Start executing task 444 for agent 21 on time 1787684031.6567278 with plan tc(30);
Added task 446, time: 1787684031.6732202
Added task 448, time: 1787684031.6973054
Output for task 445: ?iv('boy')==True{, time: 1787684031.7318761
Start executing task 445 for agent 16 on time 1787684031.7328064 with plan ?iv('boy')==True{
Added task 447, time: 1787684031.7501633
Output for task 448: tc(45);, time: 1787684031.750252
Start executing task 448 for agent 32 on time 1787684031.7510834 with plan tc(45);
Added task 445, time: 1787684031.7697546
Added task 444, time: 1787684031.7882066
Output for task 444: , time: 1787684031.8044233
Output for task 446: ?iv('boy')==True{, time: 1787684031.831975
Output for task 445: tc(45)}, time: 1787684031.8325849
Start executing task 446 for agent 24 on time 1787684031.8329191 with plan ?iv('boy')==True{
Added task 446, time: 1787684031.8441408
Output for task 447: ?iv('boy')==True{, time: 1787684031.8770885
Start executing task 447 for agent 6 on time 1787684031.877953 with plan ?iv('boy')==True{
Added task 447, time: 1787684031.8892198
Output for task 446: tc(45)}, time: 1787684031.8892975
Added task 449, time: 1787684031.9146156
Generating request from task 451, time: 1787684031.9205763
Generating request from task 452, time: 1787684031.9212463
Output for task 447: tc(45)}, time: 1787684031.9562533
Output for task 449: md(40);, time: 1787684031.956803
Start executing task 449 for agent 8 on time 1787684031.9575496 with plan md(40);
Added task 452, time: 1787684031.9674087
Added task 450, time: 1787684031.993516
Generating request from task 453, time: 1787684032.0186446
Generating request from task 454, time: 1787684032.0195885
Generating request from task 455, time: 1787684032.020579
Generating request from task 456, time: 1787684032.0215783
Output for task 452: tc(45);, time: 1787684032.0348966
Start executing task 452 for agent 13 on time 1787684032.0358057 with plan tc(45);
Added task 453, time: 1787684032.0550082
Added task 454, time: 1787684032.0827007
Output for task 450: ?s('scissors')==True{, time: 1787684032.1171217
Start executing task 450 for agent 23 on time 1787684032.1180336 with plan ?s('scissors')==True{
Output for task 453: tc(45);, time: 1787684032.1268938
Output for task 454: tc(45);, time: 1787684032.1274652
Start executing task 453 for agent 1 on time 1787684032.1278358 with plan tc(45);
Start executing task 454 for agent 14 on time 1787684032.1281435 with plan tc(45);
Added task 455, time: 1787684032.13958
Added task 448, time: 1787684032.1610086
Output for task 448: , time: 1787684032.177198
Output for task 455: tc(30);, time: 1787684032.202113
Start executing task 455 for agent 31 on time 1787684032.203013 with plan tc(30);
Added task 445, time: 1787684032.208181
Added task 446, time: 1787684032.2290535
Added task 455, time: 1787684032.2494466
Added task 447, time: 1787684032.269511
Output for task 455: , time: 1787684032.2695885
Added task 452, time: 1787684032.2890024
Added task 451, time: 1787684032.3148015
Output for task 452: , time: 1787684032.3148923
Added task 453, time: 1787684032.333591
Added task 454, time: 1787684032.3520577
Output for task 453: , time: 1787684032.352135
Added task 456, time: 1787684032.3763926
Output for task 454: , time: 1787684032.3765116
Output for task 445: ->False;, time: 1787684032.420846
Output for task 446: ->False;, time: 1787684032.4209223
Output for task 447: ->False;, time: 1787684032.4209578
Output for task 451: mu(40);, time: 1787684032.4209862
Start executing task 451 for agent 27 on time 1787684032.422338 with plan mu(40);
Added task 450, time: 1787684032.4308774
Added task 449, time: 1787684032.4436812
Added task 451, time: 1787684032.4560735
Generating request from task 457, time: 1787684032.4658785
Generating request from task 458, time: 1787684032.466403
Generating request from task 459, time: 1787684032.4673953
Generating request from task 460, time: 1787684032.468415
Generating request from task 461, time: 1787684032.469418
Generating request from task 462, time: 1787684032.4703915
Generating request from task 463, time: 1787684032.4713862
Generating request from task 464, time: 1787684032.4723868
Added task 460, time: 1787684032.4729657
Generating request from task 465, time: 1787684032.4733899
Generating request from task 466, time: 1787684032.4743857
Generating request from task 467, time: 1787684032.475384
Generating request from task 468, time: 1787684032.4763865
Generating request from task 469, time: 1787684032.4773853
Added task 461, time: 1787684032.490628
Output for task 456: ?s('scissors')==True{, time: 1787684032.520686
Start executing task 456 for agent 4 on time 1787684032.5212834 with plan ?s('scissors')==True{
Output for task 460: tc(30);, time: 1787684032.5302677
Start executing task 460 for agent 12 on time 1787684032.5308993 with plan tc(30);
Added task 466, time: 1787684032.5461318
Output for task 450: g('scissors'), time: 1787684032.5461924
Added task 460, time: 1787684032.5611305
Added task 457, time: 1787684032.5791621
Output for task 460: , time: 1787684032.5792227
Output for task 449: ?iv('toy')==True{, time: 1787684032.6094
Output for task 451: ?iv('book')==True{, time: 1787684032.6097424
Output for task 461: ?iv('boy')==True{, time: 1787684032.6100023
Start executing task 461 for agent 36 on time 1787684032.6106632 with plan ?iv('boy')==True{
Output for task 466: tc(30);, time: 1787684032.6184912
Start executing task 466 for agent 7 on time 1787684032.619293 with plan tc(30);
Added task 461, time: 1787684032.630768
Output for task 457: ?iv('keys'), time: 1787684032.6308308
Start executing task 457 for agent 19 on time 1787684032.6313324 with plan ?iv('keys')
Finish executing task 457 for agent 19 on time 1787684032.6325638 with plan ?iv('keys')
Added task 457, time: 1787684032.6464994
Output for task 461: tc(45)}, time: 1787684032.6820064
Output for task 457: &iv('wallet'), time: 1787684032.6905437
Start executing task 457 for agent 19 on time 1787684032.691079 with plan &iv('wallet')
Finish executing task 457 for agent 19 on time 1787684032.692194 with plan &iv('wallet')
Added task 457, time: 1787684032.6980467
Added task 466, time: 1787684032.7172165
Output for task 466: , time: 1787684032.7289279
Output for task 457: ->{l('Yes');, time: 1787684032.7604403
Start executing task 457 for agent 19 on time 1787684032.7610192 with plan ->{l('Yes');
Finish executing task 457 for agent 19 on time 1787684032.762179 with plan ->{l('Yes');
Added task 457, time: 1787684032.7682898
Added task 458, time: 1787684032.7901878
Output for task 457: ->True}l('No');, time: 1787684032.8497756
Output for task 458: ?s('scissors')==True{, time: 1787684032.8502839
Start executing task 457 for agent 19 on time 1787684032.8503149 with plan ->True}l('No');
Start executing task 458 for agent 29 on time 1787684032.851112 with plan ?s('scissors')==True{
Finish executing task 457 for agent 19 on time 1787684032.85158 with plan ->True}l('No');
Added task 457, time: 1787684032.858353
Added task 459, time: 1787684032.8807125
Output for task 457: ->False, time: 1787684032.908209
Start executing task 457 for agent 19 on time 1787684032.9087837 with plan ->False
Finish executing task 457 for agent 19 on time 1787684032.9088862 with plan ->False
Added task 462, time: 1787684032.9264882
Added task 463, time: 1787684032.948057
Added task 464, time: 1787684032.969294
Added task 465, time: 1787684032.99029
Added task 467, time: 1787684033.010944
Added task 468, time: 1787684033.0314052
Added task 469, time: 1787684033.0520124
Added task 461, time: 1787684033.0682197
Added task 456, time: 1787684033.081837
Output for task 459: ?s('cat')==True{, time: 1787684033.09146
Start executing task 459 for agent 26 on time 1787684033.0922778 with plan ?s('cat')==True{
Output for task 464: md(40);, time: 1787684033.1136339
Output for task 465: md(40);, time: 1787684033.1141176
Start executing task 464 for agent 22 on time 1787684033.114254 with plan md(40);
Output for task 467: mu(40);, time: 1787684033.1145213
Start executing task 465 for agent 5 on time 1787684033.1147947 with plan md(40);
Output for task 469: mu(40);, time: 1787684033.114918
Start executing task 469 for agent 34 on time 1787684033.115591 with plan mu(40);
Start executing task 467 for agent 40 on time 1787684033.1160238 with plan mu(40);
Added task 458, time: 1787684033.1333988
Output for task 462: ?s('cat')==True{, time: 1787684033.163938
Output for task 463: ?s('cat')==True{, time: 1787684033.1644757
Output for task 468: ?s('cat')==True{, time: 1787684033.1649108
Start executing task 462 for agent 9 on time 1787684033.1647851 with plan ?s('cat')==True{
Start executing task 463 for agent 17 on time 1787684033.1652372 with plan ?s('cat')==True{
Output for task 461: ->False;, time: 1787684033.1653512
Start executing task 468 for agent 3 on time 1787684033.1661618 with plan ?s('cat')==True{
Added task 449, time: 1787684033.181602
Added task 459, time: 1787684033.2004838
Added task 462, time: 1787684033.2186894
Added task 463, time: 1787684033.2361238
Added task 468, time: 1787684033.2529504
Added task 451, time: 1787684033.2691886
Added task 464, time: 1787684033.2854216
Added task 465, time: 1787684033.2988558
Output for task 456: g('scissors'), time: 1787684033.2989132
Output for task 458: g('scissors'), time: 1787684033.2993643
Output for task 451: tp()}, time: 1787684033.299735
Added task 451, time: 1787684033.3163786
Added task 469, time: 1787684033.3320844
Added task 467, time: 1787684033.3472555
Added task 450, time: 1787684033.3597069
Added task 456, time: 1787684033.3726807
Output for task 449: g('toy')}, time: 1787684033.3727386
Output for task 459: g('cat'), time: 1787684033.3731935
Output for task 462: g('cat'), time: 1787684033.3735628
Output for task 463: g('cat'), time: 1787684033.3739371
Output for task 468: g('cat'), time: 1787684033.3742883
Output for task 451: ->False, time: 1787684033.3746314
Added task 458, time: 1787684033.390902
Added task 449, time: 1787684033.4065368
Added task 459, time: 1787684033.4216065
Added task 462, time: 1787684033.4360194
Added task 463, time: 1787684033.449735
Added task 468, time: 1787684033.4626594
Output for task 450: }->False, time: 1787684033.4830694
Output for task 456: }->False, time: 1787684033.4831378
Output for task 458: }->False, time: 1787684033.4831717
Output for task 449: ->False, time: 1787684033.4831998
Output for task 459: };, time: 1787684033.5407736
Output for task 462: };, time: 1787684033.5408523
Output for task 463: };, time: 1787684033.5408869
Output for task 468: };, time: 1787684033.5409157
Output for task 464: ?iv('toy')==True{, time: 1787684033.5505137
Output for task 465: ?iv('toy')==True{, time: 1787684033.5509806
Added task 464, time: 1787684033.561653
Added task 465, time: 1787684033.5747461
Output for task 469: ?iv('book')==True{, time: 1787684033.5961835
Output for task 467: ?iv('book')==True{, time: 1787684033.5966327
Added task 469, time: 1787684033.6072295
Added task 467, time: 1787684033.6206603
Output for task 464: g('toy')}, time: 1787684033.6421058
Output for task 465: g('toy')}, time: 1787684033.6425595
Output for task 469: tp()}, time: 1787684033.6429625
Output for task 467: tp()}, time: 1787684033.643321
Added task 467, time: 1787684033.6469166
Added task 469, time: 1787684033.6614141
Added task 464, time: 1787684033.6751199
Finish executing task 450 for agent 23 on time 1787684033.676166 with plan ?s('scissors')==True{
Start executing task 450 for agent 23 on time 1787684033.6766367 with plan g('scissors')
Added task 465, time: 1787684033.68802
Output for task 467: ->False, time: 1787684033.7179275
Output for task 469: ->False, time: 1787684033.7180014
Output for task 464: ->False, time: 1787684033.7180402
Output for task 465: ->False, time: 1787684033.718071
Finish executing task 448 for agent 32 on time 1787684033.862043 with plan tc(45);
Start executing task 448 for agent 32 on time 1787684033.8621542 with plan 
Finish executing task 448 for agent 32 on time 1787684033.8622072 with plan 
Finish executing task 456 for agent 4 on time 1787684034.0793242 with plan ?s('scissors')==True{
Start executing task 456 for agent 4 on time 1787684034.079582 with plan g('scissors')
Finish executing task 452 for agent 13 on time 1787684034.1468024 with plan tc(45);
Start executing task 452 for agent 13 on time 1787684034.1471758 with plan 
Finish executing task 452 for agent 13 on time 1787684034.1473744 with plan 
Finish executing task 453 for agent 1 on time 1787684034.2382045 with plan tc(45);
Start executing task 453 for agent 1 on time 1787684034.2382944 with plan 
Finish executing task 453 for agent 1 on time 1787684034.2383664 with plan 
Finish executing task 454 for agent 14 on time 1787684034.2388337 with plan tc(45);
Start executing task 454 for agent 14 on time 1787684034.238893 with plan 
Finish executing task 454 for agent 14 on time 1787684034.2389562 with plan 
Finish executing task 444 for agent 21 on time 1787684034.2458396 with plan tc(30);
Start executing task 444 for agent 21 on time 1787684034.2459776 with plan 
Finish executing task 444 for agent 21 on time 1787684034.2460628 with plan 
Finish executing task 458 for agent 29 on time 1787684034.4092228 with plan ?s('scissors')==True{
Start executing task 458 for agent 29 on time 1787684034.40939 with plan g('scissors')
Finish executing task 449 for agent 8 on time 1787684034.553835 with plan md(40);
Start executing task 449 for agent 8 on time 1787684034.5539403 with plan ?iv('toy')==True{
Finish executing task 449 for agent 8 on time 1787684034.5551019 with plan ?iv('toy')==True{
Start executing task 449 for agent 8 on time 1787684034.5551608 with plan g('toy')}
Finish executing task 445 for agent 16 on time 1787684034.7358444 with plan ?iv('boy')==True{
Start executing task 445 for agent 16 on time 1787684034.7359936 with plan tc(45)}
Finish executing task 455 for agent 31 on time 1787684034.7918448 with plan tc(30);
Start executing task 455 for agent 31 on time 1787684034.7920115 with plan 
Finish executing task 455 for agent 31 on time 1787684034.7920995 with plan 
Finish executing task 446 for agent 24 on time 1787684034.8361664 with plan ?iv('boy')==True{
Start executing task 446 for agent 24 on time 1787684034.8362796 with plan tc(45)}
Finish executing task 447 for agent 6 on time 1787684034.881187 with plan ?iv('boy')==True{
Start executing task 447 for agent 6 on time 1787684034.881275 with plan tc(45)}
Finish executing task 451 for agent 27 on time 1787684034.9238455 with plan mu(40);
Start executing task 451 for agent 27 on time 1787684034.9240053 with plan ?iv('book')==True{
Finish executing task 451 for agent 27 on time 1787684034.9256706 with plan ?iv('book')==True{
Start executing task 451 for agent 27 on time 1787684034.9258099 with plan tp()}
Finish executing task 451 for agent 27 on time 1787684034.9270017 with plan tp()}
Start executing task 451 for agent 27 on time 1787684034.9270647 with plan ->False
Finish executing task 451 for agent 27 on time 1787684034.927141 with plan ->False
Finish executing task 460 for agent 12 on time 1787684035.1198385 with plan tc(30);
Start executing task 460 for agent 12 on time 1787684035.119964 with plan 
Finish executing task 460 for agent 12 on time 1787684035.1200385 with plan 
Finish executing task 466 for agent 7 on time 1787684035.2078383 with plan tc(30);
Start executing task 466 for agent 7 on time 1787684035.207971 with plan 
Finish executing task 466 for agent 7 on time 1787684035.2080493 with plan 
Finish executing task 461 for agent 36 on time 1787684035.6138396 with plan ?iv('boy')==True{
Start executing task 461 for agent 36 on time 1787684035.6139374 with plan tc(45)}
Finish executing task 469 for agent 34 on time 1787684035.6159358 with plan mu(40);
Start executing task 469 for agent 34 on time 1787684035.6161003 with plan ?iv('book')==True{
Finish executing task 469 for agent 34 on time 1787684035.6172748 with plan ?iv('book')==True{
Start executing task 469 for agent 34 on time 1787684035.617336 with plan tp()}
Finish executing task 469 for agent 34 on time 1787684035.618471 with plan tp()}
Finish executing task 467 for agent 40 on time 1787684035.6185253 with plan mu(40);
Start executing task 469 for agent 34 on time 1787684035.618621 with plan ->False
Start executing task 467 for agent 40 on time 1787684035.6187308 with plan ?iv('book')==True{
Finish executing task 469 for agent 34 on time 1787684035.618857 with plan ->False
Finish executing task 467 for agent 40 on time 1787684035.6200478 with plan ?iv('book')==True{
Start executing task 467 for agent 40 on time 1787684035.6201303 with plan tp()}
Finish executing task 467 for agent 40 on time 1787684035.621264 with plan tp()}
Start executing task 467 for agent 40 on time 1787684035.6213179 with plan ->False
Finish executing task 467 for agent 40 on time 1787684035.6213903 with plan ->False
Finish executing task 464 for agent 22 on time 1787684035.7113543 with plan md(40);
Start executing task 464 for agent 22 on time 1787684035.7114923 with plan ?iv('toy')==True{
Finish executing task 465 for agent 5 on time 1787684035.7118466 with plan md(40);
Start executing task 465 for agent 5 on time 1787684035.7119977 with plan ?iv('toy')==True{
Finish executing task 464 for agent 22 on time 1787684035.7126617 with plan ?iv('toy')==True{
Start executing task 464 for agent 22 on time 1787684035.7127416 with plan g('toy')}
Finish executing task 465 for agent 5 on time 1787684035.7131639 with plan ?iv('toy')==True{
Start executing task 465 for agent 5 on time 1787684035.7132413 with plan g('toy')}
Finish executing task 450 for agent 23 on time 1787684036.14085 with plan g('scissors')
Start executing task 450 for agent 23 on time 1787684036.1410735 with plan }->False
Finish executing task 450 for agent 23 on time 1787684036.1411953 with plan }->False
Generating request from task 470, time: 1787684036.2812703
Generating request from task 471, time: 1787684036.2815404
Generating request from task 472, time: 1787684036.2816992
Generating request from task 473, time: 1787684036.2818468
Generating request from task 474, time: 1787684036.2821784
Generating request from task 475, time: 1787684036.283173
Generating request from task 476, time: 1787684036.2841692
Generating request from task 477, time: 1787684036.2851684
Generating request from task 478, time: 1787684036.2861676
Generating request from task 479, time: 1787684036.2871706
Added task 470, time: 1787684036.2884748
Added task 471, time: 1787684036.3148708
Added task 473, time: 1787684036.3391817
Output for task 471: tc(45);, time: 1787684036.3817205
Start executing task 471 for agent 18 on time 1787684036.3826783 with plan tc(45);
Output for task 470: ?s('cat')==True{, time: 1787684036.3995736
Start executing task 470 for agent 10 on time 1787684036.4005296 with plan ?s('cat')==True{
Added task 476, time: 1787684036.418256
Output for task 473: ?iv('boy')==True{, time: 1787684036.4183412
Start executing task 473 for agent 20 on time 1787684036.420145 with plan ?iv('boy')==True{
Added task 475, time: 1787684036.4442804
Added task 473, time: 1787684036.463957
Added task 471, time: 1787684036.4830043
Output for task 471: , time: 1787684036.4999475
Output for task 476: tc(30);, time: 1787684036.5275397
Output for task 475: tc(45);, time: 1787684036.5281346
Output for task 473: tc(45)}, time: 1787684036.5285163
Start executing task 476 for agent 38 on time 1787684036.5284793 with plan tc(30);
Start executing task 475 for agent 2 on time 1787684036.5288186 with plan tc(45);
Added task 476, time: 1787684036.5326774
Finish executing task 456 for agent 4 on time 1787684036.542836 with plan g('scissors')
Start executing task 456 for agent 4 on time 1787684036.542936 with plan }->False
Finish executing task 456 for agent 4 on time 1787684036.5430202 with plan }->False
Added task 472, time: 1787684036.5586228
Output for task 476: , time: 1787684036.5587068
Added task 474, time: 1787684036.5839226
Added task 477, time: 1787684036.6085079
Added task 478, time: 1787684036.6334274
Added task 479, time: 1787684036.6576915
Added task 475, time: 1787684036.675985
Added task 473, time: 1787684036.6938055
Output for task 475: , time: 1787684036.6938918
Finish executing task 445 for agent 16 on time 1787684036.7157977 with plan tc(45)}
Start executing task 445 for agent 16 on time 1787684036.7160132 with plan ->False;
Finish executing task 445 for agent 16 on time 1787684036.7161288 with plan ->False;
Output for task 472: mu(40);, time: 1787684036.7412908
Output for task 477: mu(40);, time: 1787684036.741824
Start executing task 472 for agent 11 on time 1787684036.7421112 with plan mu(40);
Output for task 478: md(40);, time: 1787684036.7421887
Output for task 473: ->False;, time: 1787684036.7425463
Start executing task 478 for agent 33 on time 1787684036.7436507 with plan md(40);
Start executing task 477 for agent 15 on time 1787684036.7451103 with plan mu(40);
Added task 470, time: 1787684036.7542093
Output for task 474: ?iv('keys'), time: 1787684036.7543163
Start executing task 474 for agent 35 on time 1787684036.7549844 with plan ?iv('keys')
Finish executing task 474 for agent 35 on time 1787684036.7562428 with plan ?iv('keys')
Added task 474, time: 1787684036.773446
Added task 477, time: 1787684036.791576
Finish executing task 459 for agent 26 on time 1787684036.8099945 with plan ?s('cat')==True{
Start executing task 459 for agent 26 on time 1787684036.8101501 with plan g('cat')
Finish executing task 446 for agent 24 on time 1787684036.8160667 with plan tc(45)}
Start executing task 446 for agent 24 on time 1787684036.8161495 with plan ->False;
Finish executing task 446 for agent 24 on time 1787684036.816239 with plan ->False;
Output for task 479: ?s('scissors')==True{, time: 1787684036.8260078
Start executing task 479 for agent 39 on time 1787684036.826837 with plan ?s('scissors')==True{
Output for task 470: g('cat'), time: 1787684036.8358922
Output for task 474: &iv('wallet'), time: 1787684036.8452604
Start executing task 474 for agent 35 on time 1787684036.846069 with plan &iv('wallet')
Finish executing task 474 for agent 35 on time 1787684036.847241 with plan &iv('wallet')
Added task 474, time: 1787684036.8573124
Finish executing task 447 for agent 6 on time 1787684036.8591266 with plan tc(45)}
Start executing task 447 for agent 6 on time 1787684036.859281 with plan ->False;
Finish executing task 447 for agent 6 on time 1787684036.8593843 with plan ->False;
Finish executing task 458 for agent 29 on time 1787684036.8731086 with plan g('scissors')
Start executing task 458 for agent 29 on time 1787684036.8732684 with plan }->False
Finish executing task 458 for agent 29 on time 1787684036.873379 with plan }->False
Added task 479, time: 1787684036.8760889
Finish executing task 462 for agent 9 on time 1787684036.8818407 with plan ?s('cat')==True{
Finish executing task 463 for agent 17 on time 1787684036.8819246 with plan ?s('cat')==True{
Start executing task 462 for agent 9 on time 1787684036.8820562 with plan g('cat')
Start executing task 463 for agent 17 on time 1787684036.8821986 with plan g('cat')
Finish executing task 468 for agent 3 on time 1787684036.8828416 with plan ?s('cat')==True{
Start executing task 468 for agent 3 on time 1787684036.8829818 with plan g('cat')
Output for task 477: ?iv('book')==True{, time: 1787684036.901222
Output for task 474: ->{l('Yes');, time: 1787684036.9278977
Output for task 479: g('scissors'), time: 1787684036.9284658
Start executing task 474 for agent 35 on time 1787684036.9286447 with plan ->{l('Yes');
Finish executing task 474 for agent 35 on time 1787684036.929806 with plan ->{l('Yes');
Added task 474, time: 1787684036.932466
Added task 472, time: 1787684036.9514933
Output for task 474: ->True}l('No');, time: 1787684037.0193636
Output for task 472: ?iv('book')==True{, time: 1787684037.0199118
Start executing task 474 for agent 35 on time 1787684037.0201123 with plan ->True}l('No');
Finish executing task 474 for agent 35 on time 1787684037.021275 with plan ->True}l('No');
Added task 474, time: 1787684037.023763
Added task 472, time: 1787684037.0431733
Output for task 472: tp()}, time: 1787684037.0679243
Output for task 474: ->False, time: 1787684037.077011
Start executing task 474 for agent 35 on time 1787684037.0774667 with plan ->False
Finish executing task 474 for agent 35 on time 1787684037.0775516 with plan ->False
Added task 478, time: 1787684037.0803506
Added task 477, time: 1787684037.098913
Added task 472, time: 1787684037.1170738
Added task 470, time: 1787684037.1347868
Added task 479, time: 1787684037.1519597
Output for task 477: tp()}, time: 1787684037.1791856
Output for task 470: };, time: 1787684037.179629
Added task 477, time: 1787684037.1904237
Output for task 472: ->False, time: 1787684037.190504
Output for task 479: }->False, time: 1787684037.1905627
Output for task 477: ->False, time: 1787684037.224033
Output for task 478: ?iv('toy')==True{, time: 1787684037.2415955
Added task 478, time: 1787684037.2432334
Finish executing task 449 for agent 8 on time 1787684037.263839 with plan g('toy')}
Start executing task 449 for agent 8 on time 1787684037.2639546 with plan ->False
Finish executing task 449 for agent 8 on time 1787684037.2640471 with plan ->False
Output for task 478: g('toy')}, time: 1787684037.2849922
Added task 478, time: 1787684037.2865326
Output for task 478: ->False, time: 1787684037.3196645
Finish executing task 461 for agent 36 on time 1787684037.5928338 with plan tc(45)}
Start executing task 461 for agent 36 on time 1787684037.5929267 with plan ->False;
Finish executing task 461 for agent 36 on time 1787684037.5930169 with plan ->False;
Finish executing task 479 for agent 39 on time 1787684038.3849006 with plan ?s('scissors')==True{
Start executing task 479 for agent 39 on time 1787684038.3851678 with plan g('scissors')
Finish executing task 464 for agent 22 on time 1787684038.421866 with plan g('toy')}
Start executing task 464 for agent 22 on time 1787684038.4222827 with plan ->False
Finish executing task 464 for agent 22 on time 1787684038.4225206 with plan ->False
Finish executing task 465 for agent 5 on time 1787684038.4226484 with plan g('toy')}
Start executing task 465 for agent 5 on time 1787684038.4228117 with plan ->False
Finish executing task 465 for agent 5 on time 1787684038.4229395 with plan ->False
Finish executing task 471 for agent 18 on time 1787684038.49378 with plan tc(45);
Start executing task 471 for agent 18 on time 1787684038.4942756 with plan 
Finish executing task 471 for agent 18 on time 1787684038.4944823 with plan 
Finish executing task 475 for agent 2 on time 1787684038.6398077 with plan tc(45);
Start executing task 475 for agent 2 on time 1787684038.6402152 with plan 
Finish executing task 475 for agent 2 on time 1787684038.640412 with plan 
Finish executing task 476 for agent 38 on time 1787684039.1179338 with plan tc(30);
Start executing task 476 for agent 38 on time 1787684039.1182973 with plan 
Finish executing task 476 for agent 38 on time 1787684039.1184957 with plan 
Finish executing task 472 for agent 11 on time 1787684039.244364 with plan mu(40);
Start executing task 472 for agent 11 on time 1787684039.2447107 with plan ?iv('book')==True{
Finish executing task 472 for agent 11 on time 1787684039.246069 with plan ?iv('book')==True{
Start executing task 472 for agent 11 on time 1787684039.246248 with plan tp()}
Finish executing task 477 for agent 15 on time 1787684039.2473774 with plan mu(40);
Finish executing task 472 for agent 11 on time 1787684039.2475748 with plan tp()}
Start executing task 477 for agent 15 on time 1787684039.2478383 with plan ?iv('book')==True{
Start executing task 472 for agent 11 on time 1787684039.2482765 with plan ->False
Finish executing task 472 for agent 11 on time 1787684039.2484636 with plan ->False
Finish executing task 477 for agent 15 on time 1787684039.2493215 with plan ?iv('book')==True{
Start executing task 477 for agent 15 on time 1787684039.2495148 with plan tp()}
Finish executing task 477 for agent 15 on time 1787684039.250766 with plan tp()}
Start executing task 477 for agent 15 on time 1787684039.2509308 with plan ->False
Finish executing task 477 for agent 15 on time 1787684039.2510998 with plan ->False
Finish executing task 459 for agent 26 on time 1787684039.2740448 with plan g('cat')
Start executing task 459 for agent 26 on time 1787684039.2742605 with plan };
Finish executing task 459 for agent 26 on time 1787684039.2744331 with plan };
Finish executing task 478 for agent 33 on time 1787684039.3409388 with plan md(40);
Start executing task 478 for agent 33 on time 1787684039.3412728 with plan ?iv('toy')==True{
Finish executing task 478 for agent 33 on time 1787684039.3425949 with plan ?iv('toy')==True{
Start executing task 478 for agent 33 on time 1787684039.342753 with plan g('toy')}
Finish executing task 462 for agent 9 on time 1787684039.3458474 with plan g('cat')
Start executing task 462 for agent 9 on time 1787684039.3462143 with plan };
Finish executing task 462 for agent 9 on time 1787684039.3464382 with plan };
Finish executing task 463 for agent 17 on time 1787684039.3465717 with plan g('cat')
Start executing task 463 for agent 17 on time 1787684039.3469522 with plan };
Finish executing task 468 for agent 3 on time 1787684039.3470528 with plan g('cat')
Finish executing task 463 for agent 17 on time 1787684039.3473418 with plan };
Start executing task 468 for agent 3 on time 1787684039.347628 with plan };
Finish executing task 468 for agent 3 on time 1787684039.347987 with plan };
Finish executing task 473 for agent 20 on time 1787684039.4234207 with plan ?iv('boy')==True{
Start executing task 473 for agent 20 on time 1787684039.4236784 with plan tc(45)}
Finish executing task 470 for agent 10 on time 1787684040.1168516 with plan ?s('cat')==True{
Start executing task 470 for agent 10 on time 1787684040.1171074 with plan g('cat')
Generating request from task 480, time: 1787684040.6385517
Generating request from task 481, time: 1787684040.6388628
Generating request from task 482, time: 1787684040.639044
Generating request from task 483, time: 1787684040.6391912
Added task 480, time: 1787684040.6454709
Added task 482, time: 1787684040.6691914
Added task 481, time: 1787684040.6912894
Output for task 480: mu(40);, time: 1787684040.7335744
Output for task 482: tc(45);, time: 1787684040.7341642
Output for task 481: md(40);, time: 1787684040.7345817
Start executing task 480 for agent 30 on time 1787684040.7346218 with plan mu(40);
Start executing task 481 for agent 37 on time 1787684040.7354918 with plan md(40);
Added task 482, time: 1787684040.7374897
Start executing task 482 for agent 0 on time 1787684040.7398338 with plan tc(45);
Added task 483, time: 1787684040.7606626
Output for task 482: , time: 1787684040.7607496
Added task 480, time: 1787684040.7776456
Added task 481, time: 1787684040.7937133
Output for task 483: md(40);, time: 1787684040.835979
Start executing task 483 for agent 25 on time 1787684040.8367364 with plan md(40);
Added task 483, time: 1787684040.8460772
Finish executing task 479 for agent 39 on time 1787684040.8488402 with plan g('scissors')
Start executing task 479 for agent 39 on time 1787684040.8490007 with plan }->False
Finish executing task 479 for agent 39 on time 1787684040.8490975 with plan }->False
Output for task 480: ?iv('book')==True{, time: 1787684040.8805737
Output for task 481: ?iv('toy')==True{, time: 1787684040.8810167
Added task 480, time: 1787684040.8914237
Added task 481, time: 1787684040.9077573
Output for task 480: tp()}, time: 1787684040.9324625
Added task 480, time: 1787684040.942576
Output for task 483: ?iv('toy')==True{, time: 1787684040.967982
Output for task 481: g('toy')}, time: 1787684040.9684484
Added task 483, time: 1787684040.9789584
Output for task 480: ->False, time: 1787684040.979031
Added task 481, time: 1787684040.9954605
Output for task 481: ->False, time: 1787684041.0284579
Output for task 483: g('toy')}, time: 1787684041.037282
Added task 483, time: 1787684041.0387838
Output for task 483: ->False, time: 1787684041.070941
Finish executing task 473 for agent 20 on time 1787684041.4028437 with plan tc(45)}
Start executing task 473 for agent 20 on time 1787684041.4030485 with plan ->False;
Finish executing task 473 for agent 20 on time 1787684041.4031508 with plan ->False;
Finish executing task 478 for agent 33 on time 1787684042.050719 with plan g('toy')}
Start executing task 478 for agent 33 on time 1787684042.0509758 with plan ->False
Finish executing task 478 for agent 33 on time 1787684042.051106 with plan ->False
Generating request from task 484, time: 1787684042.282213
Generating request from task 485, time: 1787684042.2825005
Generating request from task 486, time: 1787684042.2830787
Generating request from task 487, time: 1787684042.284072
Generating request from task 488, time: 1787684042.2850757
Generating request from task 489, time: 1787684042.2860682
Added task 484, time: 1787684042.2895303
Added task 487, time: 1787684042.3149476
Output for task 484: tc(45);, time: 1787684042.356984
Output for task 487: tc(30);, time: 1787684042.3575501
Start executing task 484 for agent 41 on time 1787684042.3579671 with plan tc(45);
Start executing task 487 for agent 27 on time 1787684042.358328 with plan tc(30);
Added task 487, time: 1787684042.36086
Added task 484, time: 1787684042.3792017
Output for task 487: , time: 1787684042.379312
Added task 485, time: 1787684042.403581
Output for task 484: , time: 1787684042.403699
Added task 486, time: 1787684042.4273918
Added task 488, time: 1787684042.4506423
Added task 489, time: 1787684042.474155
Output for task 485: md(40);, time: 1787684042.51898
Start executing task 485 for agent 28 on time 1787684042.5198984 with plan md(40);
Added task 485, time: 1787684042.5298429
Output for task 486: ?s('cat')==True{, time: 1787684042.5563076
Output for task 489: ?s('cat')==True{, time: 1787684042.5567493
Start executing task 486 for agent 19 on time 1787684042.557126 with plan ?s('cat')==True{
Start executing task 489 for agent 34 on time 1787684042.557499 with plan ?s('cat')==True{
Added task 486, time: 1787684042.5677056
Output for task 488: ?s('scissors')==True{, time: 1787684042.5677822
Start executing task 488 for agent 40 on time 1787684042.5685282 with plan ?s('scissors')==True{
Finish executing task 470 for agent 10 on time 1787684042.5810587 with plan g('cat')
Start executing task 470 for agent 10 on time 1787684042.581227 with plan };
Finish executing task 470 for agent 10 on time 1787684042.581336 with plan };
Added task 489, time: 1787684042.586059
Added task 488, time: 1787684042.6033254
Output for task 486: g('cat'), time: 1787684042.6482422
Output for task 489: g('cat'), time: 1787684042.6486764
Added task 486, time: 1787684042.6599574
Output for task 485: ?iv('toy')==True{, time: 1787684042.6600351
Output for task 488: g('scissors'), time: 1787684042.660418
Added task 485, time: 1787684042.6790948
Added task 489, time: 1787684042.6967745
Added task 488, time: 1787684042.7148829
Output for task 486: };, time: 1787684042.7409985
Output for task 489: };, time: 1787684042.7410986
Output for task 488: }->False, time: 1787684042.7501585
Output for task 485: g('toy')}, time: 1787684042.759154
Added task 485, time: 1787684042.7606936
Output for task 485: ->False, time: 1787684042.7942238
Finish executing task 482 for agent 0 on time 1787684042.8498387 with plan tc(45);
Start executing task 482 for agent 0 on time 1787684042.8499582 with plan 
Finish executing task 482 for agent 0 on time 1787684042.8500566 with plan 
Finish executing task 480 for agent 30 on time 1787684043.236924 with plan mu(40);
Start executing task 480 for agent 30 on time 1787684043.2372148 with plan ?iv('book')==True{
Finish executing task 480 for agent 30 on time 1787684043.2385328 with plan ?iv('book')==True{
Start executing task 480 for agent 30 on time 1787684043.2386847 with plan tp()}
Finish executing task 480 for agent 30 on time 1787684043.2399693 with plan tp()}
Start executing task 480 for agent 30 on time 1787684043.2401063 with plan ->False
Finish executing task 480 for agent 30 on time 1787684043.2402706 with plan ->False
Finish executing task 481 for agent 37 on time 1787684043.332756 with plan md(40);
Start executing task 481 for agent 37 on time 1787684043.332912 with plan ?iv('toy')==True{
Finish executing task 481 for agent 37 on time 1787684043.3340526 with plan ?iv('toy')==True{
Start executing task 481 for agent 37 on time 1787684043.334099 with plan g('toy')}
Finish executing task 483 for agent 25 on time 1787684043.4339857 with plan md(40);
Start executing task 483 for agent 25 on time 1787684043.434338 with plan ?iv('toy')==True{
Finish executing task 483 for agent 25 on time 1787684043.435662 with plan ?iv('toy')==True{
Start executing task 483 for agent 25 on time 1787684043.4358673 with plan g('toy')}
Generating request from task 490, time: 1787684043.6752274
Generating request from task 491, time: 1787684043.6754458
Generating request from task 492, time: 1787684043.6756046
Added task 490, time: 1787684043.67963
Added task 492, time: 1787684043.6962788
Added task 491, time: 1787684043.7122703
Output for task 490: md(40);, time: 1787684043.7492175
Output for task 492: tc(30);, time: 1787684043.7496498
Start executing task 490 for agent 23 on time 1787684043.7502263 with plan md(40);
Start executing task 492 for agent 4 on time 1787684043.750689 with plan tc(30);
Added task 492, time: 1787684043.7592523
Output for task 491: ?iv('keys'), time: 1787684043.759309
Start executing task 491 for agent 32 on time 1787684043.7600577 with plan ?iv('keys')
Finish executing task 491 for agent 32 on time 1787684043.7614617 with plan ?iv('keys')
Added task 491, time: 1787684043.7728353
Output for task 492: , time: 1787684043.7729118
Added task 490, time: 1787684043.7851937
Output for task 491: &iv('wallet'), time: 1787684043.8285975
Start executing task 491 for agent 32 on time 1787684043.82935 with plan &iv('wallet')
Finish executing task 491 for agent 32 on time 1787684043.830648 with plan &iv('wallet')
Added task 491, time: 1787684043.8375683
Output for task 490: ?iv('toy')==True{, time: 1787684043.8573475
Output for task 491: ->{l('Yes');, time: 1787684043.8813648
Start executing task 491 for agent 32 on time 1787684043.8820596 with plan ->{l('Yes');
Added task 491, time: 1787684043.882749
Finish executing task 491 for agent 32 on time 1787684043.8833368 with plan ->{l('Yes');
Added task 490, time: 1787684043.8951738
Output for task 490: g('toy')}, time: 1787684043.9311433
Output for task 491: ->True}l('No');, time: 1787684043.955132
Start executing task 491 for agent 32 on time 1787684043.95584 with plan ->True}l('No');
Added task 491, time: 1787684043.9565187
Finish executing task 491 for agent 32 on time 1787684043.9572058 with plan ->True}l('No');
Added task 490, time: 1787684043.9689949
Output for task 491: ->False, time: 1787684043.9965653
Output for task 490: ->False, time: 1787684043.996642
Start executing task 491 for agent 32 on time 1787684043.9975014 with plan ->False
Finish executing task 491 for agent 32 on time 1787684043.997742 with plan ->False
Finish executing task 488 for agent 40 on time 1787684044.1266031 with plan ?s('scissors')==True{
Start executing task 488 for agent 40 on time 1787684044.126866 with plan g('scissors')
Finish executing task 484 for agent 41 on time 1787684044.4688678 with plan tc(45);
Start executing task 484 for agent 41 on time 1787684044.469385 with plan 
Finish executing task 484 for agent 41 on time 1787684044.4696057 with plan 
Finish executing task 487 for agent 27 on time 1787684044.9482992 with plan tc(30);
Start executing task 487 for agent 27 on time 1787684044.9484816 with plan 
Finish executing task 487 for agent 27 on time 1787684044.9485703 with plan 
Finish executing task 485 for agent 28 on time 1787684045.1168506 with plan md(40);
Start executing task 485 for agent 28 on time 1787684045.1170173 with plan ?iv('toy')==True{
Finish executing task 485 for agent 28 on time 1787684045.1181967 with plan ?iv('toy')==True{
Start executing task 485 for agent 28 on time 1787684045.118263 with plan g('toy')}
Finish executing task 481 for agent 37 on time 1787684046.042848 with plan g('toy')}
Start executing task 481 for agent 37 on time 1787684046.0430183 with plan ->False
Finish executing task 481 for agent 37 on time 1787684046.0431185 with plan ->False
Finish executing task 483 for agent 25 on time 1787684046.1448438 with plan g('toy')}
Start executing task 483 for agent 25 on time 1787684046.1449976 with plan ->False
Finish executing task 483 for agent 25 on time 1787684046.1450942 with plan ->False
Finish executing task 489 for agent 34 on time 1787684046.2738361 with plan ?s('cat')==True{
Start executing task 489 for agent 34 on time 1787684046.2739425 with plan g('cat')
Finish executing task 486 for agent 19 on time 1787684046.2742877 with plan ?s('cat')==True{
Start executing task 486 for agent 19 on time 1787684046.2744303 with plan g('cat')
Finish executing task 492 for agent 4 on time 1787684046.3403637 with plan tc(30);
Start executing task 492 for agent 4 on time 1787684046.3404777 with plan 
Finish executing task 492 for agent 4 on time 1787684046.3405585 with plan 
Finish executing task 490 for agent 23 on time 1787684046.346855 with plan md(40);
Start executing task 490 for agent 23 on time 1787684046.347019 with plan ?iv('toy')==True{
Finish executing task 490 for agent 23 on time 1787684046.3481944 with plan ?iv('toy')==True{
Start executing task 490 for agent 23 on time 1787684046.3482776 with plan g('toy')}
Finish executing task 488 for agent 40 on time 1787684046.590838 with plan g('scissors')
Start executing task 488 for agent 40 on time 1787684046.5909436 with plan }->False
Finish executing task 488 for agent 40 on time 1787684046.591037 with plan }->False
Finish executing task 485 for agent 28 on time 1787684047.8268492 with plan g('toy')}
Start executing task 485 for agent 28 on time 1787684047.8270614 with plan ->False
Finish executing task 485 for agent 28 on time 1787684047.8271768 with plan ->False
Finish executing task 489 for agent 34 on time 1787684048.7378097 with plan g('cat')
Start executing task 489 for agent 34 on time 1787684048.7379518 with plan };
Finish executing task 489 for agent 34 on time 1787684048.7380176 with plan };
Finish executing task 486 for agent 19 on time 1787684048.7383277 with plan g('cat')
Start executing task 486 for agent 19 on time 1787684048.7385635 with plan };
Finish executing task 486 for agent 19 on time 1787684048.738695 with plan };
Finish executing task 490 for agent 23 on time 1787684049.0577002 with plan g('toy')}
Start executing task 490 for agent 23 on time 1787684049.0581272 with plan ->False
Finish executing task 490 for agent 23 on time 1787684049.0583556 with plan ->False
Generating request from task 493, time: 1787684058.358318
Generating request from task 494, time: 1787684058.358614
Generating request from task 495, time: 1787684058.3588006
Generating request from task 496, time: 1787684058.3589776
Generating request from task 497, time: 1787684058.3591287
Generating request from task 498, time: 1787684058.3592682
Generating request from task 499, time: 1787684058.3594198
Added task 493, time: 1787684058.3663177
Added task 494, time: 1787684058.3927763
Output for task 493: tc(45);, time: 1787684058.4354408
Output for task 494: tc(30);, time: 1787684058.4360938
Start executing task 493 for agent 21 on time 1787684058.4365418 with plan tc(45);
Start executing task 494 for agent 35 on time 1787684058.4368901 with plan tc(30);
Added task 499, time: 1787684058.4458075
Added task 494, time: 1787684058.4646904
Output for task 494: , time: 1787684058.480898
Output for task 499: tc(30);, time: 1787684058.5060225
Start executing task 499 for agent 1 on time 1787684058.507053 with plan tc(30);
Added task 499, time: 1787684058.5090826
Added task 493, time: 1787684058.5274212
Output for task 499: , time: 1787684058.5275288
Added task 495, time: 1787684058.552043
Output for task 493: , time: 1787684058.5521665
Added task 496, time: 1787684058.5753272
Added task 497, time: 1787684058.5981388
Added task 498, time: 1787684058.6205885
Output for task 495: md(40);, time: 1787684058.6659403
Output for task 496: mu(40);, time: 1787684058.6663988
Output for task 497: md(40);, time: 1787684058.666749
Start executing task 495 for agent 13 on time 1787684058.6668158 with plan md(40);
Output for task 498: mu(40);, time: 1787684058.6670935
Start executing task 496 for agent 16 on time 1787684058.6671767 with plan mu(40);
Start executing task 497 for agent 24 on time 1787684058.6676047 with plan md(40);
Start executing task 498 for agent 6 on time 1787684058.6678956 with plan mu(40);
Added task 496, time: 1787684058.669908
Added task 495, time: 1787684058.6877823
Added task 497, time: 1787684058.7049768
Added task 498, time: 1787684058.7216752
Output for task 496: ?iv('book')==True{, time: 1787684058.7953956
Output for task 495: ?iv('toy')==True{, time: 1787684058.7958708
Output for task 497: ?iv('toy')==True{, time: 1787684058.7962322
Output for task 498: ?iv('book')==True{, time: 1787684058.7965643
Added task 496, time: 1787684058.7993894
Added task 495, time: 1787684058.817501
Added task 498, time: 1787684058.8353987
Added task 497, time: 1787684058.8526337
Output for task 496: tp()}, time: 1787684058.8787818
Output for task 498: tp()}, time: 1787684058.8792346
Added task 496, time: 1787684058.8898923
Added task 498, time: 1787684058.9068923
Output for task 495: g('toy')}, time: 1787684058.9337182
Output for task 497: g('toy')}, time: 1787684058.934185
Added task 495, time: 1787684058.9453247
Output for task 496: ->False, time: 1787684058.9453995
Output for task 498: ->False, time: 1787684058.9454627
Added task 497, time: 1787684058.9627664
Output for task 495: ->False, time: 1787684058.996703
Output for task 497: ->False, time: 1787684058.996804
Generating request from task 500, time: 1787684060.3961508
Generating request from task 501, time: 1787684060.3963742
Added task 500, time: 1787684060.4022887
Added task 501, time: 1787684060.4199128
Output for task 500: tc(45);, time: 1787684060.455782
Output for task 501: mu(40);, time: 1787684060.456238
Start executing task 500 for agent 14 on time 1787684060.4567235 with plan tc(45);
Start executing task 501 for agent 29 on time 1787684060.45696 with plan mu(40);
Added task 500, time: 1787684060.4584825
Added task 501, time: 1787684060.471795
Output for task 500: , time: 1787684060.4718764
Output for task 501: ?iv('book')==True{, time: 1787684060.5320213
Added task 501, time: 1787684060.5338945
Finish executing task 493 for agent 21 on time 1787684060.547616 with plan tc(45);
Start executing task 493 for agent 21 on time 1787684060.5479543 with plan 
Finish executing task 493 for agent 21 on time 1787684060.5481465 with plan 
Output for task 501: tp()}, time: 1787684060.5540946
Added task 501, time: 1787684060.5558565
Output for task 501: ->False, time: 1787684060.5842836
Finish executing task 494 for agent 35 on time 1787684061.0262716 with plan tc(30);
Start executing task 494 for agent 35 on time 1787684061.0264215 with plan 
Finish executing task 494 for agent 35 on time 1787684061.0265057 with plan 
Finish executing task 499 for agent 1 on time 1787684061.0958576 with plan tc(30);
Start executing task 499 for agent 1 on time 1787684061.0961442 with plan 
Finish executing task 499 for agent 1 on time 1787684061.0962307 with plan 
Finish executing task 496 for agent 16 on time 1787684061.1688466 with plan mu(40);
Start executing task 496 for agent 16 on time 1787684061.1690218 with plan ?iv('book')==True{
Finish executing task 498 for agent 6 on time 1787684061.1698425 with plan mu(40);
Start executing task 498 for agent 6 on time 1787684061.1700275 with plan ?iv('book')==True{
Finish executing task 498 for agent 6 on time 1787684061.1712031 with plan ?iv('book')==True{
Start executing task 498 for agent 6 on time 1787684061.1712701 with plan tp()}
Finish executing task 496 for agent 16 on time 1787684061.1720707 with plan ?iv('book')==True{
Start executing task 496 for agent 16 on time 1787684061.1722176 with plan tp()}
Finish executing task 498 for agent 6 on time 1787684061.1729448 with plan tp()}
Start executing task 498 for agent 6 on time 1787684061.173083 with plan ->False
Finish executing task 498 for agent 6 on time 1787684061.1731713 with plan ->False
Finish executing task 496 for agent 16 on time 1787684061.1755571 with plan tp()}
Start executing task 496 for agent 16 on time 1787684061.1757114 with plan ->False
Finish executing task 496 for agent 16 on time 1787684061.1758044 with plan ->False
Finish executing task 495 for agent 13 on time 1787684061.2641425 with plan md(40);
Start executing task 495 for agent 13 on time 1787684061.2642915 with plan ?iv('toy')==True{
Finish executing task 497 for agent 24 on time 1787684061.2644362 with plan md(40);
Start executing task 497 for agent 24 on time 1787684061.2645097 with plan ?iv('toy')==True{
Finish executing task 495 for agent 13 on time 1787684061.2654822 with plan ?iv('toy')==True{
Start executing task 495 for agent 13 on time 1787684061.2655382 with plan g('toy')}
Finish executing task 497 for agent 24 on time 1787684061.2656593 with plan ?iv('toy')==True{
Start executing task 497 for agent 24 on time 1787684061.2657073 with plan g('toy')}
Finish executing task 500 for agent 14 on time 1787684062.5678408 with plan tc(45);
Start executing task 500 for agent 14 on time 1787684062.5680034 with plan 
Finish executing task 500 for agent 14 on time 1787684062.5680928 with plan 
Generating request from task 502, time: 1787684062.9342427
Generating request from task 503, time: 1787684062.9345288
Generating request from task 504, time: 1787684062.9347663
Generating request from task 505, time: 1787684062.935196
Generating request from task 506, time: 1787684062.9363577
Added task 502, time: 1787684062.942706
Finish executing task 501 for agent 29 on time 1787684062.958848 with plan mu(40);
Start executing task 501 for agent 29 on time 1787684062.9590445 with plan ?iv('book')==True{
Finish executing task 501 for agent 29 on time 1787684062.960236 with plan ?iv('book')==True{
Start executing task 501 for agent 29 on time 1787684062.9603162 with plan tp()}
Finish executing task 501 for agent 29 on time 1787684062.9614627 with plan tp()}
Start executing task 501 for agent 29 on time 1787684062.9615204 with plan ->False
Finish executing task 501 for agent 29 on time 1787684062.9616039 with plan ->False
Added task 503, time: 1787684062.9734857
Added task 504, time: 1787684063.002583
Added task 505, time: 1787684063.0305672
Added task 506, time: 1787684063.0569975
Output for task 504: mu(40);, time: 1787684063.1090007
Output for task 505: md(40);, time: 1787684063.1095555
Start executing task 504 for agent 12 on time 1787684063.1098332 with plan mu(40);
Output for task 506: mu(40);, time: 1787684063.110128
Start executing task 505 for agent 7 on time 1787684063.110692 with plan md(40);
Start executing task 506 for agent 36 on time 1787684063.1120968 with plan mu(40);
Added task 504, time: 1787684063.1220462
Added task 505, time: 1787684063.1426985
Added task 506, time: 1787684063.1632845
Output for task 503: ?s('cat')==True{, time: 1787684063.19362
Start executing task 503 for agent 31 on time 1787684063.1943064 with plan ?s('cat')==True{
Added task 503, time: 1787684063.204892
Output for task 502: ?s('scissors')==True{, time: 1787684063.2049763
Start executing task 502 for agent 8 on time 1787684063.2057853 with plan ?s('scissors')==True{
Added task 502, time: 1787684063.226746
Output for task 503: g('cat'), time: 1787684063.2775495
Added task 503, time: 1787684063.2898955
Output for task 504: ?iv('book')==True{, time: 1787684063.2899604
Output for task 505: ?iv('toy')==True{, time: 1787684063.2904072
Output for task 506: ?iv('book')==True{, time: 1787684063.290936
Output for task 502: g('scissors'), time: 1787684063.291428
Added task 504, time: 1787684063.3147833
Added task 505, time: 1787684063.3374207
Added task 506, time: 1787684063.359075
Added task 502, time: 1787684063.380188
Output for task 503: };, time: 1787684063.4121594
Output for task 504: tp()}, time: 1787684063.4122624
Output for task 506: tp()}, time: 1787684063.4127636
Added task 504, time: 1787684063.4240625
Output for task 502: }->False, time: 1787684063.424149
Added task 506, time: 1787684063.4454262
Output for task 505: g('toy')}, time: 1787684063.4752011
Added task 505, time: 1787684063.486197
Output for task 504: ->False, time: 1787684063.4862804
Output for task 506: ->False, time: 1787684063.486347
Output for task 505: ->False, time: 1787684063.5243282
Generating request from task 507, time: 1787684063.945197
Generating request from task 508, time: 1787684063.9459639
Generating request from task 509, time: 1787684063.9468925
Generating request from task 510, time: 1787684063.9479504
Generating request from task 511, time: 1787684063.9488873
Generating request from task 512, time: 1787684063.949885
Generating request from task 513, time: 1787684063.950895
Generating request from task 514, time: 1787684063.951923
Added task 507, time: 1787684063.9524927
Generating request from task 515, time: 1787684063.9529274
Generating request from task 516, time: 1787684063.9538767
Generating request from task 517, time: 1787684063.954858
Generating request from task 518, time: 1787684063.955963
Generating request from task 519, time: 1787684063.9569838
Generating request from task 520, time: 1787684063.9579668
Generating request from task 521, time: 1787684063.9589715
Finish executing task 495 for agent 13 on time 1787684063.9749453 with plan g('toy')}
Start executing task 495 for agent 13 on time 1787684063.975147 with plan ->False
Finish executing task 495 for agent 13 on time 1787684063.975259 with plan ->False
Finish executing task 497 for agent 24 on time 1787684063.9753144 with plan g('toy')}
Start executing task 497 for agent 24 on time 1787684063.9753804 with plan ->False
Finish executing task 497 for agent 24 on time 1787684063.9754593 with plan ->False
Added task 510, time: 1787684063.9786625
Output for task 507: tc(30);, time: 1787684064.0203512
Output for task 510: tc(30);, time: 1787684064.0208945
Start executing task 507 for agent 22 on time 1787684064.0212514 with plan tc(30);
Start executing task 510 for agent 15 on time 1787684064.0215967 with plan tc(30);
Added task 517, time: 1787684064.0316553
Added task 520, time: 1787684064.0574057
Output for task 517: tc(45);, time: 1787684064.098699
Start executing task 517 for agent 2 on time 1787684064.0995708 with plan tc(45);
Output for task 520: ?iv('boy')==True{, time: 1787684064.1240737
Start executing task 520 for agent 33 on time 1787684064.1248913 with plan ?iv('boy')==True{
Added task 521, time: 1787684064.1352174
Added task 520, time: 1787684064.1559622
Added task 507, time: 1787684064.17589
Output for task 507: , time: 1787684064.1915433
Output for task 520: tc(45)}, time: 1787684064.217002
Output for task 521: ?iv('boy')==True{, time: 1787684064.2422094
Start executing task 521 for agent 30 on time 1787684064.2430723 with plan ?iv('boy')==True{
Added task 521, time: 1787684064.247894
Added task 510, time: 1787684064.2681398
Output for task 510: , time: 1787684064.2838664
Output for task 521: tc(45)}, time: 1787684064.3086166
Added task 517, time: 1787684064.3134148
Added task 508, time: 1787684064.3388839
Output for task 517: , time: 1787684064.3389654
Added task 509, time: 1787684064.363922
Added task 511, time: 1787684064.3818028
Added task 512, time: 1787684064.3993163
Added task 513, time: 1787684064.4166336
Added task 514, time: 1787684064.433782
Added task 515, time: 1787684064.4522042
Added task 516, time: 1787684064.4695938
Added task 518, time: 1787684064.4872172
Added task 519, time: 1787684064.5022397
Added task 520, time: 1787684064.5133066
Output for task 508: mu(40);, time: 1787684064.5235317
Output for task 515: md(40);, time: 1787684064.5239859
Start executing task 508 for agent 5 on time 1787684064.5243342 with plan mu(40);
Start executing task 515 for agent 39 on time 1787684064.5246882 with plan md(40);
Added task 521, time: 1787684064.537795
Added task 508, time: 1787684064.550768
Output for task 513: ?iv('keys'), time: 1787684064.5607803
Output for task 516: ?iv('keys'), time: 1787684064.5611901
Start executing task 513 for agent 17 on time 1787684064.561533 with plan ?iv('keys')
Start executing task 516 for agent 18 on time 1787684064.5618463 with plan ?iv('keys')
Finish executing task 513 for agent 17 on time 1787684064.562835 with plan ?iv('keys')
Finish executing task 516 for agent 18 on time 1787684064.5632396 with plan ?iv('keys')
Added task 516, time: 1787684064.5750482
Added task 513, time: 1787684064.5881212
Added task 515, time: 1787684064.5992231
Output for task 509: ?s('cat')==True{, time: 1787684064.5992787
Output for task 511: ?s('cat')==True{, time: 1787684064.5996196
Start executing task 509 for agent 11 on time 1787684064.599835 with plan ?s('cat')==True{
Start executing task 511 for agent 26 on time 1787684064.6004512 with plan ?s('cat')==True{
Added task 509, time: 1787684064.612885
Added task 511, time: 1787684064.6253715
Output for task 512: ?s('scissors')==True{, time: 1787684064.6359978
Output for task 514: ?s('scissors')==True{, time: 1787684064.636513
Start executing task 512 for agent 9 on time 1787684064.636657 with plan ?s('scissors')==True{
Start executing task 514 for agent 3 on time 1787684064.6376789 with plan ?s('scissors')==True{
Added task 512, time: 1787684064.6505375
Output for task 520: ->False;, time: 1787684064.6721091
Output for task 521: ->False;, time: 1787684064.6721802
Output for task 518: ?s('cat')==True{, time: 1787684064.7052248
Start executing task 518 for agent 38 on time 1787684064.7059336 with plan ?s('cat')==True{
Output for task 519: ?s('scissors')==True{, time: 1787684064.7274191
Output for task 516: &iv('wallet'), time: 1787684064.7279344
Start executing task 519 for agent 20 on time 1787684064.728215 with plan ?s('scissors')==True{
Start executing task 516 for agent 18 on time 1787684064.7294798 with plan &iv('wallet')
Finish executing task 516 for agent 18 on time 1787684064.7308412 with plan &iv('wallet')
Output for task 513: &iv('wallet'), time: 1787684064.7381945
Output for task 509: g('cat'), time: 1787684064.7387593
Start executing task 513 for agent 17 on time 1787684064.738944 with plan &iv('wallet')
Output for task 511: g('cat'), time: 1787684064.7391849
Finish executing task 513 for agent 17 on time 1787684064.7402954 with plan &iv('wallet')
Added task 513, time: 1787684064.753778
Output for task 508: ?iv('book')==True{, time: 1787684064.7538407
Finish executing task 502 for agent 8 on time 1787684064.763923 with plan ?s('scissors')==True{
Start executing task 502 for agent 8 on time 1787684064.7641292 with plan g('scissors')
Added task 516, time: 1787684064.771215
Added task 514, time: 1787684064.7875264
Output for task 515: ?iv('toy')==True{, time: 1787684064.808702
Output for task 512: g('scissors'), time: 1787684064.8092403
Output for task 513: ->{l('Yes');, time: 1787684064.8354752
Output for task 516: ->{l('Yes');, time: 1787684064.8359706
Start executing task 513 for agent 17 on time 1787684064.8361323 with plan ->{l('Yes');
Output for task 514: g('scissors'), time: 1787684064.8364022
Start executing task 516 for agent 18 on time 1787684064.8372593 with plan ->{l('Yes');
Finish executing task 513 for agent 17 on time 1787684064.8375235 with plan ->{l('Yes');
Finish executing task 516 for agent 18 on time 1787684064.8385804 with plan ->{l('Yes');
Added task 516, time: 1787684064.8440962
Added task 513, time: 1787684064.8623767
Added task 518, time: 1787684064.8798075
Output for task 518: g('cat'), time: 1787684064.9173772
Output for task 516: ->True}l('No');, time: 1787684064.9423504
Output for task 513: ->True}l('No');, time: 1787684064.9428227
Start executing task 516 for agent 18 on time 1787684064.943014 with plan ->True}l('No');
Start executing task 513 for agent 17 on time 1787684064.943754 with plan ->True}l('No');
Finish executing task 516 for agent 18 on time 1787684064.9442818 with plan ->True}l('No');
Finish executing task 513 for agent 17 on time 1787684064.9450817 with plan ->True}l('No');
Added task 513, time: 1787684064.9504976
Added task 516, time: 1787684064.9687304
Added task 519, time: 1787684064.9863746
Output for task 513: ->False, time: 1787684065.0153182
Output for task 516: ->False, time: 1787684065.0153904
Start executing task 516 for agent 18 on time 1787684065.0160124 with plan ->False
Finish executing task 516 for agent 18 on time 1787684065.0162098 with plan ->False
Start executing task 513 for agent 17 on time 1787684065.016338 with plan ->False
Finish executing task 513 for agent 17 on time 1787684065.0165474 with plan ->False
Added task 515, time: 1787684065.0292535
Added task 508, time: 1787684065.0456164
Added task 511, time: 1787684065.061193
Added task 509, time: 1787684065.0761628
Added task 512, time: 1787684065.090458
Added task 514, time: 1787684065.1041622
Added task 518, time: 1787684065.117185
Output for task 519: g('scissors'), time: 1787684065.1397994
Output for task 508: tp()}, time: 1787684065.1402757
Output for task 511: };, time: 1787684065.1406598
Output for task 509: };, time: 1787684065.140699
Output for task 518: };, time: 1787684065.1407301
Added task 508, time: 1787684065.1517055
Output for task 512: }->False, time: 1787684065.1517816
Output for task 514: }->False, time: 1787684065.1518195
Added task 519, time: 1787684065.165145
Output for task 515: g('toy')}, time: 1787684065.185916
Added task 515, time: 1787684065.1960433
Output for task 508: ->False, time: 1787684065.1960993
Output for task 519: }->False, time: 1787684065.1961405
Output for task 515: ->False, time: 1787684065.2245455
Finish executing task 504 for agent 12 on time 1787684065.612088 with plan mu(40);
Start executing task 504 for agent 12 on time 1787684065.6122663 with plan ?iv('book')==True{
Finish executing task 506 for agent 36 on time 1787684065.6125305 with plan mu(40);
Start executing task 506 for agent 36 on time 1787684065.612902 with plan ?iv('book')==True{
Finish executing task 504 for agent 12 on time 1787684065.6134713 with plan ?iv('book')==True{
Start executing task 504 for agent 12 on time 1787684065.613583 with plan tp()}
Finish executing task 506 for agent 36 on time 1787684065.6142247 with plan ?iv('book')==True{
Start executing task 506 for agent 36 on time 1787684065.6144156 with plan tp()}
Finish executing task 504 for agent 12 on time 1787684065.6147466 with plan tp()}
Start executing task 504 for agent 12 on time 1787684065.6148524 with plan ->False
Finish executing task 504 for agent 12 on time 1787684065.614947 with plan ->False
Finish executing task 506 for agent 36 on time 1787684065.6156585 with plan tp()}
Start executing task 506 for agent 36 on time 1787684065.6158218 with plan ->False
Finish executing task 506 for agent 36 on time 1787684065.6159966 with plan ->False
Finish executing task 505 for agent 7 on time 1787684065.7079754 with plan md(40);
Start executing task 505 for agent 7 on time 1787684065.708268 with plan ?iv('toy')==True{
Finish executing task 505 for agent 7 on time 1787684065.709574 with plan ?iv('toy')==True{
Start executing task 505 for agent 7 on time 1787684065.7097244 with plan g('toy')}
Finish executing task 512 for agent 9 on time 1787684066.1948392 with plan ?s('scissors')==True{
Start executing task 512 for agent 9 on time 1787684066.1949372 with plan g('scissors')
Finish executing task 514 for agent 3 on time 1787684066.1958406 with plan ?s('scissors')==True{
Start executing task 514 for agent 3 on time 1787684066.1958983 with plan g('scissors')
Finish executing task 517 for agent 2 on time 1787684066.2098823 with plan tc(45);
Start executing task 517 for agent 2 on time 1787684066.2100136 with plan 
Finish executing task 517 for agent 2 on time 1787684066.2101038 with plan 
Finish executing task 519 for agent 20 on time 1787684066.285867 with plan ?s('scissors')==True{
Start executing task 519 for agent 20 on time 1787684066.2862408 with plan g('scissors')
Finish executing task 507 for agent 22 on time 1787684066.6106868 with plan tc(30);
Start executing task 507 for agent 22 on time 1787684066.6108723 with plan 
Finish executing task 507 for agent 22 on time 1787684066.610968 with plan 
Finish executing task 510 for agent 15 on time 1787684066.611456 with plan tc(30);
Start executing task 510 for agent 15 on time 1787684066.611612 with plan 
Finish executing task 510 for agent 15 on time 1787684066.6116958 with plan 
Finish executing task 503 for agent 31 on time 1787684066.9115229 with plan ?s('cat')==True{
Start executing task 503 for agent 31 on time 1787684066.9117148 with plan g('cat')
Finish executing task 508 for agent 5 on time 1787684067.0266097 with plan mu(40);
Start executing task 508 for agent 5 on time 1787684067.0267658 with plan ?iv('book')==True{
Finish executing task 508 for agent 5 on time 1787684067.0279799 with plan ?iv('book')==True{
Start executing task 508 for agent 5 on time 1787684067.0280538 with plan tp()}
Finish executing task 508 for agent 5 on time 1787684067.0292 with plan tp()}
Start executing task 508 for agent 5 on time 1787684067.0292556 with plan ->False
Finish executing task 508 for agent 5 on time 1787684067.0293334 with plan ->False
Finish executing task 515 for agent 39 on time 1787684067.1218426 with plan md(40);
Start executing task 515 for agent 39 on time 1787684067.1220105 with plan ?iv('toy')==True{
Finish executing task 515 for agent 39 on time 1787684067.123182 with plan ?iv('toy')==True{
Start executing task 515 for agent 39 on time 1787684067.1232436 with plan g('toy')}
Finish executing task 520 for agent 33 on time 1787684067.1280873 with plan ?iv('boy')==True{
Start executing task 520 for agent 33 on time 1787684067.1281881 with plan tc(45)}
Finish executing task 502 for agent 8 on time 1787684067.227842 with plan g('scissors')
Start executing task 502 for agent 8 on time 1787684067.2280047 with plan }->False
Finish executing task 502 for agent 8 on time 1787684067.2281017 with plan }->False
Finish executing task 521 for agent 30 on time 1787684067.2458463 with plan ?iv('boy')==True{
Start executing task 521 for agent 30 on time 1787684067.2460017 with plan tc(45)}
Finish executing task 509 for agent 11 on time 1787684068.3168445 with plan ?s('cat')==True{
Finish executing task 511 for agent 26 on time 1787684068.3169682 with plan ?s('cat')==True{
Start executing task 509 for agent 11 on time 1787684068.318927 with plan g('cat')
Start executing task 511 for agent 26 on time 1787684068.3190887 with plan g('cat')
Finish executing task 505 for agent 7 on time 1787684068.4188397 with plan g('toy')}
Start executing task 505 for agent 7 on time 1787684068.4190035 with plan ->False
Finish executing task 505 for agent 7 on time 1787684068.4191062 with plan ->False
Finish executing task 518 for agent 38 on time 1787684068.4228418 with plan ?s('cat')==True{
Start executing task 518 for agent 38 on time 1787684068.4229233 with plan g('cat')
Finish executing task 512 for agent 9 on time 1787684068.6588144 with plan g('scissors')
Start executing task 512 for agent 9 on time 1787684068.658989 with plan }->False
Finish executing task 512 for agent 9 on time 1787684068.659091 with plan }->False
Finish executing task 514 for agent 3 on time 1787684068.6591427 with plan g('scissors')
Start executing task 514 for agent 3 on time 1787684068.6592035 with plan }->False
Finish executing task 514 for agent 3 on time 1787684068.6592822 with plan }->False
Finish executing task 519 for agent 20 on time 1787684068.7498393 with plan g('scissors')
Start executing task 519 for agent 20 on time 1787684068.7499902 with plan }->False
Finish executing task 519 for agent 20 on time 1787684068.7500925 with plan }->False
Finish executing task 520 for agent 33 on time 1787684069.107975 with plan tc(45)}
Start executing task 520 for agent 33 on time 1787684069.1081207 with plan ->False;
Finish executing task 520 for agent 33 on time 1787684069.1082363 with plan ->False;
Finish executing task 521 for agent 30 on time 1787684069.2258065 with plan tc(45)}
Start executing task 521 for agent 30 on time 1787684069.2259955 with plan ->False;
Finish executing task 521 for agent 30 on time 1787684069.226099 with plan ->False;
Finish executing task 503 for agent 31 on time 1787684069.3748364 with plan g('cat')
Start executing task 503 for agent 31 on time 1787684069.3750064 with plan };
Finish executing task 503 for agent 31 on time 1787684069.3751132 with plan };
Finish executing task 515 for agent 39 on time 1787684069.8326411 with plan g('toy')}
Start executing task 515 for agent 39 on time 1787684069.8327541 with plan ->False
Finish executing task 515 for agent 39 on time 1787684069.832813 with plan ->False
Finish executing task 511 for agent 26 on time 1787684070.7828999 with plan g('cat')
Finish executing task 509 for agent 11 on time 1787684070.783094 with plan g('cat')
Start executing task 511 for agent 26 on time 1787684070.7834086 with plan };
Start executing task 509 for agent 11 on time 1787684070.7837217 with plan };
Finish executing task 511 for agent 26 on time 1787684070.7840192 with plan };
Finish executing task 509 for agent 11 on time 1787684070.7842543 with plan };
Finish executing task 518 for agent 38 on time 1787684070.886772 with plan g('cat')
Start executing task 518 for agent 38 on time 1787684070.8869913 with plan };
Finish executing task 518 for agent 38 on time 1787684070.887116 with plan };
Generating request from task 522, time: 1787684072.024278
Generating request from task 523, time: 1787684072.0245867
Generating request from task 524, time: 1787684072.0247824
Generating request from task 525, time: 1787684072.0249875
Generating request from task 526, time: 1787684072.0251641
Generating request from task 527, time: 1787684072.0253286
Generating request from task 528, time: 1787684072.025486
Generating request from task 529, time: 1787684072.025651
Generating request from task 530, time: 1787684072.0258105
Added task 522, time: 1787684072.0359344
Added task 523, time: 1787684072.0626702
Output for task 523: tc(30);, time: 1787684072.1032593
Start executing task 523 for agent 32 on time 1787684072.104296 with plan tc(30);
Output for task 522: ?iv('boy')==True{, time: 1787684072.1286862
Start executing task 522 for agent 10 on time 1787684072.12957 with plan ?iv('boy')==True{
Added task 529, time: 1787684072.1381478
Added task 528, time: 1787684072.1618526
Added task 526, time: 1787684072.185359
Added task 522, time: 1787684072.2028608
Added task 523, time: 1787684072.2199152
Output for task 523: , time: 1787684072.235147
Output for task 529: tc(45);, time: 1787684072.2638016
Output for task 528: tc(45);, time: 1787684072.264372
Output for task 522: tc(45)}, time: 1787684072.2647789
Start executing task 529 for agent 27 on time 1787684072.2647736 with plan tc(45);
Start executing task 528 for agent 41 on time 1787684072.2658348 with plan tc(45);
Output for task 526: ?iv('boy')==True{, time: 1787684072.2900183
Start executing task 526 for agent 25 on time 1787684072.2908874 with plan ?iv('boy')==True{
Added task 526, time: 1787684072.2940497
Added task 524, time: 1787684072.3179302
Output for task 526: tc(45)}, time: 1787684072.357902
Added task 525, time: 1787684072.3755853
Added task 527, time: 1787684072.399295
Added task 530, time: 1787684072.4228768
Added task 529, time: 1787684072.4406781
Added task 528, time: 1787684072.4587681
Output for task 529: , time: 1787684072.4588544
Output for task 528: , time: 1787684072.4738703
Output for task 524: ?s('scissors')==True{, time: 1787684072.4926796
Start executing task 524 for agent 0 on time 1787684072.5007098 with plan ?s('scissors')==True{
Added task 522, time: 1787684072.5050213
Output for task 525: mu(40);, time: 1787684072.5050972
Output for task 527: mu(40);, time: 1787684072.5055795
Start executing task 525 for agent 37 on time 1787684072.505831 with plan mu(40);
Start executing task 527 for agent 40 on time 1787684072.5066726 with plan mu(40);
Added task 526, time: 1787684072.5235238
Added task 524, time: 1787684072.5406623
Added task 525, time: 1787684072.5602531
Added task 527, time: 1787684072.573907
Output for task 530: ?iv('keys'), time: 1787684072.596181
Start executing task 530 for agent 28 on time 1787684072.5968575 with plan ?iv('keys')
Finish executing task 530 for agent 28 on time 1787684072.598145 with plan ?iv('keys')
Added task 530, time: 1787684072.6065538
Output for task 522: ->False;, time: 1787684072.6275997
Output for task 526: ->False;, time: 1787684072.6276798
Output for task 524: g('scissors'), time: 1787684072.6366236
Output for task 525: ?iv('book')==True{, time: 1787684072.6546495
Output for task 527: ?iv('book')==True{, time: 1787684072.6550744
Output for task 530: &iv('wallet'), time: 1787684072.6553922
Start executing task 530 for agent 28 on time 1787684072.6559086 with plan &iv('wallet')
Finish executing task 530 for agent 28 on time 1787684072.6571016 with plan &iv('wallet')
Added task 530, time: 1787684072.6577067
Added task 525, time: 1787684072.6711228
Output for task 525: tp()}, time: 1787684072.6911438
Output for task 530: ->{l('Yes');, time: 1787684072.715733
Start executing task 530 for agent 28 on time 1787684072.716394 with plan ->{l('Yes');
Finish executing task 530 for agent 28 on time 1787684072.7176054 with plan ->{l('Yes');
Added task 530, time: 1787684072.718181
Added task 527, time: 1787684072.7317786
Output for task 527: tp()}, time: 1787684072.7516885
Output for task 530: ->True}l('No');, time: 1787684072.791496
Added task 530, time: 1787684072.7939365
Start executing task 530 for agent 28 on time 1787684072.7966177 with plan ->True}l('No');
Finish executing task 530 for agent 28 on time 1787684072.7977762 with plan ->True}l('No');
Added task 525, time: 1787684072.8077853
Output for task 530: ->False, time: 1787684072.8358927
Output for task 525: ->False, time: 1787684072.8359747
Start executing task 530 for agent 28 on time 1787684072.83634 with plan ->False
Finish executing task 530 for agent 28 on time 1787684072.836421 with plan ->False
Added task 527, time: 1787684072.8374279
Added task 524, time: 1787684072.8502393
Output for task 527: ->False, time: 1787684072.8791928
Output for task 524: }->False, time: 1787684072.8792715
Generating request from task 531, time: 1787684072.9801574
Added task 531, time: 1787684072.9862046
Output for task 531: md(40);, time: 1787684073.0247526
Start executing task 531 for agent 4 on time 1787684073.025455 with plan md(40);
Added task 531, time: 1787684073.0258956
Output for task 531: ?iv('toy')==True{, time: 1787684073.086092
Added task 531, time: 1787684073.0874858
Output for task 531: g('toy')}, time: 1787684073.123707
Added task 531, time: 1787684073.1252356
Output for task 531: ->False, time: 1787684073.1532834
Finish executing task 524 for agent 0 on time 1787684074.0588489 with plan ?s('scissors')==True{
Start executing task 524 for agent 0 on time 1787684074.059124 with plan g('scissors')
Finish executing task 529 for agent 27 on time 1787684074.374852 with plan tc(45);
Start executing task 529 for agent 27 on time 1787684074.3750353 with plan 
Finish executing task 529 for agent 27 on time 1787684074.3751066 with plan 
Finish executing task 528 for agent 41 on time 1787684074.376846 with plan tc(45);
Start executing task 528 for agent 41 on time 1787684074.3770254 with plan 
Finish executing task 528 for agent 41 on time 1787684074.377099 with plan 
Finish executing task 523 for agent 32 on time 1787684074.6928377 with plan tc(30);
Start executing task 523 for agent 32 on time 1787684074.6930728 with plan 
Finish executing task 523 for agent 32 on time 1787684074.6931858 with plan 
Finish executing task 525 for agent 37 on time 1787684075.008092 with plan mu(40);
Start executing task 525 for agent 37 on time 1787684075.0082352 with plan ?iv('book')==True{
Finish executing task 527 for agent 40 on time 1787684075.0088375 with plan mu(40);
Start executing task 527 for agent 40 on time 1787684075.008887 with plan ?iv('book')==True{
Finish executing task 525 for agent 37 on time 1787684075.009384 with plan ?iv('book')==True{
Start executing task 525 for agent 37 on time 1787684075.0094216 with plan tp()}
Finish executing task 527 for agent 40 on time 1787684075.01001 with plan ?iv('book')==True{
Start executing task 527 for agent 40 on time 1787684075.0100446 with plan tp()}
Finish executing task 525 for agent 37 on time 1787684075.010525 with plan tp()}
Start executing task 525 for agent 37 on time 1787684075.010558 with plan ->False
Finish executing task 525 for agent 37 on time 1787684075.0105991 with plan ->False
Finish executing task 527 for agent 40 on time 1787684075.0111432 with plan tp()}
Start executing task 527 for agent 40 on time 1787684075.0111766 with plan ->False
Finish executing task 527 for agent 40 on time 1787684075.0112162 with plan ->False
Finish executing task 522 for agent 10 on time 1787684075.13282 with plan ?iv('boy')==True{
Start executing task 522 for agent 10 on time 1787684075.132996 with plan tc(45)}
Finish executing task 526 for agent 25 on time 1787684075.294158 with plan ?iv('boy')==True{
Start executing task 526 for agent 25 on time 1787684075.2942822 with plan tc(45)}
Finish executing task 531 for agent 4 on time 1787684075.622729 with plan md(40);
Start executing task 531 for agent 4 on time 1787684075.623101 with plan ?iv('toy')==True{
Finish executing task 531 for agent 4 on time 1787684075.62442 with plan ?iv('toy')==True{
Start executing task 531 for agent 4 on time 1787684075.6245887 with plan g('toy')}
Finish executing task 524 for agent 0 on time 1787684076.522229 with plan g('scissors')
Start executing task 524 for agent 0 on time 1787684076.5227067 with plan }->False
Finish executing task 524 for agent 0 on time 1787684076.522958 with plan }->False
Finish executing task 522 for agent 10 on time 1787684077.1118426 with plan tc(45)}
Start executing task 522 for agent 10 on time 1787684077.1120603 with plan ->False;
Finish executing task 522 for agent 10 on time 1787684077.1121726 with plan ->False;
Finish executing task 526 for agent 25 on time 1787684077.273834 with plan tc(45)}
Start executing task 526 for agent 25 on time 1787684077.273946 with plan ->False;
Finish executing task 526 for agent 25 on time 1787684077.274031 with plan ->False;
Finish executing task 531 for agent 4 on time 1787684078.3338473 with plan g('toy')}
Start executing task 531 for agent 4 on time 1787684078.3340318 with plan ->False
Finish executing task 531 for agent 4 on time 1787684078.3341115 with plan ->False
