Generating request from task 0, time: 1787684186.8874314
Generating request from task 1, time: 1787684186.8879337
Generating request from task 2, time: 1787684186.8881202
Generating request from task 3, time: 1787684186.8883574
Generating request from task 4, time: 1787684186.888499
Generating request from task 5, time: 1787684186.888614
Generating request from task 6, time: 1787684186.8887186
Generating request from task 7, time: 1787684186.8888204
Generating request from task 8, time: 1787684186.8889458
Generating request from task 9, time: 1787684186.8890579
Generating request from task 10, time: 1787684186.8891594
Generating request from task 11, time: 1787684186.8892603
Generating request from task 12, time: 1787684186.88936
Added task 0, time: 1787684186.9058702
Added task 1, time: 1787684186.9987724
Added task 2, time: 1787684187.025448
Added task 3, time: 1787684187.0481832
Added task 4, time: 1787684187.0711699
Added task 5, time: 1787684187.093804
Added task 6, time: 1787684187.115961
Added task 7, time: 1787684187.1527817
Added task 8, time: 1787684187.1747332
Added task 9, time: 1787684187.193262
Added task 10, time: 1787684187.2105691
Added task 11, time: 1787684187.2275343
Added task 12, time: 1787684187.245602
Output for task 3: tc(30);, time: 1787684187.2456837
Output for task 4: tc(45);, time: 1787684187.2461767
Output for task 5: tc(30);, time: 1787684187.2464898
Output for task 7: tc(30);, time: 1787684187.2467518
Start executing task 3 for agent 3 on time 1787684187.2470946 with plan tc(30);
Start executing task 5 for agent 5 on time 1787684187.2476978 with plan tc(30);
Start executing task 4 for agent 4 on time 1787684187.2477136 with plan tc(45);
Start executing task 7 for agent 7 on time 1787684187.2531934 with plan tc(30);
Output for task 2: ?s('cat')==True{g('cat')};, time: 1787684187.3837368
Output for task 6: ?s('cat')==True{g('cat')};, time: 1787684187.384082
Start executing task 2 for agent 2 on time 1787684187.3847017 with plan ?s('cat')==True{g('cat')};
Start executing task 6 for agent 6 on time 1787684187.389544 with plan ?s('cat')==True{g('cat')};
Output for task 0: ?s('scissors')==True{g('scissors')}->False, time: 1787684187.431802
Output for task 1: ?iv('boy')==True{tc(45)}->False;, time: 1787684187.4323123
Start executing task 0 for agent 0 on time 1787684187.4331446 with plan ?s('scissors')==True{g('scissors')}->False
Start executing task 1 for agent 1 on time 1787684187.4343998 with plan ?iv('boy')==True{tc(45)}->False;
Output for task 9: mu(40);?iv('book')==True{tp()}->False, time: 1787684187.482084
Start executing task 9 for agent 9 on time 1787684187.4838355 with plan mu(40);?iv('book')==True{tp()}->False
Output for task 8: md(40);?iv('toy')==True{g('toy')}->False, time: 1787684187.5023456
Output for task 11: md(40);?iv('toy')==True{g('toy')}->False, time: 1787684187.5026362
Start executing task 8 for agent 8 on time 1787684187.5034046 with plan md(40);?iv('toy')==True{g('toy')}->False
Start executing task 11 for agent 11 on time 1787684187.5040278 with plan md(40);?iv('toy')==True{g('toy')}->False
Output for task 10: ?iv('keys')&iv('wallet')->{l('Yes');->True}l('No');->False, time: 1787684187.564717
Output for task 12: md(40);?iv('toy')==True{g('toy')}->False, time: 1787684187.5650144
Start executing task 10 for agent 10 on time 1787684187.5656219 with plan ?iv('keys')&iv('wallet')->{l('Yes');->True}l('No');->False
Start executing task 12 for agent 12 on time 1787684187.5658662 with plan md(40);?iv('toy')==True{g('toy')}->False
Finish executing task 10 for agent 10 on time 1787684187.5699203 with plan ?iv('keys')&iv('wallet')->{l('Yes');->True}l('No');->False
Finish executing task 4 for agent 4 on time 1787684189.3609357 with plan tc(45);
Finish executing task 5 for agent 5 on time 1787684189.838854 with plan tc(30);
Finish executing task 3 for agent 3 on time 1787684189.8389955 with plan tc(30);
Finish executing task 7 for agent 7 on time 1787684189.8421917 with plan tc(30);
Generating request from task 13, time: 1787684189.9301689
Generating request from task 14, time: 1787684189.9304097
Generating request from task 15, time: 1787684189.930554
Generating request from task 16, time: 1787684189.9306722
Generating request from task 17, time: 1787684189.9326866
Generating request from task 18, time: 1787684189.932932
Generating request from task 19, time: 1787684189.9336567
Generating request from task 20, time: 1787684189.9346483
Generating request from task 21, time: 1787684189.9360015
Generating request from task 22, time: 1787684189.9366539
Added task 13, time: 1787684189.936924
Generating request from task 23, time: 1787684189.937651
Generating request from task 24, time: 1787684189.9391923
Generating request from task 25, time: 1787684189.9396722
Generating request from task 26, time: 1787684189.9406507
Added task 14, time: 1787684189.959538
Added task 15, time: 1787684189.9804804
Finish executing task 9 for agent 9 on time 1787684189.9879534 with plan mu(40);?iv('book')==True{tp()}->False
Added task 16, time: 1787684190.0011263
Added task 17, time: 1787684190.021562
Added task 18, time: 1787684190.042443
Added task 19, time: 1787684190.063222
Added task 20, time: 1787684190.0837262
Added task 21, time: 1787684190.1041248
Added task 22, time: 1787684190.1207328
Added task 23, time: 1787684190.1376224
Added task 24, time: 1787684190.1540275
Added task 25, time: 1787684190.1707554
Output for task 13: tc(30);, time: 1787684190.1708393
Start executing task 13 for agent 10 on time 1787684190.1757143 with plan tc(30);
Added task 26, time: 1787684190.1915083
Output for task 15: ?iv('boy')==True{tc(45)}->False;, time: 1787684190.294294
Output for task 16: ?iv('boy')==True{tc(45)}->False;, time: 1787684190.2946427
Output for task 19: ?s('scissors')==True{g('scissors')}->False, time: 1787684190.2949135
Start executing task 15 for agent 14 on time 1787684190.295486 with plan ?iv('boy')==True{tc(45)}->False;
Start executing task 16 for agent 15 on time 1787684190.2956853 with plan ?iv('boy')==True{tc(45)}->False;
Start executing task 19 for agent 18 on time 1787684190.300009 with plan ?s('scissors')==True{g('scissors')}->False
Output for task 14: mu(40);?iv('book')==True{tp()}->False, time: 1787684190.34964
Output for task 20: mu(40);?iv('book')==True{tp()}->False, time: 1787684190.3499377
Start executing task 14 for agent 13 on time 1787684190.3504806 with plan mu(40);?iv('book')==True{tp()}->False
Start executing task 20 for agent 19 on time 1787684190.3550506 with plan mu(40);?iv('book')==True{tp()}->False
Output for task 17: md(40);?iv('toy')==True{g('toy')}->False, time: 1787684190.4002914
Start executing task 17 for agent 16 on time 1787684190.4025311 with plan md(40);?iv('toy')==True{g('toy')}->False
Output for task 23: tc(30);, time: 1787684190.4110932
Start executing task 23 for agent 22 on time 1787684190.4131343 with plan tc(30);
Output for task 18: ?iv('keys')&iv('wallet')->{l('Yes');->True}l('No');->False, time: 1787684190.4709842
Start executing task 18 for agent 17 on time 1787684190.472838 with plan ?iv('keys')&iv('wallet')->{l('Yes');->True}l('No');->False
Finish executing task 18 for agent 17 on time 1787684190.4771018 with plan ?iv('keys')&iv('wallet')->{l('Yes');->True}l('No');->False
Output for task 25: ?s('cat')==True{g('cat')};, time: 1787684190.4908986
Start executing task 25 for agent 24 on time 1787684190.4925086 with plan ?s('cat')==True{g('cat')};
Output for task 21: ?iv('keys')&iv('wallet')->{l('Yes');->True}l('No');->False, time: 1787684190.5097747
Output for task 22: ?iv('boy')==True{tc(45)}->False;, time: 1787684190.5100648
Start executing task 21 for agent 20 on time 1787684190.510738 with plan ?iv('keys')&iv('wallet')->{l('Yes');->True}l('No');->False
Start executing task 22 for agent 21 on time 1787684190.511374 with plan ?iv('boy')==True{tc(45)}->False;
Finish executing task 21 for agent 20 on time 1787684190.5149872 with plan ?iv('keys')&iv('wallet')->{l('Yes');->True}l('No');->False
Output for task 26: md(40);?iv('toy')==True{g('toy')}->False, time: 1787684190.5443323
Start executing task 26 for agent 25 on time 1787684190.5456178 with plan md(40);?iv('toy')==True{g('toy')}->False
Output for task 24: ?iv('keys')&iv('wallet')->{l('Yes');->True}l('No');->False, time: 1787684190.5951707
Start executing task 24 for agent 23 on time 1787684190.595989 with plan ?iv('keys')&iv('wallet')->{l('Yes');->True}l('No');->False
Finish executing task 24 for agent 23 on time 1787684190.6002185 with plan ?iv('keys')&iv('wallet')->{l('Yes');->True}l('No');->False
Finish executing task 0 for agent 0 on time 1787684191.4548419 with plan ?s('scissors')==True{g('scissors')}->False
Finish executing task 1 for agent 1 on time 1787684192.4172664 with plan ?iv('boy')==True{tc(45)}->False;
Finish executing task 13 for agent 10 on time 1787684192.7648382 with plan tc(30);
Finish executing task 8 for agent 8 on time 1787684192.8109272 with plan md(40);?iv('toy')==True{g('toy')}->False
Finish executing task 11 for agent 11 on time 1787684192.8110993 with plan md(40);?iv('toy')==True{g('toy')}->False
Finish executing task 14 for agent 13 on time 1787684192.8538477 with plan mu(40);?iv('book')==True{tp()}->False
Finish executing task 20 for agent 19 on time 1787684192.8588657 with plan mu(40);?iv('book')==True{tp()}->False
Finish executing task 12 for agent 12 on time 1787684192.8733618 with plan md(40);?iv('toy')==True{g('toy')}->False
Finish executing task 23 for agent 22 on time 1787684193.0010788 with plan tc(30);
Finish executing task 2 for agent 2 on time 1787684193.565586 with plan ?s('cat')==True{g('cat')};
Finish executing task 6 for agent 6 on time 1787684193.5704446 with plan ?s('cat')==True{g('cat')};
Finish executing task 19 for agent 18 on time 1787684194.3194005 with plan ?s('scissors')==True{g('scissors')}->False
Finish executing task 16 for agent 15 on time 1787684195.2778556 with plan ?iv('boy')==True{tc(45)}->False;
Finish executing task 15 for agent 14 on time 1787684195.2783723 with plan ?iv('boy')==True{tc(45)}->False;
Finish executing task 22 for agent 21 on time 1787684195.4942644 with plan ?iv('boy')==True{tc(45)}->False;
Finish executing task 17 for agent 16 on time 1787684195.7098527 with plan md(40);?iv('toy')==True{g('toy')}->False
Finish executing task 26 for agent 25 on time 1787684195.854839 with plan md(40);?iv('toy')==True{g('toy')}->False
Finish executing task 25 for agent 24 on time 1787684196.6728382 with plan ?s('cat')==True{g('cat')};
Generating request from task 27, time: 1787684197.845158
Generating request from task 28, time: 1787684197.8454385
Generating request from task 29, time: 1787684197.845592
Generating request from task 30, time: 1787684197.8457172
Generating request from task 31, time: 1787684197.8458602
Generating request from task 32, time: 1787684197.8459778
Generating request from task 33, time: 1787684197.8461013
Generating request from task 34, time: 1787684197.846209
Generating request from task 35, time: 1787684197.846316
Generating request from task 36, time: 1787684197.8468537
Generating request from task 37, time: 1787684197.8478444
Added task 27, time: 1787684197.856734
Added task 28, time: 1787684197.8933973
Added task 29, time: 1787684197.926404
Added task 30, time: 1787684197.958989
Added task 31, time: 1787684197.9912455
Added task 32, time: 1787684198.024069
Added task 33, time: 1787684198.0563657
Added task 34, time: 1787684198.088937
Added task 35, time: 1787684198.1211314
Added task 36, time: 1787684198.1428816
Added task 37, time: 1787684198.1648037
Output for task 27: tc(45);, time: 1787684198.1889403
Output for task 31: tc(30);, time: 1787684198.1891174
Output for task 33: tc(30);, time: 1787684198.189182
Start executing task 27 for agent 9 on time 1787684198.196468 with plan tc(45);
Start executing task 31 for agent 0 on time 1787684198.1967223 with plan tc(30);
Start executing task 33 for agent 3 on time 1787684198.196856 with plan tc(30);
Output for task 30: ?iv('boy')==True{tc(45)}->False;, time: 1787684198.375083
Start executing task 30 for agent 23 on time 1787684198.377392 with plan ?iv('boy')==True{tc(45)}->False;
Output for task 29: mu(40);?iv('book')==True{tp()}->False, time: 1787684198.3870285
Output for task 34: mu(40);?iv('book')==True{tp()}->False, time: 1787684198.3872044
Start executing task 29 for agent 20 on time 1787684198.3877106 with plan mu(40);?iv('book')==True{tp()}->False
Start executing task 34 for agent 5 on time 1787684198.3892493 with plan mu(40);?iv('book')==True{tp()}->False
Output for task 35: ?iv('boy')==True{tc(45)}->False;, time: 1787684198.418456
Start executing task 35 for agent 7 on time 1787684198.4197962 with plan ?iv('boy')==True{tc(45)}->False;
Output for task 36: mu(40);?iv('book')==True{tp()}->False, time: 1787684198.4284718
Start executing task 36 for agent 1 on time 1787684198.4297018 with plan mu(40);?iv('book')==True{tp()}->False
Output for task 37: md(40);?iv('toy')==True{g('toy')}->False, time: 1787684198.4473724
Start executing task 37 for agent 8 on time 1787684198.448681 with plan md(40);?iv('toy')==True{g('toy')}->False
Output for task 28: ?iv('keys')&iv('wallet')->{l('Yes');->True}l('No');->False, time: 1787684198.474388
Output for task 32: ?iv('keys')&iv('wallet')->{l('Yes');->True}l('No');->False, time: 1787684198.4744658
Start executing task 28 for agent 17 on time 1787684198.4749153 with plan ?iv('keys')&iv('wallet')->{l('Yes');->True}l('No');->False
Start executing task 32 for agent 4 on time 1787684198.4751472 with plan ?iv('keys')&iv('wallet')->{l('Yes');->True}l('No');->False
Finish executing task 28 for agent 17 on time 1787684198.4790695 with plan ?iv('keys')&iv('wallet')->{l('Yes');->True}l('No');->False
Finish executing task 32 for agent 4 on time 1787684198.4793518 with plan ?iv('keys')&iv('wallet')->{l('Yes');->True}l('No');->False
Generating request from task 38, time: 1787684198.6099687
Added task 38, time: 1787684198.618642
Output for task 38: tc(30);, time: 1787684198.673106
Start executing task 38 for agent 11 on time 1787684198.674136 with plan tc(30);
Finish executing task 27 for agent 9 on time 1787684200.3074539 with plan tc(45);
Finish executing task 33 for agent 3 on time 1787684200.7860684 with plan tc(30);
Finish executing task 31 for agent 0 on time 1787684200.7862306 with plan tc(30);
Finish executing task 29 for agent 20 on time 1787684200.891981 with plan mu(40);?iv('book')==True{tp()}->False
Finish executing task 34 for agent 5 on time 1787684200.8934755 with plan mu(40);?iv('book')==True{tp()}->False
Finish executing task 36 for agent 1 on time 1787684200.9335685 with plan mu(40);?iv('book')==True{tp()}->False
Finish executing task 38 for agent 11 on time 1787684201.2637343 with plan tc(30);
Finish executing task 30 for agent 23 on time 1787684203.3603148 with plan ?iv('boy')==True{tc(45)}->False;
Finish executing task 35 for agent 7 on time 1787684203.4025314 with plan ?iv('boy')==True{tc(45)}->False;
Finish executing task 37 for agent 8 on time 1787684203.7561727 with plan md(40);?iv('toy')==True{g('toy')}->False
Generating request from task 39, time: 1787684217.8425913
Generating request from task 40, time: 1787684217.843146
Generating request from task 41, time: 1787684217.8434615
Generating request from task 42, time: 1787684217.8437161
Generating request from task 43, time: 1787684217.8439589
Generating request from task 44, time: 1787684217.8442078
Generating request from task 45, time: 1787684217.8444386
Generating request from task 46, time: 1787684217.8446743
Generating request from task 47, time: 1787684217.8449152
Added task 39, time: 1787684217.8635323
Added task 40, time: 1787684217.8968177
Added task 41, time: 1787684217.9205022
Added task 42, time: 1787684217.9418318
Added task 43, time: 1787684217.9604552
Added task 44, time: 1787684217.9769795
Added task 45, time: 1787684217.992797
Added task 46, time: 1787684218.0082996
Added task 47, time: 1787684218.0242202
Output for task 42: tc(45);, time: 1787684218.0629752
Start executing task 42 for agent 2 on time 1787684218.066796 with plan tc(45);
Output for task 47: tc(45);, time: 1787684218.1133196
Start executing task 47 for agent 14 on time 1787684218.1148465 with plan tc(45);
Output for task 41: ?s('cat')==True{g('cat')};, time: 1787684218.1421947
Output for task 44: ?s('cat')==True{g('cat')};, time: 1787684218.1422775
Start executing task 41 for agent 19 on time 1787684218.1434944 with plan ?s('cat')==True{g('cat')};
Start executing task 44 for agent 18 on time 1787684218.1438382 with plan ?s('cat')==True{g('cat')};
Output for task 39: ?iv('boy')==True{tc(45)}->False;, time: 1787684218.170425
Output for task 40: ?iv('boy')==True{tc(45)}->False;, time: 1787684218.1705058
Output for task 46: ?s('scissors')==True{g('scissors')}->False, time: 1787684218.1706142
Start executing task 39 for agent 12 on time 1787684218.1710138 with plan ?iv('boy')==True{tc(45)}->False;
Start executing task 40 for agent 13 on time 1787684218.171561 with plan ?iv('boy')==True{tc(45)}->False;
Start executing task 46 for agent 22 on time 1787684218.172049 with plan ?s('scissors')==True{g('scissors')}->False
Output for task 43: md(40);?iv('toy')==True{g('toy')}->False, time: 1787684218.195743
Output for task 45: md(40);?iv('toy')==True{g('toy')}->False, time: 1787684218.1958215
Start executing task 45 for agent 10 on time 1787684218.1964583 with plan md(40);?iv('toy')==True{g('toy')}->False
Start executing task 43 for agent 6 on time 1787684218.1969318 with plan md(40);?iv('toy')==True{g('toy')}->False
Finish executing task 42 for agent 2 on time 1787684220.1779928 with plan tc(45);
Finish executing task 47 for agent 14 on time 1787684220.2259765 with plan tc(45);
Finish executing task 46 for agent 22 on time 1787684222.1941576 with plan ?s('scissors')==True{g('scissors')}->False
Finish executing task 39 for agent 12 on time 1787684223.1542614 with plan ?iv('boy')==True{tc(45)}->False;
Finish executing task 40 for agent 13 on time 1787684223.154499 with plan ?iv('boy')==True{tc(45)}->False;
Generating request from task 48, time: 1787684223.3117368
Generating request from task 49, time: 1787684223.3122666
Added task 48, time: 1787684223.3194816
Added task 49, time: 1787684223.341905
Output for task 48: tc(45);, time: 1787684223.3888786
Output for task 49: tc(45);, time: 1787684223.3889618
Start executing task 48 for agent 15 on time 1787684223.389647 with plan tc(45);
Start executing task 49 for agent 21 on time 1787684223.3900263 with plan tc(45);
Finish executing task 45 for agent 10 on time 1787684223.50424 with plan md(40);?iv('toy')==True{g('toy')}->False
Finish executing task 43 for agent 6 on time 1787684223.5046382 with plan md(40);?iv('toy')==True{g('toy')}->False
Finish executing task 41 for agent 19 on time 1787684224.324326 with plan ?s('cat')==True{g('cat')};
Finish executing task 44 for agent 18 on time 1787684224.3248405 with plan ?s('cat')==True{g('cat')};
Generating request from task 50, time: 1787684225.4112914
Generating request from task 51, time: 1787684225.4117827
Generating request from task 52, time: 1787684225.4120903
Generating request from task 53, time: 1787684225.4123733
Generating request from task 54, time: 1787684225.412773
Generating request from task 55, time: 1787684225.4137766
Added task 50, time: 1787684225.422838
Added task 51, time: 1787684225.4516659
Added task 52, time: 1787684225.474196
Added task 53, time: 1787684225.4939823
Finish executing task 48 for agent 15 on time 1787684225.5007463 with plan tc(45);
Finish executing task 49 for agent 21 on time 1787684225.5009873 with plan tc(45);
Added task 54, time: 1787684225.5118527
Added task 55, time: 1787684225.5278964
Output for task 52: tc(30);, time: 1787684225.5772889
Output for task 54: tc(45);, time: 1787684225.5773742
Start executing task 52 for agent 24 on time 1787684225.5787365 with plan tc(30);
Start executing task 54 for agent 4 on time 1787684225.579132 with plan tc(45);
Output for task 50: ?iv('boy')==True{tc(45)}->False;, time: 1787684225.6643574
Output for task 53: ?s('scissors')==True{g('scissors')}->False, time: 1787684225.6644347
Output for task 55: ?s('scissors')==True{g('scissors')}->False, time: 1787684225.6644688
Start executing task 53 for agent 17 on time 1787684225.6654084 with plan ?s('scissors')==True{g('scissors')}->False
Start executing task 50 for agent 16 on time 1787684225.665864 with plan ?iv('boy')==True{tc(45)}->False;
Start executing task 55 for agent 20 on time 1787684225.6660535 with plan ?s('scissors')==True{g('scissors')}->False
Output for task 51: ?iv('keys')&iv('wallet')->{l('Yes');->True}l('No');->False, time: 1787684225.7442856
Start executing task 51 for agent 25 on time 1787684225.744998 with plan ?iv('keys')&iv('wallet')->{l('Yes');->True}l('No');->False
Finish executing task 51 for agent 25 on time 1787684225.7494566 with plan ?iv('keys')&iv('wallet')->{l('Yes');->True}l('No');->False
Generating request from task 56, time: 1787684226.1862357
Generating request from task 57, time: 1787684226.186624
Generating request from task 58, time: 1787684226.1872907
Generating request from task 59, time: 1787684226.1882703
Added task 56, time: 1787684226.1953378
Added task 57, time: 1787684226.219591
Added task 58, time: 1787684226.2399101
Added task 59, time: 1787684226.257853
Output for task 56: tc(30);, time: 1787684226.3055658
Output for task 57: tc(45);, time: 1787684226.3056426
Output for task 58: tc(45);, time: 1787684226.3056824
Start executing task 56 for agent 5 on time 1787684226.306602 with plan tc(30);
Start executing task 57 for agent 1 on time 1787684226.3070185 with plan tc(45);
Start executing task 58 for agent 9 on time 1787684226.3072228 with plan tc(45);
Output for task 59: ?s('scissors')==True{g('scissors')}->False, time: 1787684226.3850334
Start executing task 59 for agent 0 on time 1787684226.3856032 with plan ?s('scissors')==True{g('scissors')}->False
Finish executing task 54 for agent 4 on time 1787684227.690253 with plan tc(45);
Finish executing task 52 for agent 24 on time 1787684228.1659682 with plan tc(30);
Finish executing task 57 for agent 1 on time 1787684228.418286 with plan tc(45);
Finish executing task 58 for agent 9 on time 1787684228.4185812 with plan tc(45);
Finish executing task 56 for agent 5 on time 1787684228.8958528 with plan tc(30);
Finish executing task 55 for agent 20 on time 1787684229.6845694 with plan ?s('scissors')==True{g('scissors')}->False
Finish executing task 53 for agent 17 on time 1787684229.687496 with plan ?s('scissors')==True{g('scissors')}->False
Finish executing task 59 for agent 0 on time 1787684230.407639 with plan ?s('scissors')==True{g('scissors')}->False
Finish executing task 50 for agent 16 on time 1787684230.6491208 with plan ?iv('boy')==True{tc(45)}->False;
Generating request from task 60, time: 1787684235.4448953
Generating request from task 61, time: 1787684235.4453993
Generating request from task 62, time: 1787684235.4456875
Generating request from task 63, time: 1787684235.4459605
Generating request from task 64, time: 1787684235.4461946
Generating request from task 65, time: 1787684235.446449
Generating request from task 66, time: 1787684235.4466844
Generating request from task 67, time: 1787684235.4469428
Added task 60, time: 1787684235.4522278
Added task 61, time: 1787684235.4718878
Added task 62, time: 1787684235.4881926
Added task 63, time: 1787684235.5039585
Added task 64, time: 1787684235.519418
Added task 65, time: 1787684235.534909
Added task 66, time: 1787684235.5503922
Added task 67, time: 1787684235.565772
Output for task 62: tc(45);, time: 1787684235.61594
Start executing task 62 for agent 7 on time 1787684235.6173737 with plan tc(45);
Output for task 60: ?iv('boy')==True{tc(45)}->False;, time: 1787684235.7095823
Output for task 61: ?iv('boy')==True{tc(45)}->False;, time: 1787684235.709668
Output for task 64: ?iv('boy')==True{tc(45)}->False;, time: 1787684235.7097065
Output for task 65: ?s('scissors')==True{g('scissors')}->False, time: 1787684235.7097383
Output for task 66: ?iv('boy')==True{tc(45)}->False;, time: 1787684235.7097669
Output for task 67: ?iv('boy')==True{tc(45)}->False;, time: 1787684235.7099898
Start executing task 65 for agent 22 on time 1787684235.7101836 with plan ?s('scissors')==True{g('scissors')}->False
Start executing task 64 for agent 11 on time 1787684235.7105465 with plan ?iv('boy')==True{tc(45)}->False;
Start executing task 61 for agent 23 on time 1787684235.7112472 with plan ?iv('boy')==True{tc(45)}->False;
Start executing task 60 for agent 3 on time 1787684235.7116723 with plan ?iv('boy')==True{tc(45)}->False;
Start executing task 67 for agent 14 on time 1787684235.711863 with plan ?iv('boy')==True{tc(45)}->False;
Start executing task 66 for agent 2 on time 1787684235.7124293 with plan ?iv('boy')==True{tc(45)}->False;
Output for task 63: ?iv('keys')&iv('wallet')->{l('Yes');->True}l('No');->False, time: 1787684235.7901337
Start executing task 63 for agent 8 on time 1787684235.7906754 with plan ?iv('keys')&iv('wallet')->{l('Yes');->True}l('No');->False
Finish executing task 63 for agent 8 on time 1787684235.7952108 with plan ?iv('keys')&iv('wallet')->{l('Yes');->True}l('No');->False
Finish executing task 62 for agent 7 on time 1787684237.7283535 with plan tc(45);
Finish executing task 65 for agent 22 on time 1787684239.7318802 with plan ?s('scissors')==True{g('scissors')}->False
Generating request from task 68, time: 1787684239.9673398
Generating request from task 69, time: 1787684239.9677963
Generating request from task 70, time: 1787684239.9681242
Generating request from task 71, time: 1787684239.968701
Generating request from task 72, time: 1787684239.9689593
Generating request from task 73, time: 1787684239.9691935
Added task 68, time: 1787684239.972246
Added task 69, time: 1787684239.9894788
Added task 70, time: 1787684240.0053015
Added task 71, time: 1787684240.0209122
Added task 72, time: 1787684240.036528
Added task 73, time: 1787684240.0520487
Output for task 72: tc(30);, time: 1787684240.1013622
Start executing task 72 for agent 19 on time 1787684240.1028047 with plan tc(30);
Output for task 69: ?s('cat')==True{g('cat')};, time: 1787684240.165339
Output for task 73: ?s('cat')==True{g('cat')};, time: 1787684240.165464
Start executing task 73 for agent 18 on time 1787684240.1668596 with plan ?s('cat')==True{g('cat')};
Start executing task 69 for agent 13 on time 1787684240.167711 with plan ?s('cat')==True{g('cat')};
Output for task 68: ?s('scissors')==True{g('scissors')}->False, time: 1787684240.191517
Start executing task 68 for agent 12 on time 1787684240.1924882 with plan ?s('scissors')==True{g('scissors')}->False
Output for task 71: md(40);?iv('toy')==True{g('toy')}->False, time: 1787684240.2160428
Start executing task 71 for agent 10 on time 1787684240.2170422 with plan md(40);?iv('toy')==True{g('toy')}->False
Output for task 70: ?iv('keys')&iv('wallet')->{l('Yes');->True}l('No');->False, time: 1787684240.2711818
Start executing task 70 for agent 6 on time 1787684240.2720091 with plan ?iv('keys')&iv('wallet')->{l('Yes');->True}l('No');->False
Finish executing task 70 for agent 6 on time 1787684240.2768533 with plan ?iv('keys')&iv('wallet')->{l('Yes');->True}l('No');->False
Finish executing task 64 for agent 11 on time 1787684240.692852 with plan ?iv('boy')==True{tc(45)}->False;
Finish executing task 61 for agent 23 on time 1787684240.6943667 with plan ?iv('boy')==True{tc(45)}->False;
Finish executing task 67 for agent 14 on time 1787684240.6945424 with plan ?iv('boy')==True{tc(45)}->False;
Finish executing task 60 for agent 3 on time 1787684240.6948862 with plan ?iv('boy')==True{tc(45)}->False;
Finish executing task 66 for agent 2 on time 1787684240.69557 with plan ?iv('boy')==True{tc(45)}->False;
Generating request from task 74, time: 1787684242.047195
Generating request from task 75, time: 1787684242.0477023
Generating request from task 76, time: 1787684242.048292
Generating request from task 77, time: 1787684242.0485563
Generating request from task 78, time: 1787684242.0488045
Generating request from task 79, time: 1787684242.0496569
Generating request from task 80, time: 1787684242.0508106
Generating request from task 81, time: 1787684242.051689
Generating request from task 82, time: 1787684242.0526607
Generating request from task 83, time: 1787684242.0536547
Generating request from task 84, time: 1787684242.0546525
Generating request from task 85, time: 1787684242.0556567
Added task 74, time: 1787684242.0559888
Generating request from task 86, time: 1787684242.0568466
Generating request from task 87, time: 1787684242.0576377
Generating request from task 88, time: 1787684242.05865
Added task 75, time: 1787684242.0832546
Added task 76, time: 1787684242.1043046
Added task 77, time: 1787684242.1228373
Added task 78, time: 1787684242.1394646
Added task 79, time: 1787684242.1551657
Added task 80, time: 1787684242.1706674
Added task 81, time: 1787684242.1860735
Added task 82, time: 1787684242.201589
Added task 83, time: 1787684242.215853
Added task 84, time: 1787684242.2296612
Added task 85, time: 1787684242.2434444
Added task 86, time: 1787684242.2571852
Output for task 74: tc(45);, time: 1787684242.2572455
Output for task 77: tc(45);, time: 1787684242.2572978
Output for task 80: tc(30);, time: 1787684242.257329
Start executing task 80 for agent 24 on time 1787684242.2608147 with plan tc(30);
Start executing task 77 for agent 17 on time 1787684242.2613091 with plan tc(45);
Start executing task 74 for agent 25 on time 1787684242.2617395 with plan tc(45);
Added task 87, time: 1787684242.2733097
Added task 88, time: 1787684242.2888556
Output for task 84: tc(30);, time: 1787684242.3390923
Start executing task 84 for agent 9 on time 1787684242.3425217 with plan tc(30);
Output for task 76: ?s('cat')==True{g('cat')};, time: 1787684242.3802114
Start executing task 76 for agent 21 on time 1787684242.3836176 with plan ?s('cat')==True{g('cat')};
Output for task 75: ?iv('boy')==True{tc(45)}->False;, time: 1787684242.421129
Output for task 78: ?s('scissors')==True{g('scissors')}->False, time: 1787684242.4212093
Output for task 79: ?s('scissors')==True{g('scissors')}->False, time: 1787684242.421245
Output for task 81: ?s('scissors')==True{g('scissors')}->False, time: 1787684242.4212775
Start executing task 75 for agent 15 on time 1787684242.4249156 with plan ?iv('boy')==True{tc(45)}->False;
Start executing task 79 for agent 4 on time 1787684242.4251018 with plan ?s('scissors')==True{g('scissors')}->False
Start executing task 81 for agent 16 on time 1787684242.4254453 with plan ?s('scissors')==True{g('scissors')}->False
Start executing task 78 for agent 20 on time 1787684242.4257634 with plan ?s('scissors')==True{g('scissors')}->False
Output for task 83: ?iv('boy')==True{tc(45)}->False;, time: 1787684242.4831302
Output for task 87: tc(45);, time: 1787684242.4832103
Start executing task 83 for agent 1 on time 1787684242.4843633 with plan ?iv('boy')==True{tc(45)}->False;
Start executing task 87 for agent 22 on time 1787684242.484725 with plan tc(45);
Output for task 82: mu(40);?iv('book')==True{tp()}->False, time: 1787684242.4924223
Output for task 85: ?s('cat')==True{g('cat')};, time: 1787684242.4925005
Start executing task 82 for agent 0 on time 1787684242.4929273 with plan mu(40);?iv('book')==True{tp()}->False
Start executing task 85 for agent 5 on time 1787684242.4938116 with plan ?s('cat')==True{g('cat')};
Output for task 86: ?iv('boy')==True{tc(45)}->False;, time: 1787684242.5415428
Start executing task 86 for agent 8 on time 1787684242.5423129 with plan ?iv('boy')==True{tc(45)}->False;
Output for task 88: ?iv('boy')==True{tc(45)}->False;, time: 1787684242.5656266
Start executing task 88 for agent 7 on time 1787684242.5662155 with plan ?iv('boy')==True{tc(45)}->False;
Finish executing task 72 for agent 19 on time 1787684242.6924577 with plan tc(30);
Finish executing task 68 for agent 12 on time 1787684244.2143211 with plan ?s('scissors')==True{g('scissors')}->False
Finish executing task 77 for agent 17 on time 1787684244.372466 with plan tc(45);
Finish executing task 74 for agent 25 on time 1787684244.3728755 with plan tc(45);
Finish executing task 87 for agent 22 on time 1787684244.595776 with plan tc(45);
Finish executing task 80 for agent 24 on time 1787684244.8505135 with plan tc(30);
Finish executing task 84 for agent 9 on time 1787684244.9319377 with plan tc(30);
Finish executing task 82 for agent 0 on time 1787684244.997142 with plan mu(40);?iv('book')==True{tp()}->False
Finish executing task 71 for agent 10 on time 1787684245.5199592 with plan md(40);?iv('toy')==True{g('toy')}->False
Finish executing task 73 for agent 18 on time 1787684246.3484058 with plan ?s('cat')==True{g('cat')};
Finish executing task 69 for agent 13 on time 1787684246.3488545 with plan ?s('cat')==True{g('cat')};
Finish executing task 81 for agent 16 on time 1787684246.4452844 with plan ?s('scissors')==True{g('scissors')}->False
Finish executing task 79 for agent 4 on time 1787684246.4465835 with plan ?s('scissors')==True{g('scissors')}->False
Finish executing task 78 for agent 20 on time 1787684246.4466975 with plan ?s('scissors')==True{g('scissors')}->False
Finish executing task 75 for agent 15 on time 1787684247.4081085 with plan ?iv('boy')==True{tc(45)}->False;
Finish executing task 83 for agent 1 on time 1787684247.4674118 with plan ?iv('boy')==True{tc(45)}->False;
Finish executing task 86 for agent 8 on time 1787684247.525368 with plan ?iv('boy')==True{tc(45)}->False;
Finish executing task 88 for agent 7 on time 1787684247.549198 with plan ?iv('boy')==True{tc(45)}->False;
Finish executing task 76 for agent 21 on time 1787684248.5647526 with plan ?s('cat')==True{g('cat')};
Finish executing task 85 for agent 5 on time 1787684248.6748757 with plan ?s('cat')==True{g('cat')};
Generating request from task 89, time: 1787684260.801998
Generating request from task 90, time: 1787684260.8025098
Generating request from task 91, time: 1787684260.8028908
Generating request from task 92, time: 1787684260.803164
Generating request from task 93, time: 1787684260.8034058
Generating request from task 94, time: 1787684260.8036575
Generating request from task 95, time: 1787684260.8038998
Generating request from task 96, time: 1787684260.8041246
Generating request from task 97, time: 1787684260.8043313
Generating request from task 98, time: 1787684260.804549
Generating request from task 99, time: 1787684260.804754
Generating request from task 100, time: 1787684260.8049912
Generating request from task 101, time: 1787684260.8052106
Generating request from task 102, time: 1787684260.8054466
Generating request from task 103, time: 1787684260.8056684
Added task 89, time: 1787684260.820655
Added task 90, time: 1787684260.8542817
Added task 91, time: 1787684260.8776603
Added task 92, time: 1787684260.898546
Added task 93, time: 1787684260.9166784
Added task 94, time: 1787684260.9331677
Added task 95, time: 1787684260.9489398
Added task 96, time: 1787684260.964656
Added task 97, time: 1787684260.9802814
Added task 98, time: 1787684260.9945273
Added task 99, time: 1787684261.0078843
Added task 100, time: 1787684261.0213451
Added task 101, time: 1787684261.0355792
Output for task 94: tc(30);, time: 1787684261.0356424
Start executing task 94 for agent 14 on time 1787684261.0393991 with plan tc(30);
Added task 102, time: 1787684261.0514793
Added task 103, time: 1787684261.065057
Output for task 97: tc(30);, time: 1787684261.0940359
Start executing task 97 for agent 0 on time 1787684261.0977502 with plan tc(30);
Output for task 92: ?s('cat')==True{g('cat')};, time: 1787684261.1348057
Output for task 93: ?s('cat')==True{g('cat')};, time: 1787684261.1348925
Output for task 95: ?s('cat')==True{g('cat')};, time: 1787684261.135054
Output for task 96: ?s('cat')==True{g('cat')};, time: 1787684261.135089
Start executing task 92 for agent 11 on time 1787684261.1354532 with plan ?s('cat')==True{g('cat')};
Start executing task 95 for agent 12 on time 1787684261.1385767 with plan ?s('cat')==True{g('cat')};
Start executing task 93 for agent 2 on time 1787684261.1390302 with plan ?s('cat')==True{g('cat')};
Start executing task 96 for agent 19 on time 1787684261.1392155 with plan ?s('cat')==True{g('cat')};
Output for task 89: ?iv('boy')==True{tc(45)}->False;, time: 1787684261.210851
Output for task 90: ?s('scissors')==True{g('scissors')}->False, time: 1787684261.2109292
Start executing task 89 for agent 6 on time 1787684261.2143312 with plan ?iv('boy')==True{tc(45)}->False;
Start executing task 90 for agent 3 on time 1787684261.2146552 with plan ?s('scissors')==True{g('scissors')}->False
Output for task 91: md(40);?iv('toy')==True{g('toy')}->False, time: 1787684261.2510543
Start executing task 91 for agent 23 on time 1787684261.2525218 with plan md(40);?iv('toy')==True{g('toy')}->False
Output for task 103: tc(30);, time: 1787684261.2607691
Start executing task 103 for agent 17 on time 1787684261.2619865 with plan tc(30);
Output for task 98: ?s('scissors')==True{g('scissors')}->False, time: 1787684261.2981424
Output for task 99: ?s('cat')==True{g('cat')};, time: 1787684261.298217
Output for task 101: ?s('cat')==True{g('cat')};, time: 1787684261.298256
Start executing task 99 for agent 20 on time 1787684261.2992365 with plan ?s('cat')==True{g('cat')};
Start executing task 101 for agent 16 on time 1787684261.2996671 with plan ?s('cat')==True{g('cat')};
Start executing task 98 for agent 10 on time 1787684261.3000917 with plan ?s('scissors')==True{g('scissors')}->False
Output for task 100: ?s('scissors')==True{g('scissors')}->False, time: 1787684261.3237038
Output for task 102: ?s('scissors')==True{g('scissors')}->False, time: 1787684261.3237808
Start executing task 100 for agent 4 on time 1787684261.3244216 with plan ?s('scissors')==True{g('scissors')}->False
Start executing task 102 for agent 25 on time 1787684261.3248386 with plan ?s('scissors')==True{g('scissors')}->False
Finish executing task 94 for agent 14 on time 1787684263.6290772 with plan tc(30);
Finish executing task 97 for agent 0 on time 1787684263.687432 with plan tc(30);
Finish executing task 103 for agent 17 on time 1787684263.8515825 with plan tc(30);
Generating request from task 104, time: 1787684265.0143576
Generating request from task 105, time: 1787684265.014852
Generating request from task 106, time: 1787684265.0151842
Generating request from task 107, time: 1787684265.0154643
Generating request from task 108, time: 1787684265.015695
Generating request from task 109, time: 1787684265.0159461
Generating request from task 110, time: 1787684265.0161717
Generating request from task 111, time: 1787684265.016695
Generating request from task 112, time: 1787684265.017694
Generating request from task 113, time: 1787684265.0187004
Generating request from task 114, time: 1787684265.0196984
Generating request from task 115, time: 1787684265.0206885
Generating request from task 116, time: 1787684265.0216897
Generating request from task 117, time: 1787684265.0226889
Added task 104, time: 1787684265.0252838
Added task 105, time: 1787684265.0551257
Added task 106, time: 1787684265.0789394
Added task 107, time: 1787684265.099289
Added task 108, time: 1787684265.118142
Added task 109, time: 1787684265.1377256
Added task 110, time: 1787684265.1599011
Added task 111, time: 1787684265.1836705
Added task 112, time: 1787684265.2075737
Added task 113, time: 1787684265.225901
Finish executing task 90 for agent 3 on time 1787684265.236724 with plan ?s('scissors')==True{g('scissors')}->False
Added task 114, time: 1787684265.2429411
Added task 115, time: 1787684265.259869
Added task 116, time: 1787684265.2777684
Output for task 110: tc(45);, time: 1787684265.2778392
Output for task 111: tc(45);, time: 1787684265.2779047
Start executing task 110 for agent 7 on time 1787684265.283506 with plan tc(45);
Start executing task 111 for agent 13 on time 1787684265.2843316 with plan tc(45);
Added task 117, time: 1787684265.3028584
Finish executing task 98 for agent 10 on time 1787684265.3220909 with plan ?s('scissors')==True{g('scissors')}->False
Finish executing task 100 for agent 4 on time 1787684265.3464844 with plan ?s('scissors')==True{g('scissors')}->False
Finish executing task 102 for agent 25 on time 1787684265.3466709 with plan ?s('scissors')==True{g('scissors')}->False
Output for task 105: ?iv('boy')==True{tc(45)}->False;, time: 1787684265.4280994
Output for task 106: ?s('scissors')==True{g('scissors')}->False, time: 1787684265.4281788
Start executing task 105 for agent 24 on time 1787684265.4339578 with plan ?iv('boy')==True{tc(45)}->False;
Start executing task 106 for agent 9 on time 1787684265.4344094 with plan ?s('scissors')==True{g('scissors')}->False
Output for task 107: mu(40);?iv('book')==True{tp()}->False, time: 1787684265.4744945
Start executing task 107 for agent 15 on time 1787684265.4796631 with plan mu(40);?iv('book')==True{tp()}->False
Output for task 104: md(40);?iv('toy')==True{g('toy')}->False, time: 1787684265.513916
Output for task 108: md(40);?iv('toy')==True{g('toy')}->False, time: 1787684265.5140433
Output for task 109: md(40);?iv('toy')==True{g('toy')}->False, time: 1787684265.5140939
Start executing task 109 for agent 8 on time 1787684265.5196679 with plan md(40);?iv('toy')==True{g('toy')}->False
Start executing task 104 for agent 22 on time 1787684265.5206296 with plan md(40);?iv('toy')==True{g('toy')}->False
Start executing task 108 for agent 1 on time 1787684265.521081 with plan md(40);?iv('toy')==True{g('toy')}->False
Output for task 113: ?iv('boy')==True{tc(45)}->False;, time: 1787684265.5429802
Start executing task 113 for agent 21 on time 1787684265.5448408 with plan ?iv('boy')==True{tc(45)}->False;
Output for task 112: ?iv('keys')&iv('wallet')->{l('Yes');->True}l('No');->False, time: 1787684265.6448185
Output for task 115: ?iv('boy')==True{tc(45)}->False;, time: 1787684265.6449316
Start executing task 112 for agent 18 on time 1787684265.6462812 with plan ?iv('keys')&iv('wallet')->{l('Yes');->True}l('No');->False
Start executing task 115 for agent 26 on time 1787684265.648549 with plan ?iv('boy')==True{tc(45)}->False;
Finish executing task 112 for agent 18 on time 1787684265.6507013 with plan ?iv('keys')&iv('wallet')->{l('Yes');->True}l('No');->False
Output for task 116: md(40);?iv('toy')==True{g('toy')}->False, time: 1787684265.683388
Output for task 117: mu(40);?iv('book')==True{tp()}->False, time: 1787684265.6841962
Start executing task 116 for agent 27 on time 1787684265.6857605 with plan md(40);?iv('toy')==True{g('toy')}->False
Start executing task 117 for agent 28 on time 1787684265.6869912 with plan mu(40);?iv('book')==True{tp()}->False
Output for task 114: ?iv('keys')&iv('wallet')->{l('Yes');->True}l('No');->False, time: 1787684265.73623
Start executing task 114 for agent 5 on time 1787684265.7372165 with plan ?iv('keys')&iv('wallet')->{l('Yes');->True}l('No');->False
Finish executing task 114 for agent 5 on time 1787684265.7417378 with plan ?iv('keys')&iv('wallet')->{l('Yes');->True}l('No');->False
Finish executing task 89 for agent 6 on time 1787684266.197354 with plan ?iv('boy')==True{tc(45)}->False;
Finish executing task 91 for agent 23 on time 1787684266.5603406 with plan md(40);?iv('toy')==True{g('toy')}->False
Finish executing task 96 for agent 19 on time 1787684267.3154323 with plan ?s('cat')==True{g('cat')};
Finish executing task 92 for agent 11 on time 1787684267.316573 with plan ?s('cat')==True{g('cat')};
Finish executing task 93 for agent 2 on time 1787684267.318576 with plan ?s('cat')==True{g('cat')};
Finish executing task 95 for agent 12 on time 1787684267.3197207 with plan ?s('cat')==True{g('cat')};
Finish executing task 110 for agent 7 on time 1787684267.394513 with plan tc(45);
Finish executing task 111 for agent 13 on time 1787684267.394935 with plan tc(45);
Finish executing task 99 for agent 20 on time 1787684267.4803424 with plan ?s('cat')==True{g('cat')};
Finish executing task 101 for agent 16 on time 1787684267.480777 with plan ?s('cat')==True{g('cat')};
Finish executing task 107 for agent 15 on time 1787684267.983854 with plan mu(40);?iv('book')==True{tp()}->False
Finish executing task 117 for agent 28 on time 1787684268.1913638 with plan mu(40);?iv('book')==True{tp()}->False
Generating request from task 118, time: 1787684269.0533838
Generating request from task 119, time: 1787684269.0539253
Generating request from task 120, time: 1787684269.0542245
Generating request from task 121, time: 1787684269.0544713
Generating request from task 122, time: 1787684269.0546975
Generating request from task 123, time: 1787684269.0549257
Generating request from task 124, time: 1787684269.055156
Generating request from task 125, time: 1787684269.0559814
Generating request from task 126, time: 1787684269.056945
Generating request from task 127, time: 1787684269.0579486
Generating request from task 128, time: 1787684269.0589502
Generating request from task 129, time: 1787684269.0599468
Generating request from task 130, time: 1787684269.060947
Generating request from task 131, time: 1787684269.0619476
Generating request from task 132, time: 1787684269.0629623
Generating request from task 133, time: 1787684269.0639498
Added task 118, time: 1787684269.0708554
Added task 119, time: 1787684269.1013904
Added task 120, time: 1787684269.1234791
Added task 121, time: 1787684269.1435637
Added task 122, time: 1787684269.1611626
Added task 123, time: 1787684269.1772025
Added task 124, time: 1787684269.1931968
Added task 125, time: 1787684269.2087073
Added task 126, time: 1787684269.2241561
Added task 127, time: 1787684269.2378123
Added task 128, time: 1787684269.2515807
Added task 129, time: 1787684269.2649152
Added task 130, time: 1787684269.2784443
Output for task 122: tc(45);, time: 1787684269.2785063
Start executing task 122 for agent 18 on time 1787684269.2821345 with plan tc(45);
Added task 131, time: 1787684269.2941961
Added task 132, time: 1787684269.307929
Added task 133, time: 1787684269.3213809
Output for task 123: ?iv('boy')==True{tc(45)}->False;, time: 1787684269.3978148
Start executing task 123 for agent 5 on time 1787684269.401309 with plan ?iv('boy')==True{tc(45)}->False;
Output for task 120: mu(40);?iv('book')==True{tp()}->False, time: 1787684269.419302
Output for task 125: mu(40);?iv('book')==True{tp()}->False, time: 1787684269.4193828
Start executing task 120 for agent 4 on time 1787684269.4230132 with plan mu(40);?iv('book')==True{tp()}->False
Start executing task 125 for agent 0 on time 1787684269.4236572 with plan mu(40);?iv('book')==True{tp()}->False
Finish executing task 106 for agent 9 on time 1787684269.4558513 with plan ?s('scissors')==True{g('scissors')}->False
Output for task 118: md(40);?iv('toy')==True{g('toy')}->False, time: 1787684269.4627209
Output for task 119: md(40);?iv('toy')==True{g('toy')}->False, time: 1787684269.4627967
Output for task 121: md(40);?iv('toy')==True{g('toy')}->False, time: 1787684269.4628427
Output for task 124: md(40);?iv('toy')==True{g('toy')}->False, time: 1787684269.4630003
Start executing task 119 for agent 10 on time 1787684269.4633262 with plan md(40);?iv('toy')==True{g('toy')}->False
Start executing task 121 for agent 25 on time 1787684269.466572 with plan md(40);?iv('toy')==True{g('toy')}->False
Start executing task 118 for agent 3 on time 1787684269.467054 with plan md(40);?iv('toy')==True{g('toy')}->False
Start executing task 124 for agent 14 on time 1787684269.4672377 with plan md(40);?iv('toy')==True{g('toy')}->False
Output for task 128: ?s('cat')==True{g('cat')};, time: 1787684269.5957487
Start executing task 128 for agent 23 on time 1787684269.5972815 with plan ?s('cat')==True{g('cat')};
Output for task 126: ?iv('keys')&iv('wallet')->{l('Yes');->True}l('No');->False, time: 1787684269.615143
Output for task 131: ?s('cat')==True{g('cat')};, time: 1787684269.6152217
Output for task 133: ?s('cat')==True{g('cat')};, time: 1787684269.615648
Start executing task 126 for agent 17 on time 1787684269.616007 with plan ?iv('keys')&iv('wallet')->{l('Yes');->True}l('No');->False
Start executing task 131 for agent 29 on time 1787684269.6166337 with plan ?s('cat')==True{g('cat')};
Start executing task 133 for agent 31 on time 1787684269.617453 with plan ?s('cat')==True{g('cat')};
Finish executing task 126 for agent 17 on time 1787684269.6204739 with plan ?iv('keys')&iv('wallet')->{l('Yes');->True}l('No');->False
Output for task 130: md(40);?iv('toy')==True{g('toy')}->False, time: 1787684269.6684768
Output for task 132: md(40);?iv('toy')==True{g('toy')}->False, time: 1787684269.6685503
Start executing task 130 for agent 28 on time 1787684269.6694026 with plan md(40);?iv('toy')==True{g('toy')}->False
Start executing task 132 for agent 30 on time 1787684269.6702688 with plan md(40);?iv('toy')==True{g('toy')}->False
Output for task 127: ?iv('keys')&iv('wallet')->{l('Yes');->True}l('No');->False, time: 1787684269.7015703
Start executing task 127 for agent 6 on time 1787684269.7023377 with plan ?iv('keys')&iv('wallet')->{l('Yes');->True}l('No');->False
Finish executing task 127 for agent 6 on time 1787684269.7065995 with plan ?iv('keys')&iv('wallet')->{l('Yes');->True}l('No');->False
Output for task 129: ?iv('keys')&iv('wallet')->{l('Yes');->True}l('No');->False, time: 1787684269.7099688
Start executing task 129 for agent 15 on time 1787684269.7104197 with plan ?iv('keys')&iv('wallet')->{l('Yes');->True}l('No');->False
Finish executing task 129 for agent 15 on time 1787684269.7146118 with plan ?iv('keys')&iv('wallet')->{l('Yes');->True}l('No');->False
Generating request from task 134, time: 1787684270.3309429
Generating request from task 135, time: 1787684270.3313906
Generating request from task 136, time: 1787684270.331655
Generating request from task 137, time: 1787684270.3323176
Generating request from task 138, time: 1787684270.333299
Generating request from task 139, time: 1787684270.3345344
Generating request from task 140, time: 1787684270.3353422
Generating request from task 141, time: 1787684270.3363194
Generating request from task 142, time: 1787684270.337305
Generating request from task 143, time: 1787684270.3382957
Generating request from task 144, time: 1787684270.3392954
Generating request from task 145, time: 1787684270.3402934
Added task 134, time: 1787684270.3411686
Generating request from task 146, time: 1787684270.3412936
Generating request from task 147, time: 1787684270.3422875
Generating request from task 148, time: 1787684270.3432877
Generating request from task 149, time: 1787684270.3442898
Added task 135, time: 1787684270.36832
Added task 136, time: 1787684270.3896086
Added task 137, time: 1787684270.4085498
Finish executing task 105 for agent 24 on time 1787684270.416846 with plan ?iv('boy')==True{tc(45)}->False;
Added task 138, time: 1787684270.4254613
Generating request from task 150, time: 1787684270.4276001
Generating request from task 151, time: 1787684270.4285161
Generating request from task 152, time: 1787684270.4295015
Generating request from task 153, time: 1787684270.430523
Added task 139, time: 1787684270.4414027
Added task 140, time: 1787684270.456958
Added task 141, time: 1787684270.472477
Added task 142, time: 1787684270.487883
Added task 143, time: 1787684270.5019555
Added task 144, time: 1787684270.5152109
Finish executing task 113 for agent 21 on time 1787684270.527862 with plan ?iv('boy')==True{tc(45)}->False;
Added task 145, time: 1787684270.5285325
Added task 146, time: 1787684270.5426712
Output for task 134: tc(45);, time: 1787684270.542733
Output for task 135: tc(30);, time: 1787684270.5427842
Output for task 136: tc(30);, time: 1787684270.5428207
Output for task 139: tc(30);, time: 1787684270.542854
Output for task 140: tc(45);, time: 1787684270.542883
Start executing task 139 for agent 16 on time 1787684270.5463734 with plan tc(30);
Start executing task 134 for agent 11 on time 1787684270.546843 with plan tc(45);
Start executing task 135 for agent 2 on time 1787684270.5472162 with plan tc(30);
Start executing task 140 for agent 17 on time 1787684270.5476134 with plan tc(45);
Start executing task 136 for agent 12 on time 1787684270.5480418 with plan tc(30);
Added task 147, time: 1787684270.5593758
Added task 148, time: 1787684270.5753124
Added task 149, time: 1787684270.5911272
Added task 150, time: 1787684270.6066992
Added task 151, time: 1787684270.6221232
Finish executing task 115 for agent 26 on time 1787684270.6316345 with plan ?iv('boy')==True{tc(45)}->False;
Added task 152, time: 1787684270.6356885
Added task 153, time: 1787684270.6495996
Output for task 145: tc(45);, time: 1787684270.6688843
Start executing task 145 for agent 34 on time 1787684270.6732306 with plan tc(45);
Output for task 138: ?s('cat')==True{g('cat')};, time: 1787684270.7100258
Start executing task 138 for agent 20 on time 1787684270.713595 with plan ?s('cat')==True{g('cat')};
Output for task 142: ?s('cat')==True{g('cat')};, time: 1787684270.7606428
Start executing task 142 for agent 15 on time 1787684270.7640235 with plan ?s('cat')==True{g('cat')};
Output for task 137: md(40);?iv('toy')==True{g('toy')}->False, time: 1787684270.7914648
Output for task 141: md(40);?iv('toy')==True{g('toy')}->False, time: 1787684270.7915416
Start executing task 137 for agent 19 on time 1787684270.7921011 with plan md(40);?iv('toy')==True{g('toy')}->False
Start executing task 141 for agent 6 on time 1787684270.7954774 with plan md(40);?iv('toy')==True{g('toy')}->False
Output for task 144: ?s('scissors')==True{g('scissors')}->False, time: 1787684270.824791
Finish executing task 109 for agent 8 on time 1787684270.8273969 with plan md(40);?iv('toy')==True{g('toy')}->False
Finish executing task 104 for agent 22 on time 1787684270.8284016 with plan md(40);?iv('toy')==True{g('toy')}->False
Finish executing task 108 for agent 1 on time 1787684270.8285801 with plan md(40);?iv('toy')==True{g('toy')}->False
Start executing task 144 for agent 33 on time 1787684270.8290415 with plan ?s('scissors')==True{g('scissors')}->False
Output for task 143: mu(40);?iv('book')==True{tp()}->False, time: 1787684270.8465917
Output for task 146: mu(40);?iv('book')==True{tp()}->False, time: 1787684270.8469863
Start executing task 143 for agent 32 on time 1787684270.8479996 with plan mu(40);?iv('book')==True{tp()}->False
Start executing task 146 for agent 35 on time 1787684270.8510697 with plan mu(40);?iv('book')==True{tp()}->False
Output for task 147: ?s('scissors')==True{g('scissors')}->False, time: 1787684270.8874133
Start executing task 147 for agent 36 on time 1787684270.8895319 with plan ?s('scissors')==True{g('scissors')}->False
Output for task 153: tc(30);, time: 1787684270.897483
Start executing task 153 for agent 41 on time 1787684270.8993022 with plan tc(30);
Output for task 148: ?iv('boy')==True{tc(45)}->False;, time: 1787684270.916541
Start executing task 148 for agent 37 on time 1787684270.9183445 with plan ?iv('boy')==True{tc(45)}->False;
Output for task 150: ?iv('boy')==True{tc(45)}->False;, time: 1787684270.9695482
Start executing task 150 for agent 9 on time 1787684270.9704971 with plan ?iv('boy')==True{tc(45)}->False;
Finish executing task 116 for agent 27 on time 1787684270.9935696 with plan md(40);?iv('toy')==True{g('toy')}->False
Output for task 151: md(40);?iv('toy')==True{g('toy')}->False, time: 1787684270.9956913
Generating request from task 154, time: 1787684270.996972
Start executing task 151 for agent 39 on time 1787684270.9973 with plan md(40);?iv('toy')==True{g('toy')}->False
Generating request from task 155, time: 1787684270.9973695
Added task 154, time: 1787684271.008394
Added task 155, time: 1787684271.0238655
Output for task 149: ?iv('keys')&iv('wallet')->{l('Yes');->True}l('No');->False, time: 1787684271.0699778
Start executing task 149 for agent 38 on time 1787684271.0718145 with plan ?iv('keys')&iv('wallet')->{l('Yes');->True}l('No');->False
Finish executing task 149 for agent 38 on time 1787684271.076374 with plan ?iv('keys')&iv('wallet')->{l('Yes');->True}l('No');->False
Output for task 152: ?iv('keys')&iv('wallet')->{l('Yes');->True}l('No');->False, time: 1787684271.0959904
Start executing task 152 for agent 40 on time 1787684271.097436 with plan ?iv('keys')&iv('wallet')->{l('Yes');->True}l('No');->False
Finish executing task 152 for agent 40 on time 1787684271.101849 with plan ?iv('keys')&iv('wallet')->{l('Yes');->True}l('No');->False
Output for task 154: ?iv('boy')==True{tc(45)}->False;, time: 1787684271.152854
Start executing task 154 for agent 7 on time 1787684271.1537642 with plan ?iv('boy')==True{tc(45)}->False;
Output for task 155: md(40);?iv('toy')==True{g('toy')}->False, time: 1787684271.1768463
Start executing task 155 for agent 13 on time 1787684271.1774008 with plan md(40);?iv('toy')==True{g('toy')}->False
Finish executing task 122 for agent 18 on time 1787684271.393286 with plan tc(45);
Finish executing task 120 for agent 4 on time 1787684271.927534 with plan mu(40);?iv('book')==True{tp()}->False
Finish executing task 125 for agent 0 on time 1787684271.9283595 with plan mu(40);?iv('book')==True{tp()}->False
Finish executing task 134 for agent 11 on time 1787684272.6579225 with plan tc(45);
Finish executing task 140 for agent 17 on time 1787684272.6587634 with plan tc(45);
Finish executing task 145 for agent 34 on time 1787684272.7842724 with plan tc(45);
Finish executing task 139 for agent 16 on time 1787684273.1359777 with plan tc(30);
Finish executing task 135 for agent 2 on time 1787684273.136821 with plan tc(30);
Finish executing task 136 for agent 12 on time 1787684273.1376505 with plan tc(30);
Generating request from task 156, time: 1787684273.157374
Generating request from task 157, time: 1787684273.1578095
Generating request from task 158, time: 1787684273.1581025
Generating request from task 159, time: 1787684273.1583724
Added task 156, time: 1787684273.167877
Added task 157, time: 1787684273.1945667
Added task 158, time: 1787684273.2158995
Added task 159, time: 1787684273.234606
Finish executing task 143 for agent 32 on time 1787684273.3523636 with plan mu(40);?iv('book')==True{tp()}->False
Finish executing task 146 for agent 35 on time 1787684273.3554535 with plan mu(40);?iv('book')==True{tp()}->False
Output for task 157: ?s('scissors')==True{g('scissors')}->False, time: 1787684273.3679707
Output for task 159: ?s('scissors')==True{g('scissors')}->False, time: 1787684273.3680525
Start executing task 157 for agent 21 on time 1787684273.369087 with plan ?s('scissors')==True{g('scissors')}->False
Start executing task 159 for agent 22 on time 1787684273.3694932 with plan ?s('scissors')==True{g('scissors')}->False
Output for task 158: mu(40);?iv('book')==True{tp()}->False, time: 1787684273.3766553
Start executing task 158 for agent 26 on time 1787684273.3775945 with plan mu(40);?iv('book')==True{tp()}->False
Output for task 156: md(40);?iv('toy')==True{g('toy')}->False, time: 1787684273.3928187
Start executing task 156 for agent 24 on time 1787684273.3934865 with plan md(40);?iv('toy')==True{g('toy')}->False
Finish executing task 153 for agent 41 on time 1787684273.4888196 with plan tc(30);
Finish executing task 123 for agent 5 on time 1787684274.3844006 with plan ?iv('boy')==True{tc(45)}->False;
Finish executing task 119 for agent 10 on time 1787684274.7710896 with plan md(40);?iv('toy')==True{g('toy')}->False
Finish executing task 118 for agent 3 on time 1787684274.7720115 with plan md(40);?iv('toy')==True{g('toy')}->False
Finish executing task 121 for agent 25 on time 1787684274.774362 with plan md(40);?iv('toy')==True{g('toy')}->False
Finish executing task 124 for agent 14 on time 1787684274.775328 with plan md(40);?iv('toy')==True{g('toy')}->False
Finish executing task 144 for agent 33 on time 1787684274.851168 with plan ?s('scissors')==True{g('scissors')}->False
Finish executing task 147 for agent 36 on time 1787684274.9114873 with plan ?s('scissors')==True{g('scissors')}->False
Finish executing task 130 for agent 28 on time 1787684274.977051 with plan md(40);?iv('toy')==True{g('toy')}->False
Finish executing task 132 for agent 30 on time 1787684274.9780667 with plan md(40);?iv('toy')==True{g('toy')}->False
Finish executing task 128 for agent 23 on time 1787684275.7778485 with plan ?s('cat')==True{g('cat')};
Finish executing task 131 for agent 29 on time 1787684275.7975152 with plan ?s('cat')==True{g('cat')};
Finish executing task 133 for agent 31 on time 1787684275.7985876 with plan ?s('cat')==True{g('cat')};
Finish executing task 158 for agent 26 on time 1787684275.8820536 with plan mu(40);?iv('book')==True{tp()}->False
Finish executing task 148 for agent 37 on time 1787684275.9013302 with plan ?iv('boy')==True{tc(45)}->False;
Finish executing task 150 for agent 9 on time 1787684275.9528656 with plan ?iv('boy')==True{tc(45)}->False;
Finish executing task 137 for agent 19 on time 1787684276.094528 with plan md(40);?iv('toy')==True{g('toy')}->False
Finish executing task 141 for agent 6 on time 1787684276.1031296 with plan md(40);?iv('toy')==True{g('toy')}->False
Finish executing task 154 for agent 7 on time 1787684276.1368575 with plan ?iv('boy')==True{tc(45)}->False;
Finish executing task 151 for agent 39 on time 1787684276.3049679 with plan md(40);?iv('toy')==True{g('toy')}->False
Finish executing task 155 for agent 13 on time 1787684276.4831574 with plan md(40);?iv('toy')==True{g('toy')}->False
Finish executing task 138 for agent 20 on time 1787684276.8905332 with plan ?s('cat')==True{g('cat')};
Finish executing task 142 for agent 15 on time 1787684276.9450617 with plan ?s('cat')==True{g('cat')};
Finish executing task 157 for agent 21 on time 1787684277.3911197 with plan ?s('scissors')==True{g('scissors')}->False
Finish executing task 159 for agent 22 on time 1787684277.3916564 with plan ?s('scissors')==True{g('scissors')}->False
Finish executing task 156 for agent 24 on time 1787684278.7011917 with plan md(40);?iv('toy')==True{g('toy')}->False
Generating request from task 160, time: 1787684279.7350945
Generating request from task 161, time: 1787684279.735565
Generating request from task 162, time: 1787684279.7358751
Generating request from task 163, time: 1787684279.7361329
Generating request from task 164, time: 1787684279.7363753
Added task 160, time: 1787684279.7405221
Added task 161, time: 1787684279.7596412
Added task 162, time: 1787684279.7757483
Added task 163, time: 1787684279.791386
Added task 164, time: 1787684279.806987
Output for task 163: tc(45);, time: 1787684279.855851
Start executing task 163 for agent 38 on time 1787684279.8572168 with plan tc(45);
Output for task 164: ?s('cat')==True{g('cat')};, time: 1787684279.916454
Start executing task 164 for agent 40 on time 1787684279.9173944 with plan ?s('cat')==True{g('cat')};
Output for task 161: ?iv('boy')==True{tc(45)}->False;, time: 1787684279.942142
Start executing task 161 for agent 8 on time 1787684279.94322 with plan ?iv('boy')==True{tc(45)}->False;
Output for task 160: md(40);?iv('toy')==True{g('toy')}->False, time: 1787684279.9673617
Output for task 162: md(40);?iv('toy')==True{g('toy')}->False, time: 1787684279.967443
Start executing task 160 for agent 1 on time 1787684279.9680889 with plan md(40);?iv('toy')==True{g('toy')}->False
Start executing task 162 for agent 27 on time 1787684279.9685512 with plan md(40);?iv('toy')==True{g('toy')}->False
Finish executing task 163 for agent 38 on time 1787684281.9684043 with plan tc(45);
Finish executing task 161 for agent 8 on time 1787684284.9263968 with plan ?iv('boy')==True{tc(45)}->False;
Finish executing task 160 for agent 1 on time 1787684285.2758636 with plan md(40);?iv('toy')==True{g('toy')}->False
Finish executing task 162 for agent 27 on time 1787684285.2763402 with plan md(40);?iv('toy')==True{g('toy')}->False
Finish executing task 164 for agent 40 on time 1787684286.0985155 with plan ?s('cat')==True{g('cat')};
Generating request from task 165, time: 1787684291.0630627
Generating request from task 166, time: 1787684291.0635548
Generating request from task 167, time: 1787684291.0638907
Generating request from task 168, time: 1787684291.064162
Generating request from task 169, time: 1787684291.064413
Generating request from task 170, time: 1787684291.0646365
Generating request from task 171, time: 1787684291.0648706
Generating request from task 172, time: 1787684291.0650895
Generating request from task 173, time: 1787684291.065306
Generating request from task 174, time: 1787684291.0655863
Added task 165, time: 1787684291.078876
Added task 166, time: 1787684291.1122484
Added task 167, time: 1787684291.1363127
Added task 168, time: 1787684291.157538
Added task 169, time: 1787684291.1761413
Added task 170, time: 1787684291.1927083
Added task 171, time: 1787684291.2084868
Added task 172, time: 1787684291.2244446
Added task 173, time: 1787684291.2399342
Added task 174, time: 1787684291.2535706
Output for task 165: tc(30);, time: 1787684291.282638
Output for task 169: tc(45);, time: 1787684291.2827203
Start executing task 165 for agent 4 on time 1787684291.2863646 with plan tc(30);
Start executing task 169 for agent 18 on time 1787684291.286579 with plan tc(45);
Output for task 167: ?s('scissors')==True{g('scissors')}->False, time: 1787684291.4015706
Output for task 171: ?s('scissors')==True{g('scissors')}->False, time: 1787684291.40165
Output for task 172: ?iv('boy')==True{tc(45)}->False;, time: 1787684291.4016874
Start executing task 171 for agent 3 on time 1787684291.4022267 with plan ?s('scissors')==True{g('scissors')}->False
Start executing task 167 for agent 32 on time 1787684291.4032817 with plan ?s('scissors')==True{g('scissors')}->False
Start executing task 172 for agent 10 on time 1787684291.4037814 with plan ?iv('boy')==True{tc(45)}->False;
Output for task 168: mu(40);?iv('book')==True{tp()}->False, time: 1787684291.4115062
Output for task 174: ?s('cat')==True{g('cat')};, time: 1787684291.4115832
Start executing task 168 for agent 35 on time 1787684291.4128456 with plan mu(40);?iv('book')==True{tp()}->False
Start executing task 174 for agent 14 on time 1787684291.413175 with plan ?s('cat')==True{g('cat')};
Output for task 173: mu(40);?iv('book')==True{tp()}->False, time: 1787684291.445927
Start executing task 173 for agent 25 on time 1787684291.4469829 with plan mu(40);?iv('book')==True{tp()}->False
Output for task 166: ?iv('keys')&iv('wallet')->{l('Yes');->True}l('No');->False, time: 1787684291.4869022
Output for task 170: ?iv('keys')&iv('wallet')->{l('Yes');->True}l('No');->False, time: 1787684291.4869792
Start executing task 166 for agent 0 on time 1787684291.48755 with plan ?iv('keys')&iv('wallet')->{l('Yes');->True}l('No');->False
Start executing task 170 for agent 5 on time 1787684291.488046 with plan ?iv('keys')&iv('wallet')->{l('Yes');->True}l('No');->False
Finish executing task 166 for agent 0 on time 1787684291.4921012 with plan ?iv('keys')&iv('wallet')->{l('Yes');->True}l('No');->False
Finish executing task 170 for agent 5 on time 1787684291.4925268 with plan ?iv('keys')&iv('wallet')->{l('Yes');->True}l('No');->False
Finish executing task 169 for agent 18 on time 1787684293.3980453 with plan tc(45);
Finish executing task 165 for agent 4 on time 1787684293.8762321 with plan tc(30);
Finish executing task 168 for agent 35 on time 1787684293.9171863 with plan mu(40);?iv('book')==True{tp()}->False
Finish executing task 173 for agent 25 on time 1787684293.9514754 with plan mu(40);?iv('book')==True{tp()}->False
Generating request from task 175, time: 1787684294.6323855
Generating request from task 176, time: 1787684294.6328888
Generating request from task 177, time: 1787684294.6331937
Generating request from task 178, time: 1787684294.6334467
Generating request from task 179, time: 1787684294.633696
Generating request from task 180, time: 1787684294.6339889
Generating request from task 181, time: 1787684294.6345167
Generating request from task 182, time: 1787684294.6355152
Generating request from task 183, time: 1787684294.6365345
Generating request from task 184, time: 1787684294.6375394
Generating request from task 185, time: 1787684294.6385324
Added task 175, time: 1787684294.6475084
Added task 176, time: 1787684294.6754441
Added task 177, time: 1787684294.6968958
Added task 178, time: 1787684294.7159657
Added task 179, time: 1787684294.7328732
Added task 180, time: 1787684294.7488482
Added task 181, time: 1787684294.7645595
Added task 182, time: 1787684294.7800598
Added task 183, time: 1787684294.7956247
Added task 184, time: 1787684294.8096771
Added task 185, time: 1787684294.8230388
Output for task 176: tc(45);, time: 1787684294.8427181
Start executing task 176 for agent 30 on time 1787684294.8464108 with plan tc(45);
Output for task 183: tc(45);, time: 1787684294.8926716
Start executing task 183 for agent 12 on time 1787684294.896341 with plan tc(45);
Output for task 184: tc(45);, time: 1787684294.9425154
Start executing task 184 for agent 16 on time 1787684294.94604 with plan tc(45);
Output for task 177: ?s('scissors')==True{g('scissors')}->False, time: 1787684294.9736314
Output for task 179: ?s('scissors')==True{g('scissors')}->False, time: 1787684294.97371
Output for task 180: ?iv('boy')==True{tc(45)}->False;, time: 1787684294.97375
Output for task 181: ?iv('boy')==True{tc(45)}->False;, time: 1787684294.9739282
Start executing task 179 for agent 11 on time 1787684294.974335 with plan ?s('scissors')==True{g('scissors')}->False
Start executing task 180 for agent 17 on time 1787684294.9747896 with plan ?iv('boy')==True{tc(45)}->False;
Start executing task 181 for agent 34 on time 1787684294.9762194 with plan ?iv('boy')==True{tc(45)}->False;
Start executing task 177 for agent 33 on time 1787684294.9765995 with plan ?s('scissors')==True{g('scissors')}->False
Output for task 175: md(40);?iv('toy')==True{g('toy')}->False, time: 1787684295.000568
Output for task 178: md(40);?iv('toy')==True{g('toy')}->False, time: 1787684295.0006487
Start executing task 178 for agent 36 on time 1787684295.0016515 with plan md(40);?iv('toy')==True{g('toy')}->False
Start executing task 175 for agent 28 on time 1787684295.0020192 with plan md(40);?iv('toy')==True{g('toy')}->False
Output for task 182: ?iv('keys')&iv('wallet')->{l('Yes');->True}l('No');->False, time: 1787684295.057732
Start executing task 182 for agent 2 on time 1787684295.058615 with plan ?iv('keys')&iv('wallet')->{l('Yes');->True}l('No');->False
Finish executing task 182 for agent 2 on time 1787684295.0631979 with plan ?iv('keys')&iv('wallet')->{l('Yes');->True}l('No');->False
Output for task 185: ?iv('boy')==True{tc(45)}->False;, time: 1787684295.074022
Start executing task 185 for agent 37 on time 1787684295.0746722 with plan ?iv('boy')==True{tc(45)}->False;
Finish executing task 171 for agent 3 on time 1787684295.4243317 with plan ?s('scissors')==True{g('scissors')}->False
Finish executing task 167 for agent 32 on time 1787684295.4252992 with plan ?s('scissors')==True{g('scissors')}->False
Finish executing task 172 for agent 10 on time 1787684296.3869445 with plan ?iv('boy')==True{tc(45)}->False;
Finish executing task 176 for agent 30 on time 1787684296.9576614 with plan tc(45);
Finish executing task 183 for agent 12 on time 1787684297.007486 with plan tc(45);
Finish executing task 184 for agent 16 on time 1787684297.0571976 with plan tc(45);
Finish executing task 174 for agent 14 on time 1787684297.5942843 with plan ?s('cat')==True{g('cat')};
Finish executing task 179 for agent 11 on time 1787684298.9964247 with plan ?s('scissors')==True{g('scissors')}->False
Finish executing task 177 for agent 33 on time 1787684298.9987001 with plan ?s('scissors')==True{g('scissors')}->False
Generating request from task 186, time: 1787684299.1895723
Generating request from task 187, time: 1787684299.1900454
Generating request from task 188, time: 1787684299.1903079
Generating request from task 189, time: 1787684299.190529
Added task 186, time: 1787684299.2079713
Added task 187, time: 1787684299.2445784
Added task 188, time: 1787684299.271049
Added task 189, time: 1787684299.2958505
Output for task 187: ?iv('boy')==True{tc(45)}->False;, time: 1787684299.445942
Output for task 188: ?iv('boy')==True{tc(45)}->False;, time: 1787684299.4460428
Start executing task 187 for agent 9 on time 1787684299.4484031 with plan ?iv('boy')==True{tc(45)}->False;
Start executing task 188 for agent 19 on time 1787684299.4489086 with plan ?iv('boy')==True{tc(45)}->False;
Output for task 186: md(40);?iv('toy')==True{g('toy')}->False, time: 1787684299.473294
Start executing task 186 for agent 41 on time 1787684299.4748423 with plan md(40);?iv('toy')==True{g('toy')}->False
Output for task 189: ?iv('keys')&iv('wallet')->{l('Yes');->True}l('No');->False, time: 1787684299.5327885
Start executing task 189 for agent 6 on time 1787684299.5337517 with plan ?iv('keys')&iv('wallet')->{l('Yes');->True}l('No');->False
Finish executing task 189 for agent 6 on time 1787684299.5383222 with plan ?iv('keys')&iv('wallet')->{l('Yes');->True}l('No');->False
Finish executing task 180 for agent 17 on time 1787684299.9578595 with plan ?iv('boy')==True{tc(45)}->False;
Finish executing task 181 for agent 34 on time 1787684299.9592967 with plan ?iv('boy')==True{tc(45)}->False;
Finish executing task 185 for agent 37 on time 1787684300.0577056 with plan ?iv('boy')==True{tc(45)}->False;
Finish executing task 178 for agent 36 on time 1787684300.309333 with plan md(40);?iv('toy')==True{g('toy')}->False
Finish executing task 175 for agent 28 on time 1787684300.3098059 with plan md(40);?iv('toy')==True{g('toy')}->False
Finish executing task 187 for agent 9 on time 1787684304.4316046 with plan ?iv('boy')==True{tc(45)}->False;
Finish executing task 188 for agent 19 on time 1787684304.4321218 with plan ?iv('boy')==True{tc(45)}->False;
Finish executing task 186 for agent 41 on time 1787684304.7826288 with plan md(40);?iv('toy')==True{g('toy')}->False
Generating request from task 190, time: 1787684308.0456374
Generating request from task 191, time: 1787684308.046282
Generating request from task 192, time: 1787684308.0468879
Generating request from task 193, time: 1787684308.047204
Generating request from task 194, time: 1787684308.0474765
Generating request from task 195, time: 1787684308.047704
Added task 190, time: 1787684308.0600948
Added task 191, time: 1787684308.0929055
Added task 192, time: 1787684308.1170163
Added task 193, time: 1787684308.1380394
Added task 194, time: 1787684308.1557612
Added task 195, time: 1787684308.1721716
Generating request from task 196, time: 1787684308.203045
Generating request from task 197, time: 1787684308.2037797
Generating request from task 198, time: 1787684308.2047849
Generating request from task 199, time: 1787684308.2057781
Generating request from task 200, time: 1787684308.2068193
Added task 196, time: 1787684308.2069569
Generating request from task 201, time: 1787684308.207778
Generating request from task 202, time: 1787684308.2087562
Generating request from task 203, time: 1787684308.2097278
Generating request from task 204, time: 1787684308.2107334
Generating request from task 205, time: 1787684308.2117338
Generating request from task 206, time: 1787684308.2127576
Generating request from task 207, time: 1787684308.213731
Generating request from task 208, time: 1787684308.2147512
Added task 197, time: 1787684308.2226605
Added task 198, time: 1787684308.2382429
Added task 199, time: 1787684308.251841
Added task 200, time: 1787684308.2657814
Output for task 194: tc(45);, time: 1787684308.2658474
Output for task 195: tc(45);, time: 1787684308.2659009
Start executing task 194 for agent 23 on time 1787684308.269555 with plan tc(45);
Start executing task 195 for agent 29 on time 1787684308.2700334 with plan tc(45);
Added task 201, time: 1787684308.2819228
Added task 202, time: 1787684308.2974975
Added task 203, time: 1787684308.310953
Added task 204, time: 1787684308.3245096
Added task 205, time: 1787684308.3386621
Added task 206, time: 1787684308.3522666
Output for task 198: tc(45);, time: 1787684308.352329
Start executing task 198 for agent 22 on time 1787684308.355911 with plan tc(45);
Added task 207, time: 1787684308.3680327
Added task 208, time: 1787684308.3815215
Output for task 190: ?s('cat')==True{g('cat')};, time: 1787684308.4010847
Output for task 192: ?s('cat')==True{g('cat')};, time: 1787684308.4011607
Output for task 193: ?s('cat')==True{g('cat')};, time: 1787684308.401203
Start executing task 193 for agent 13 on time 1787684308.4049332 with plan ?s('cat')==True{g('cat')};
Start executing task 192 for agent 26 on time 1787684308.4053435 with plan ?s('cat')==True{g('cat')};
Start executing task 190 for agent 39 on time 1787684308.4055278 with plan ?s('cat')==True{g('cat')};
Output for task 196: ?s('cat')==True{g('cat')};, time: 1787684308.4560616
Output for task 197: ?s('cat')==True{g('cat')};, time: 1787684308.45614
Start executing task 196 for agent 31 on time 1787684308.459678 with plan ?s('cat')==True{g('cat')};
Start executing task 197 for agent 21 on time 1787684308.4598718 with plan ?s('cat')==True{g('cat')};
Output for task 191: ?iv('boy')==True{tc(45)}->False;, time: 1787684308.4891837
Start executing task 191 for agent 7 on time 1787684308.4928062 with plan ?iv('boy')==True{tc(45)}->False;
Output for task 203: tc(45);, time: 1787684308.5106654
Start executing task 203 for agent 8 on time 1787684308.514241 with plan tc(45);
Output for task 200: mu(40);?iv('book')==True{tp()}->False, time: 1787684308.5990355
Start executing task 200 for agent 15 on time 1787684308.6025147 with plan mu(40);?iv('book')==True{tp()}->False
Output for task 201: mu(40);?iv('book')==True{tp()}->False, time: 1787684308.6393683
Start executing task 201 for agent 24 on time 1787684308.6408021 with plan mu(40);?iv('book')==True{tp()}->False
Output for task 204: ?iv('boy')==True{tc(45)}->False;, time: 1787684308.6492846
Output for task 208: tc(45);, time: 1787684308.6493628
Start executing task 204 for agent 1 on time 1787684308.6506033 with plan ?iv('boy')==True{tc(45)}->False;
Start executing task 208 for agent 5 on time 1787684308.6510181 with plan tc(45);
Output for task 199: ?iv('keys')&iv('wallet')->{l('Yes');->True}l('No');->False, time: 1787684308.6590924
Output for task 206: ?s('scissors')==True{g('scissors')}->False, time: 1787684308.659167
Start executing task 199 for agent 20 on time 1787684308.6603708 with plan ?iv('keys')&iv('wallet')->{l('Yes');->True}l('No');->False
Start executing task 206 for agent 40 on time 1787684308.6605487 with plan ?s('scissors')==True{g('scissors')}->False
Finish executing task 199 for agent 20 on time 1787684308.6650558 with plan ?iv('keys')&iv('wallet')->{l('Yes');->True}l('No');->False
Output for task 207: ?s('scissors')==True{g('scissors')}->False, time: 1787684308.6681871
Start executing task 207 for agent 0 on time 1787684308.669092 with plan ?s('scissors')==True{g('scissors')}->False
Output for task 205: md(40);?iv('toy')==True{g('toy')}->False, time: 1787684308.6766446
Start executing task 205 for agent 27 on time 1787684308.6774302 with plan md(40);?iv('toy')==True{g('toy')}->False
Output for task 202: ?iv('keys')&iv('wallet')->{l('Yes');->True}l('No');->False, time: 1787684308.7166965
Start executing task 202 for agent 38 on time 1787684308.7173512 with plan ?iv('keys')&iv('wallet')->{l('Yes');->True}l('No');->False
Finish executing task 202 for agent 38 on time 1787684308.7219276 with plan ?iv('keys')&iv('wallet')->{l('Yes');->True}l('No');->False
Generating request from task 209, time: 1787684309.7198126
Generating request from task 210, time: 1787684309.7202172
Generating request from task 211, time: 1787684309.720481
Generating request from task 212, time: 1787684309.720984
Generating request from task 213, time: 1787684309.7219682
Generating request from task 214, time: 1787684309.722965
Generating request from task 215, time: 1787684309.7239616
Generating request from task 216, time: 1787684309.7249577
Added task 209, time: 1787684309.725914
Generating request from task 217, time: 1787684309.7259686
Generating request from task 218, time: 1787684309.7269595
Generating request from task 219, time: 1787684309.7279565
Generating request from task 220, time: 1787684309.728962
Generating request from task 221, time: 1787684309.7299635
Generating request from task 222, time: 1787684309.7309597
Added task 210, time: 1787684309.7468874
Added task 211, time: 1787684309.7651286
Added task 212, time: 1787684309.7816217
Added task 213, time: 1787684309.7973728
Added task 214, time: 1787684309.8130057
Added task 215, time: 1787684309.82857
Added task 216, time: 1787684309.8440926
Added task 217, time: 1787684309.8601415
Added task 218, time: 1787684309.8736806
Added task 219, time: 1787684309.8870044
Added task 220, time: 1787684309.900672
Added task 221, time: 1787684309.9146435
Output for task 209: tc(30);, time: 1787684309.9147062
Output for task 210: tc(45);, time: 1787684309.9147499
Output for task 212: tc(45);, time: 1787684309.914916
Output for task 214: tc(45);, time: 1787684309.914946
Output for task 216: tc(30);, time: 1787684309.9149745
Start executing task 209 for agent 35 on time 1787684309.9153395 with plan tc(30);
Start executing task 212 for agent 32 on time 1787684309.9183912 with plan tc(45);
Start executing task 216 for agent 10 on time 1787684309.9185874 with plan tc(30);
Start executing task 210 for agent 25 on time 1787684309.9191868 with plan tc(45);
Start executing task 214 for agent 18 on time 1787684309.919372 with plan tc(45);
Added task 222, time: 1787684309.931061
Output for task 218: tc(30);, time: 1787684310.0160975
Output for task 219: tc(45);, time: 1787684310.0161722
Start executing task 218 for agent 33 on time 1787684310.0197184 with plan tc(30);
Start executing task 219 for agent 11 on time 1787684310.0200996 with plan tc(45);
Output for task 213: ?s('cat')==True{g('cat')};, time: 1787684310.0564137
Start executing task 213 for agent 3 on time 1787684310.0576873 with plan ?s('cat')==True{g('cat')};
Output for task 222: tc(30);, time: 1787684310.0660462
Start executing task 222 for agent 16 on time 1787684310.067328 with plan tc(30);
Output for task 211: mu(40);?iv('book')==True{tp()}->False, time: 1787684310.0944061
Output for task 215: mu(40);?iv('book')==True{tp()}->False, time: 1787684310.09448
Output for task 221: ?s('cat')==True{g('cat')};, time: 1787684310.0945184
Start executing task 215 for agent 4 on time 1787684310.0955572 with plan mu(40);?iv('book')==True{tp()}->False
Start executing task 211 for agent 2 on time 1787684310.0959249 with plan mu(40);?iv('book')==True{tp()}->False
Start executing task 221 for agent 12 on time 1787684310.0963852 with plan ?s('cat')==True{g('cat')};
Output for task 217: ?s('scissors')==True{g('scissors')}->False, time: 1787684310.1199288
Start executing task 217 for agent 14 on time 1787684310.1208448 with plan ?s('scissors')==True{g('scissors')}->False
Output for task 220: md(40);?iv('toy')==True{g('toy')}->False, time: 1787684310.1443386
Start executing task 220 for agent 30 on time 1787684310.145229 with plan md(40);?iv('toy')==True{g('toy')}->False
Finish executing task 194 for agent 23 on time 1787684310.3798592 with plan tc(45);
Finish executing task 195 for agent 29 on time 1787684310.3812284 with plan tc(45);
Finish executing task 198 for agent 22 on time 1787684310.4670384 with plan tc(45);
Finish executing task 203 for agent 8 on time 1787684310.6253803 with plan tc(45);
Finish executing task 208 for agent 5 on time 1787684310.7621462 with plan tc(45);
Finish executing task 200 for agent 15 on time 1787684311.1070359 with plan mu(40);?iv('book')==True{tp()}->False
Finish executing task 201 for agent 24 on time 1787684311.1429043 with plan mu(40);?iv('book')==True{tp()}->False
Finish executing task 212 for agent 32 on time 1787684312.029675 with plan tc(45);
Finish executing task 210 for agent 25 on time 1787684312.0304604 with plan tc(45);
Finish executing task 214 for agent 18 on time 1787684312.0308013 with plan tc(45);
Finish executing task 219 for agent 11 on time 1787684312.1308467 with plan tc(45);
Finish executing task 209 for agent 35 on time 1787684312.5049758 with plan tc(30);
Finish executing task 216 for agent 10 on time 1787684312.5083833 with plan tc(30);
Finish executing task 215 for agent 4 on time 1787684312.599941 with plan mu(40);?iv('book')==True{tp()}->False
Finish executing task 211 for agent 2 on time 1787684312.6003904 with plan mu(40);?iv('book')==True{tp()}->False
Finish executing task 218 for agent 33 on time 1787684312.6093054 with plan tc(30);
Finish executing task 222 for agent 16 on time 1787684312.6569374 with plan tc(30);
Finish executing task 206 for agent 40 on time 1787684312.6829357 with plan ?s('scissors')==True{g('scissors')}->False
Finish executing task 207 for agent 0 on time 1787684312.6912065 with plan ?s('scissors')==True{g('scissors')}->False
Finish executing task 191 for agent 7 on time 1787684313.4759643 with plan ?iv('boy')==True{tc(45)}->False;
Finish executing task 204 for agent 1 on time 1787684313.631475 with plan ?iv('boy')==True{tc(45)}->False;
Finish executing task 205 for agent 27 on time 1787684313.9851925 with plan md(40);?iv('toy')==True{g('toy')}->False
Finish executing task 217 for agent 14 on time 1787684314.1428475 with plan ?s('scissors')==True{g('scissors')}->False
Finish executing task 193 for agent 13 on time 1787684314.5850997 with plan ?s('cat')==True{g('cat')};
Finish executing task 192 for agent 26 on time 1787684314.5866795 with plan ?s('cat')==True{g('cat')};
Finish executing task 190 for agent 39 on time 1787684314.587044 with plan ?s('cat')==True{g('cat')};
Finish executing task 196 for agent 31 on time 1787684314.640979 with plan ?s('cat')==True{g('cat')};
Finish executing task 197 for agent 21 on time 1787684314.641272 with plan ?s('cat')==True{g('cat')};
Finish executing task 220 for agent 30 on time 1787684315.452893 with plan md(40);?iv('toy')==True{g('toy')}->False
Generating request from task 223, time: 1787684315.9770455
Generating request from task 224, time: 1787684315.9775279
Generating request from task 225, time: 1787684315.9778154
Added task 223, time: 1787684315.9918218
Added task 224, time: 1787684316.0255735
Added task 225, time: 1787684316.0510724
Output for task 224: tc(30);, time: 1787684316.1039526
Start executing task 224 for agent 17 on time 1787684316.105147 with plan tc(30);
Output for task 223: ?s('scissors')==True{g('scissors')}->False, time: 1787684316.1856565
Start executing task 223 for agent 6 on time 1787684316.1865556 with plan ?s('scissors')==True{g('scissors')}->False
Output for task 225: mu(40);?iv('book')==True{tp()}->False, time: 1787684316.193999
Start executing task 225 for agent 34 on time 1787684316.194588 with plan mu(40);?iv('book')==True{tp()}->False
Finish executing task 213 for agent 3 on time 1787684316.237857 with plan ?s('cat')==True{g('cat')};
Finish executing task 221 for agent 12 on time 1787684316.2775083 with plan ?s('cat')==True{g('cat')};
Finish executing task 224 for agent 17 on time 1787684318.6948059 with plan tc(30);
Finish executing task 225 for agent 34 on time 1787684318.698994 with plan mu(40);?iv('book')==True{tp()}->False
Finish executing task 223 for agent 6 on time 1787684320.2087042 with plan ?s('scissors')==True{g('scissors')}->False
Generating request from task 226, time: 1787684321.3756938
Generating request from task 227, time: 1787684321.3762164
Added task 226, time: 1787684321.3818378
Added task 227, time: 1787684321.402609
Output for task 227: tc(45);, time: 1787684321.448728
Start executing task 227 for agent 28 on time 1787684321.449748 with plan tc(45);
Output for task 226: mu(40);?iv('book')==True{tp()}->False, time: 1787684321.5355556
Start executing task 226 for agent 37 on time 1787684321.5362887 with plan mu(40);?iv('book')==True{tp()}->False
Generating request from task 228, time: 1787684322.4887512
Generating request from task 229, time: 1787684322.4892304
Generating request from task 230, time: 1787684322.4895277
Generating request from task 231, time: 1787684322.4903085
Generating request from task 232, time: 1787684322.4913
Generating request from task 233, time: 1787684322.492296
Generating request from task 234, time: 1787684322.4932897
Generating request from task 235, time: 1787684322.494287
Generating request from task 236, time: 1787684322.4952946
Generating request from task 237, time: 1787684322.4962873
Generating request from task 238, time: 1787684322.4972997
Generating request from task 239, time: 1787684322.498287
Generating request from task 240, time: 1787684322.4992845
Generating request from task 241, time: 1787684322.5002787
Generating request from task 242, time: 1787684322.5012991
Added task 228, time: 1787684322.501584
Generating request from task 243, time: 1787684322.5022907
Added task 229, time: 1787684322.533966
Added task 230, time: 1787684322.558288
Added task 231, time: 1787684322.5790932
Added task 232, time: 1787684322.5972939
Added task 233, time: 1787684322.6136677
Added task 234, time: 1787684322.6293786
Added task 235, time: 1787684322.6448178
Added task 236, time: 1787684322.660308
Added task 237, time: 1787684322.6744938
Added task 238, time: 1787684322.6878603
Added task 239, time: 1787684322.7012122
Added task 240, time: 1787684322.715137
Output for task 228: tc(45);, time: 1787684322.715199
Start executing task 228 for agent 36 on time 1787684322.7184985 with plan tc(45);
Added task 241, time: 1787684322.7309997
Added task 242, time: 1787684322.7444923
Added task 243, time: 1787684322.7579894
Output for task 232: ?s('scissors')==True{g('scissors')}->False, time: 1787684322.8349767
Output for task 233: ?iv('boy')==True{tc(45)}->False;, time: 1787684322.8350515
Output for task 234: ?iv('boy')==True{tc(45)}->False;, time: 1787684322.8350868
Output for task 235: ?s('scissors')==True{g('scissors')}->False, time: 1787684322.8353615
Start executing task 233 for agent 38 on time 1787684322.8356965 with plan ?iv('boy')==True{tc(45)}->False;
Start executing task 232 for agent 20 on time 1787684322.8359165 with plan ?s('scissors')==True{g('scissors')}->False
Start executing task 234 for agent 15 on time 1787684322.8391147 with plan ?iv('boy')==True{tc(45)}->False;
Start executing task 235 for agent 24 on time 1787684322.8395865 with plan ?s('scissors')==True{g('scissors')}->False
Output for task 229: mu(40);?iv('book')==True{tp()}->False, time: 1787684322.8915734
Output for task 231: mu(40);?iv('book')==True{tp()}->False, time: 1787684322.8916476
Output for task 236: ?s('cat')==True{g('cat')};, time: 1787684322.8916814
Start executing task 231 for agent 41 on time 1787684322.8921964 with plan mu(40);?iv('book')==True{tp()}->False
Start executing task 229 for agent 9 on time 1787684322.8926077 with plan mu(40);?iv('book')==True{tp()}->False
Start executing task 236 for agent 40 on time 1787684322.8955448 with plan ?s('cat')==True{g('cat')};
Output for task 230: md(40);?iv('toy')==True{g('toy')}->False, time: 1787684322.9458957
Start executing task 230 for agent 19 on time 1787684322.9472368 with plan md(40);?iv('toy')==True{g('toy')}->False
Output for task 241: tc(45);, time: 1787684322.9649043
Start executing task 241 for agent 29 on time 1787684322.9662068 with plan tc(45);
Output for task 237: ?iv('boy')==True{tc(45)}->False;, time: 1787684323.0489013
Start executing task 237 for agent 0 on time 1787684323.0501816 with plan ?iv('boy')==True{tc(45)}->False;
Output for task 240: mu(40);?iv('book')==True{tp()}->False, time: 1787684323.058536
Output for task 243: ?iv('boy')==True{tc(45)}->False;, time: 1787684323.0586095
Start executing task 240 for agent 23 on time 1787684323.0597062 with plan mu(40);?iv('book')==True{tp()}->False
Start executing task 243 for agent 8 on time 1787684323.0601354 with plan ?iv('boy')==True{tc(45)}->False;
Output for task 238: md(40);?iv('toy')==True{g('toy')}->False, time: 1787684323.0763433
Output for task 239: md(40);?iv('toy')==True{g('toy')}->False, time: 1787684323.0764163
Start executing task 239 for agent 4 on time 1787684323.0774453 with plan md(40);?iv('toy')==True{g('toy')}->False
Start executing task 238 for agent 2 on time 1787684323.0778425 with plan md(40);?iv('toy')==True{g('toy')}->False
Output for task 242: md(40);?iv('toy')==True{g('toy')}->False, time: 1787684323.0849557
Start executing task 242 for agent 22 on time 1787684323.0855305 with plan md(40);?iv('toy')==True{g('toy')}->False
Generating request from task 244, time: 1787684323.1846552
Generating request from task 245, time: 1787684323.1850705
Generating request from task 246, time: 1787684323.1856506
Generating request from task 247, time: 1787684323.1866312
Generating request from task 248, time: 1787684323.1876354
Generating request from task 249, time: 1787684323.1886432
Added task 244, time: 1787684323.1888924
Generating request from task 250, time: 1787684323.1896446
Added task 245, time: 1787684323.2047718
Added task 246, time: 1787684323.2202804
Added task 247, time: 1787684323.2358396
Added task 248, time: 1787684323.251319
Added task 249, time: 1787684323.266849
Added task 250, time: 1787684323.2823424
Output for task 244: tc(30);, time: 1787684323.3321815
Output for task 247: tc(30);, time: 1787684323.3322558
Output for task 250: tc(30);, time: 1787684323.3322933
Start executing task 247 for agent 27 on time 1787684323.3336945 with plan tc(30);
Start executing task 244 for agent 5 on time 1787684323.334144 with plan tc(30);
Start executing task 250 for agent 32 on time 1787684323.3343325 with plan tc(30);
Output for task 245: ?iv('boy')==True{tc(45)}->False;, time: 1787684323.4192522
Output for task 246: ?s('scissors')==True{g('scissors')}->False, time: 1787684323.419327
Output for task 248: ?s('scissors')==True{g('scissors')}->False, time: 1787684323.419362
Output for task 249: ?s('scissors')==True{g('scissors')}->False, time: 1787684323.4193914
Start executing task 248 for agent 14 on time 1787684323.4199336 with plan ?s('scissors')==True{g('scissors')}->False
Start executing task 245 for agent 7 on time 1787684323.4204443 with plan ?iv('boy')==True{tc(45)}->False;
Start executing task 249 for agent 25 on time 1787684323.4206343 with plan ?s('scissors')==True{g('scissors')}->False
Start executing task 246 for agent 1 on time 1787684323.4212484 with plan ?s('scissors')==True{g('scissors')}->False
Finish executing task 227 for agent 28 on time 1787684323.561081 with plan tc(45);
Finish executing task 226 for agent 37 on time 1787684324.0408082 with plan mu(40);?iv('book')==True{tp()}->False
Finish executing task 228 for agent 36 on time 1787684324.8296819 with plan tc(45);
Finish executing task 241 for agent 29 on time 1787684325.0773575 with plan tc(45);
Finish executing task 231 for agent 41 on time 1787684325.3966272 with plan mu(40);?iv('book')==True{tp()}->False
Finish executing task 229 for agent 9 on time 1787684325.397015 with plan mu(40);?iv('book')==True{tp()}->False
Finish executing task 240 for agent 23 on time 1787684325.5641453 with plan mu(40);?iv('book')==True{tp()}->False
Finish executing task 244 for agent 5 on time 1787684325.9232256 with plan tc(30);
Finish executing task 247 for agent 27 on time 1787684325.9234161 with plan tc(30);
Finish executing task 250 for agent 32 on time 1787684325.9241524 with plan tc(30);
Finish executing task 232 for agent 20 on time 1787684326.8584864 with plan ?s('scissors')==True{g('scissors')}->False
Finish executing task 235 for agent 24 on time 1787684326.8618796 with plan ?s('scissors')==True{g('scissors')}->False
Finish executing task 248 for agent 14 on time 1787684327.442071 with plan ?s('scissors')==True{g('scissors')}->False
Finish executing task 249 for agent 25 on time 1787684327.4433203 with plan ?s('scissors')==True{g('scissors')}->False
Finish executing task 246 for agent 1 on time 1787684327.4436593 with plan ?s('scissors')==True{g('scissors')}->False
Finish executing task 233 for agent 38 on time 1787684327.8192239 with plan ?iv('boy')==True{tc(45)}->False;
Finish executing task 234 for agent 15 on time 1787684327.8222766 with plan ?iv('boy')==True{tc(45)}->False;
Finish executing task 237 for agent 0 on time 1787684328.0333679 with plan ?iv('boy')==True{tc(45)}->False;
Finish executing task 243 for agent 8 on time 1787684328.0432937 with plan ?iv('boy')==True{tc(45)}->False;
Finish executing task 230 for agent 19 on time 1787684328.2550097 with plan md(40);?iv('toy')==True{g('toy')}->False
Finish executing task 238 for agent 2 on time 1787684328.3820233 with plan md(40);?iv('toy')==True{g('toy')}->False
Finish executing task 239 for agent 4 on time 1787684328.384904 with plan md(40);?iv('toy')==True{g('toy')}->False
Generating request from task 251, time: 1787684328.3869026
Generating request from task 252, time: 1787684328.3873765
Generating request from task 253, time: 1787684328.3877027
Generating request from task 254, time: 1787684328.3879898
Finish executing task 242 for agent 22 on time 1787684328.3933117 with plan md(40);?iv('toy')==True{g('toy')}->False
Added task 251, time: 1787684328.3988414
Finish executing task 245 for agent 7 on time 1787684328.4038897 with plan ?iv('boy')==True{tc(45)}->False;
Added task 252, time: 1787684328.4275193
Added task 253, time: 1787684328.4498475
Added task 254, time: 1787684328.4694266
Output for task 251: tc(30);, time: 1787684328.517882
Output for task 252: tc(30);, time: 1787684328.5179603
Start executing task 251 for agent 18 on time 1787684328.5189562 with plan tc(30);
Start executing task 252 for agent 11 on time 1787684328.5193496 with plan tc(30);
Output for task 254: ?s('scissors')==True{g('scissors')}->False, time: 1787684328.5988464
Start executing task 254 for agent 10 on time 1787684328.599642 with plan ?s('scissors')==True{g('scissors')}->False
Output for task 253: md(40);?iv('toy')==True{g('toy')}->False, time: 1787684328.622792
Start executing task 253 for agent 35 on time 1787684328.6232786 with plan md(40);?iv('toy')==True{g('toy')}->False
Finish executing task 236 for agent 40 on time 1787684329.0766664 with plan ?s('cat')==True{g('cat')};
Generating request from task 255, time: 1787684329.7998862
Generating request from task 256, time: 1787684329.8002157
Generating request from task 257, time: 1787684329.8004873
Generating request from task 258, time: 1787684329.801286
Generating request from task 259, time: 1787684329.8022826
Generating request from task 260, time: 1787684329.8032787
Added task 255, time: 1787684329.8080719
Added task 256, time: 1787684329.8334644
Added task 257, time: 1787684329.854614
Added task 258, time: 1787684329.873194
Added task 259, time: 1787684329.88999
Added task 260, time: 1787684329.9058
Output for task 258: tc(30);, time: 1787684329.955076
Output for task 259: tc(30);, time: 1787684329.9551501
Start executing task 258 for agent 39 on time 1787684329.9562845 with plan tc(30);
Start executing task 259 for agent 26 on time 1787684329.9567559 with plan tc(30);
Output for task 257: ?s('cat')==True{g('cat')};, time: 1787684330.0161078
Output for task 260: ?s('cat')==True{g('cat')};, time: 1787684330.0161903
Start executing task 257 for agent 30 on time 1787684330.017141 with plan ?s('cat')==True{g('cat')};
Start executing task 260 for agent 13 on time 1787684330.0175781 with plan ?s('cat')==True{g('cat')};
Output for task 255: ?iv('boy')==True{tc(45)}->False;, time: 1787684330.0411522
Start executing task 255 for agent 33 on time 1787684330.0420332 with plan ?iv('boy')==True{tc(45)}->False;
Output for task 256: mu(40);?iv('book')==True{tp()}->False, time: 1787684330.049733
Start executing task 256 for agent 16 on time 1787684330.0502553 with plan mu(40);?iv('book')==True{tp()}->False
Finish executing task 251 for agent 18 on time 1787684331.1085384 with plan tc(30);
Finish executing task 252 for agent 11 on time 1787684331.1089873 with plan tc(30);
Generating request from task 261, time: 1787684331.2381399
Generating request from task 262, time: 1787684331.2386105
Generating request from task 263, time: 1787684331.2389104
Generating request from task 264, time: 1787684331.2394297
Generating request from task 265, time: 1787684331.2404113
Generating request from task 266, time: 1787684331.2414072
Generating request from task 267, time: 1787684331.2424145
Added task 261, time: 1787684331.2426598
Generating request from task 268, time: 1787684331.243402
Generating request from task 269, time: 1787684331.2444
Generating request from task 270, time: 1787684331.2453935
Added task 262, time: 1787684331.2588847
Added task 263, time: 1787684331.2744317
Added task 264, time: 1787684331.2908156
Added task 265, time: 1787684331.306275
Added task 266, time: 1787684331.3223991
Added task 267, time: 1787684331.3379502
Added task 268, time: 1787684331.353937
Added task 269, time: 1787684331.3693473
Added task 270, time: 1787684331.3834758
Output for task 262: tc(30);, time: 1787684331.4125752
Output for task 264: tc(30);, time: 1787684331.4126527
Start executing task 264 for agent 12 on time 1787684331.416218 with plan tc(30);
Start executing task 262 for agent 21 on time 1787684331.4166362 with plan tc(30);
Output for task 261: ?s('scissors')==True{g('scissors')}->False, time: 1787684331.5320997
Output for task 263: ?iv('boy')==True{tc(45)}->False;, time: 1787684331.532175
Start executing task 261 for agent 31 on time 1787684331.5335917 with plan ?s('scissors')==True{g('scissors')}->False
Start executing task 263 for agent 3 on time 1787684331.5340433 with plan ?iv('boy')==True{tc(45)}->False;
Output for task 267: mu(40);?iv('book')==True{tp()}->False, time: 1787684331.5422702
Output for task 269: ?s('cat')==True{g('cat')};, time: 1787684331.5423694
Start executing task 267 for agent 17 on time 1787684331.5438468 with plan mu(40);?iv('book')==True{tp()}->False
Start executing task 269 for agent 9 on time 1787684331.5440202 with plan ?s('cat')==True{g('cat')};
Output for task 265: md(40);?iv('toy')==True{g('toy')}->False, time: 1787684331.5605164
Output for task 268: md(40);?iv('toy')==True{g('toy')}->False, time: 1787684331.5605896
Start executing task 268 for agent 37 on time 1787684331.5614676 with plan md(40);?iv('toy')==True{g('toy')}->False
Start executing task 265 for agent 34 on time 1787684331.56197 with plan md(40);?iv('toy')==True{g('toy')}->False
Output for task 270: md(40);?iv('toy')==True{g('toy')}->False, time: 1787684331.5937183
Start executing task 270 for agent 41 on time 1787684331.5945597 with plan md(40);?iv('toy')==True{g('toy')}->False
Output for task 266: ?iv('keys')&iv('wallet')->{l('Yes');->True}l('No');->False, time: 1787684331.6181989
Start executing task 266 for agent 6 on time 1787684331.6187758 with plan ?iv('keys')&iv('wallet')->{l('Yes');->True}l('No');->False
Finish executing task 266 for agent 6 on time 1787684331.6232233 with plan ?iv('keys')&iv('wallet')->{l('Yes');->True}l('No');->False
Generating request from task 271, time: 1787684331.7053442
Generating request from task 272, time: 1787684331.7056746
Generating request from task 273, time: 1787684331.7066555
Added task 271, time: 1787684331.7099614
Added task 272, time: 1787684331.7258217
Added task 273, time: 1787684331.741375
Output for task 272: ?s('cat')==True{g('cat')}->False, time: 1787684331.8555446
Start executing task 272 for agent 28 on time 1787684331.8565545 with plan ?s('cat')==True{g('cat')}->False
Output for task 273: md(40);?iv('toy')==True{g('toy')}->False, time: 1787684331.8962328
Start executing task 273 for agent 20 on time 1787684331.8971193 with plan md(40);?iv('toy')==True{g('toy')}->False
Output for task 271: ?iv('keys')&iv('wallet')->{l('Yes');->True}l('No');->False, time: 1787684331.9516494
Start executing task 271 for agent 23 on time 1787684331.952099 with plan ?iv('keys')&iv('wallet')->{l('Yes');->True}l('No');->False
Finish executing task 271 for agent 23 on time 1787684331.9563599 with plan ?iv('keys')&iv('wallet')->{l('Yes');->True}l('No');->False
Finish executing task 258 for agent 39 on time 1787684332.5459528 with plan tc(30);
Finish executing task 259 for agent 26 on time 1787684332.546416 with plan tc(30);
Finish executing task 256 for agent 16 on time 1787684332.554736 with plan mu(40);?iv('book')==True{tp()}->False
Finish executing task 254 for agent 10 on time 1787684332.6216953 with plan ?s('scissors')==True{g('scissors')}->False
Finish executing task 253 for agent 35 on time 1787684333.9309235 with plan md(40);?iv('toy')==True{g('toy')}->False
Finish executing task 264 for agent 12 on time 1787684334.0058556 with plan tc(30);
Finish executing task 262 for agent 21 on time 1787684334.0061877 with plan tc(30);
Finish executing task 267 for agent 17 on time 1787684334.048477 with plan mu(40);?iv('book')==True{tp()}->False
Finish executing task 255 for agent 33 on time 1787684335.0252025 with plan ?iv('boy')==True{tc(45)}->False;
Finish executing task 261 for agent 31 on time 1787684335.55568 with plan ?s('scissors')==True{g('scissors')}->False
Finish executing task 260 for agent 13 on time 1787684336.197854 with plan ?s('cat')==True{g('cat')};
Finish executing task 257 for agent 30 on time 1787684336.1982641 with plan ?s('cat')==True{g('cat')};
Finish executing task 263 for agent 3 on time 1787684336.5171554 with plan ?iv('boy')==True{tc(45)}->False;
Finish executing task 265 for agent 34 on time 1787684336.8668213 with plan md(40);?iv('toy')==True{g('toy')}->False
Finish executing task 268 for agent 37 on time 1787684336.8692906 with plan md(40);?iv('toy')==True{g('toy')}->False
Finish executing task 270 for agent 41 on time 1787684336.9023468 with plan md(40);?iv('toy')==True{g('toy')}->False
Finish executing task 273 for agent 20 on time 1787684337.2049036 with plan md(40);?iv('toy')==True{g('toy')}->False
Finish executing task 269 for agent 9 on time 1787684337.7254567 with plan ?s('cat')==True{g('cat')};
Finish executing task 272 for agent 28 on time 1787684338.0377455 with plan ?s('cat')==True{g('cat')}->False
Generating request from task 274, time: 1787684339.3321903
Generating request from task 275, time: 1787684339.3326817
Generating request from task 276, time: 1787684339.3330162
Generating request from task 277, time: 1787684339.3332694
Generating request from task 278, time: 1787684339.3335407
Generating request from task 279, time: 1787684339.33378
Generating request from task 280, time: 1787684339.3340228
Generating request from task 281, time: 1787684339.3342607
Generating request from task 282, time: 1787684339.3344762
Generating request from task 283, time: 1787684339.334706
Generating request from task 284, time: 1787684339.3349376
Generating request from task 285, time: 1787684339.3351462
Added task 274, time: 1787684339.3465972
Added task 275, time: 1787684339.3799908
Added task 276, time: 1787684339.4060736
Added task 277, time: 1787684339.4281774
Added task 278, time: 1787684339.4480429
Added task 279, time: 1787684339.4655182
Added task 280, time: 1787684339.481464
Added task 281, time: 1787684339.4970086
Added task 282, time: 1787684339.5125494
Added task 283, time: 1787684339.5261803
Added task 284, time: 1787684339.5400167
Added task 285, time: 1787684339.553493
Output for task 275: tc(30);, time: 1787684339.563307
Output for task 279: tc(45);, time: 1787684339.5633845
Start executing task 275 for agent 36 on time 1787684339.5669413 with plan tc(30);
Start executing task 279 for agent 0 on time 1787684339.5674434 with plan tc(45);
Output for task 283: tc(30);, time: 1787684339.6255305
Start executing task 283 for agent 25 on time 1787684339.6291327 with plan tc(30);
Output for task 276: ?s('cat')==True{g('cat')};, time: 1787684339.6662016
Start executing task 276 for agent 29 on time 1787684339.6697228 with plan ?s('cat')==True{g('cat')};
Output for task 284: tc(45);, time: 1787684339.6875262
Start executing task 284 for agent 19 on time 1787684339.6889877 with plan tc(45);
Output for task 274: ?s('scissors')==True{g('scissors')}->False, time: 1787684339.7069252
Output for task 280: ?s('scissors')==True{g('scissors')}->False, time: 1787684339.707
Output for task 281: ?s('scissors')==True{g('scissors')}->False, time: 1787684339.707036
Start executing task 280 for agent 8 on time 1787684339.7082567 with plan ?s('scissors')==True{g('scissors')}->False
Start executing task 281 for agent 1 on time 1787684339.708442 with plan ?s('scissors')==True{g('scissors')}->False
Start executing task 274 for agent 24 on time 1787684339.7089608 with plan ?s('scissors')==True{g('scissors')}->False
Output for task 277: mu(40);?iv('book')==True{tp()}->False, time: 1787684339.7166128
Output for task 285: tc(30);, time: 1787684339.716685
Start executing task 277 for agent 38 on time 1787684339.7178195 with plan mu(40);?iv('book')==True{tp()}->False
Start executing task 285 for agent 2 on time 1787684339.7180526 with plan tc(30);
Output for task 282: ?s('scissors')==True{g('scissors')}->False, time: 1787684339.7418213
Start executing task 282 for agent 14 on time 1787684339.7425902 with plan ?s('scissors')==True{g('scissors')}->False
Output for task 278: ?iv('keys')&iv('wallet')->{l('Yes');->True}l('No');->False, time: 1787684339.7904723
Start executing task 278 for agent 15 on time 1787684339.7909598 with plan ?iv('keys')&iv('wallet')->{l('Yes');->True}l('No');->False
Finish executing task 278 for agent 15 on time 1787684339.795399 with plan ?iv('keys')&iv('wallet')->{l('Yes');->True}l('No');->False
Generating request from task 286, time: 1787684341.3878865
Generating request from task 287, time: 1787684341.388396
Generating request from task 288, time: 1787684341.3886876
Generating request from task 289, time: 1787684341.3896358
Generating request from task 290, time: 1787684341.3906233
Generating request from task 291, time: 1787684341.3916173
Added task 286, time: 1787684341.3925683
Generating request from task 292, time: 1787684341.3926148
Generating request from task 293, time: 1787684341.3936121
Generating request from task 294, time: 1787684341.3946078
Generating request from task 295, time: 1787684341.3956208
Generating request from task 296, time: 1787684341.396605
Generating request from task 297, time: 1787684341.3976085
Generating request from task 298, time: 1787684341.3986108
Added task 287, time: 1787684341.4095356
Added task 288, time: 1787684341.425325
Added task 289, time: 1787684341.4408817
Added task 290, time: 1787684341.4564261
Added task 291, time: 1787684341.4719198
Added task 292, time: 1787684341.4878445
Added task 293, time: 1787684341.5033212
Added task 294, time: 1787684341.5188859
Added task 295, time: 1787684341.5324657
Added task 296, time: 1787684341.5461922
Added task 297, time: 1787684341.5597394
Added task 298, time: 1787684341.5732882
Output for task 290: tc(30);, time: 1787684341.5733502
Start executing task 290 for agent 32 on time 1787684341.576924 with plan tc(30);
Output for task 294: tc(30);, time: 1787684341.6236207
Start executing task 294 for agent 23 on time 1787684341.6271615 with plan tc(30);
Finish executing task 279 for agent 0 on time 1787684341.6786432 with plan tc(45);
Output for task 287: ?s('scissors')==True{g('scissors')}->False, time: 1787684341.6923168
Output for task 288: ?s('scissors')==True{g('scissors')}->False, time: 1787684341.6923907
Start executing task 287 for agent 22 on time 1787684341.6959605 with plan ?s('scissors')==True{g('scissors')}->False
Start executing task 288 for agent 5 on time 1787684341.6964388 with plan ?s('scissors')==True{g('scissors')}->False
Output for task 286: md(40);?iv('toy')==True{g('toy')}->False, time: 1787684341.7448976
Output for task 291: md(40);?iv('toy')==True{g('toy')}->False, time: 1787684341.7449753
Output for task 292: md(40);?iv('toy')==True{g('toy')}->False, time: 1787684341.745016
Start executing task 291 for agent 7 on time 1787684341.745556 with plan md(40);?iv('toy')==True{g('toy')}->False
Start executing task 286 for agent 4 on time 1787684341.7460043 with plan md(40);?iv('toy')==True{g('toy')}->False
Start executing task 292 for agent 40 on time 1787684341.7487125 with plan md(40);?iv('toy')==True{g('toy')}->False
Output for task 296: tc(30);, time: 1787684341.7662776
Start executing task 296 for agent 10 on time 1787684341.7675061 with plan tc(30);
Output for task 295: ?s('cat')==True{g('cat')};, time: 1787684341.7758982
Start executing task 295 for agent 16 on time 1787684341.777515 with plan ?s('cat')==True{g('cat')};
Finish executing task 284 for agent 19 on time 1787684341.8001242 with plan tc(45);
Output for task 289: ?iv('keys')&iv('wallet')->{l('Yes');->True}l('No');->False, time: 1787684341.8195732
Output for task 293: ?iv('keys')&iv('wallet')->{l('Yes');->True}l('No');->False, time: 1787684341.8196456
Start executing task 289 for agent 27 on time 1787684341.8205721 with plan ?iv('keys')&iv('wallet')->{l('Yes');->True}l('No');->False
Start executing task 293 for agent 6 on time 1787684341.8210664 with plan ?iv('keys')&iv('wallet')->{l('Yes');->True}l('No');->False
Finish executing task 289 for agent 27 on time 1787684341.8251226 with plan ?iv('keys')&iv('wallet')->{l('Yes');->True}l('No');->False
Finish executing task 293 for agent 6 on time 1787684341.8255608 with plan ?iv('keys')&iv('wallet')->{l('Yes');->True}l('No');->False
Output for task 297: mu(40);?iv('book')==True{tp()}->False, time: 1787684341.8602197
Start executing task 297 for agent 18 on time 1787684341.8609948 with plan mu(40);?iv('book')==True{tp()}->False
Output for task 298: md(40);?iv('toy')==True{g('toy')}->False, time: 1787684341.899987
Start executing task 298 for agent 11 on time 1787684341.9004793 with plan md(40);?iv('toy')==True{g('toy')}->False
Finish executing task 275 for agent 36 on time 1787684342.1558459 with plan tc(30);
Finish executing task 283 for agent 25 on time 1787684342.2188535 with plan tc(30);
Finish executing task 277 for agent 38 on time 1787684342.2226326 with plan mu(40);?iv('book')==True{tp()}->False
Generating request from task 299, time: 1787684342.2634847
Generating request from task 300, time: 1787684342.263907
Generating request from task 301, time: 1787684342.2643452
Generating request from task 302, time: 1787684342.2653115
Generating request from task 303, time: 1787684342.2663023
Added task 299, time: 1787684342.2693624
Added task 300, time: 1787684342.2886019
Added task 301, time: 1787684342.305526
Finish executing task 285 for agent 2 on time 1787684342.3080945 with plan tc(30);
Added task 302, time: 1787684342.3217711
Added task 303, time: 1787684342.3372254
Output for task 300: ?s('cat')==True{g('cat')};, time: 1787684342.449093
Start executing task 300 for agent 17 on time 1787684342.4502604 with plan ?s('cat')==True{g('cat')};
Output for task 299: ?s('scissors')==True{g('scissors')}->False, time: 1787684342.4751415
Output for task 303: ?s('scissors')==True{g('scissors')}->False, time: 1787684342.4752142
Start executing task 299 for agent 35 on time 1787684342.476074 with plan ?s('scissors')==True{g('scissors')}->False
Start executing task 303 for agent 33 on time 1787684342.4764779 with plan ?s('scissors')==True{g('scissors')}->False
Output for task 301: md(40);?iv('toy')==True{g('toy')}->False, time: 1787684342.499927
Output for task 302: md(40);?iv('toy')==True{g('toy')}->False, time: 1787684342.5000002
Start executing task 301 for agent 39 on time 1787684342.5006392 with plan md(40);?iv('toy')==True{g('toy')}->False
Start executing task 302 for agent 26 on time 1787684342.5008214 with plan md(40);?iv('toy')==True{g('toy')}->False
Finish executing task 280 for agent 8 on time 1787684343.7277434 with plan ?s('scissors')==True{g('scissors')}->False
Finish executing task 281 for agent 1 on time 1787684343.7310479 with plan ?s('scissors')==True{g('scissors')}->False
Finish executing task 274 for agent 24 on time 1787684343.7314184 with plan ?s('scissors')==True{g('scissors')}->False
Finish executing task 282 for agent 14 on time 1787684343.7644598 with plan ?s('scissors')==True{g('scissors')}->False
Finish executing task 290 for agent 32 on time 1787684344.1665812 with plan tc(30);
Finish executing task 294 for agent 23 on time 1787684344.2168348 with plan tc(30);
Finish executing task 296 for agent 10 on time 1787684344.3571348 with plan tc(30);
Finish executing task 297 for agent 18 on time 1787684344.364854 with plan mu(40);?iv('book')==True{tp()}->False
Finish executing task 288 for agent 5 on time 1787684345.7157385 with plan ?s('scissors')==True{g('scissors')}->False
Finish executing task 287 for agent 22 on time 1787684345.7180698 with plan ?s('scissors')==True{g('scissors')}->False
Finish executing task 276 for agent 29 on time 1787684345.8509138 with plan ?s('cat')==True{g('cat')};
Finish executing task 303 for agent 33 on time 1787684346.495485 with plan ?s('scissors')==True{g('scissors')}->False
Finish executing task 299 for agent 35 on time 1787684346.4981089 with plan ?s('scissors')==True{g('scissors')}->False
Finish executing task 286 for agent 4 on time 1787684347.05053 with plan md(40);?iv('toy')==True{g('toy')}->False
Finish executing task 291 for agent 7 on time 1787684347.0528483 with plan md(40);?iv('toy')==True{g('toy')}->False
Finish executing task 292 for agent 40 on time 1787684347.056461 with plan md(40);?iv('toy')==True{g('toy')}->False
Generating request from task 304, time: 1787684347.0905762
Generating request from task 305, time: 1787684347.0910995
Generating request from task 306, time: 1787684347.091409
Generating request from task 307, time: 1787684347.0916657
Generating request from task 308, time: 1787684347.0919244
Generating request from task 309, time: 1787684347.092324
Generating request from task 310, time: 1787684347.092593
Generating request from task 311, time: 1787684347.0928214
Generating request from task 312, time: 1787684347.0933177
Generating request from task 313, time: 1787684347.0943096
Generating request from task 314, time: 1787684347.095303
Generating request from task 315, time: 1787684347.0963075
Generating request from task 316, time: 1787684347.097302
Added task 304, time: 1787684347.103203
Added task 305, time: 1787684347.1335423
Added task 306, time: 1787684347.156991
Added task 307, time: 1787684347.1774328
Added task 308, time: 1787684347.1957314
Finish executing task 298 for agent 11 on time 1787684347.208167 with plan md(40);?iv('toy')==True{g('toy')}->False
Added task 309, time: 1787684347.2123082
Added task 310, time: 1787684347.2279925
Added task 311, time: 1787684347.243973
Added task 312, time: 1787684347.2594347
Added task 313, time: 1787684347.2729573
Added task 314, time: 1787684347.2863352
Added task 315, time: 1787684347.3000226
Added task 316, time: 1787684347.3137302
Output for task 304: tc(45);, time: 1787684347.3138008
Output for task 305: tc(30);, time: 1787684347.3138516
Start executing task 304 for agent 31 on time 1787684347.3175495 with plan tc(45);
Start executing task 305 for agent 21 on time 1787684347.3177445 with plan tc(30);
Output for task 307: ?s('cat')==True{g('cat')};, time: 1787684347.403657
Output for task 309: ?s('cat')==True{g('cat')};, time: 1787684347.403732
Start executing task 309 for agent 37 on time 1787684347.4072123 with plan ?s('cat')==True{g('cat')};
Start executing task 307 for agent 3 on time 1787684347.4077528 with plan ?s('cat')==True{g('cat')};
Output for task 306: ?iv('boy')==True{tc(45)}->False;, time: 1787684347.455587
Output for task 311: ?iv('boy')==True{tc(45)}->False;, time: 1787684347.4556615
Start executing task 306 for agent 12 on time 1787684347.4592195 with plan ?iv('boy')==True{tc(45)}->False;
Start executing task 311 for agent 20 on time 1787684347.4596355 with plan ?iv('boy')==True{tc(45)}->False;
Output for task 310: mu(40);?iv('book')==True{tp()}->False, time: 1787684347.4769838
Start executing task 310 for agent 41 on time 1787684347.4783504 with plan mu(40);?iv('book')==True{tp()}->False
Output for task 312: ?iv('boy')==True{tc(45)}->False;, time: 1787684347.5049229
Output for task 313: ?s('scissors')==True{g('scissors')}->False, time: 1787684347.5049934
Start executing task 312 for agent 30 on time 1787684347.5061724 with plan ?iv('boy')==True{tc(45)}->False;
Start executing task 313 for agent 13 on time 1787684347.5063784 with plan ?s('scissors')==True{g('scissors')}->False
Output for task 308: ?iv('keys')&iv('wallet')->{l('Yes');->True}l('No');->False, time: 1787684347.5567052
Start executing task 308 for agent 34 on time 1787684347.5577285 with plan ?iv('keys')&iv('wallet')->{l('Yes');->True}l('No');->False
Finish executing task 308 for agent 34 on time 1787684347.562198 with plan ?iv('keys')&iv('wallet')->{l('Yes');->True}l('No');->False
Output for task 315: mu(40);?iv('book')==True{tp()}->False, time: 1787684347.5738587
Start executing task 315 for agent 28 on time 1787684347.574848 with plan mu(40);?iv('book')==True{tp()}->False
Output for task 316: mu(40);?iv('book')==True{tp()}->False, time: 1787684347.5982428
Start executing task 316 for agent 15 on time 1787684347.599015 with plan mu(40);?iv('book')==True{tp()}->False
Output for task 314: ?iv('keys')&iv('wallet')->{l('Yes');->True}l('No');->False, time: 1787684347.6455095
Start executing task 314 for agent 9 on time 1787684347.6460407 with plan ?iv('keys')&iv('wallet')->{l('Yes');->True}l('No');->False
Finish executing task 314 for agent 9 on time 1787684347.6506064 with plan ?iv('keys')&iv('wallet')->{l('Yes');->True}l('No');->False
Finish executing task 302 for agent 26 on time 1787684347.8073943 with plan md(40);?iv('toy')==True{g('toy')}->False
Finish executing task 301 for agent 39 on time 1787684347.8086033 with plan md(40);?iv('toy')==True{g('toy')}->False
Finish executing task 295 for agent 16 on time 1787684347.958866 with plan ?s('cat')==True{g('cat')};
Finish executing task 300 for agent 17 on time 1787684348.631409 with plan ?s('cat')==True{g('cat')};
Finish executing task 304 for agent 31 on time 1787684349.4288793 with plan tc(45);
Finish executing task 305 for agent 21 on time 1787684349.9076438 with plan tc(30);
Finish executing task 310 for agent 41 on time 1787684349.9828408 with plan mu(40);?iv('book')==True{tp()}->False
Finish executing task 315 for agent 28 on time 1787684350.0793533 with plan mu(40);?iv('book')==True{tp()}->False
Finish executing task 316 for agent 15 on time 1787684350.1034493 with plan mu(40);?iv('book')==True{tp()}->False
Generating request from task 317, time: 1787684350.8496082
Generating request from task 318, time: 1787684350.85011
Generating request from task 319, time: 1787684350.850425
Generating request from task 320, time: 1787684350.8511834
Generating request from task 321, time: 1787684350.8521595
Generating request from task 322, time: 1787684350.853155
Generating request from task 323, time: 1787684350.8541641
Added task 317, time: 1787684350.861588
Added task 318, time: 1787684350.8907125
Added task 319, time: 1787684350.9132261
Added task 320, time: 1787684350.9329267
Added task 321, time: 1787684350.9503274
Added task 322, time: 1787684350.966392
Added task 323, time: 1787684350.9820511
Output for task 322: tc(45);, time: 1787684351.0322015
Start executing task 322 for agent 1 on time 1787684351.0336535 with plan tc(45);
Output for task 320: ?s('scissors')==True{g('scissors')}->False, time: 1787684351.125592
Output for task 321: ?s('scissors')==True{g('scissors')}->False, time: 1787684351.125666
Output for task 323: ?iv('boy')==True{tc(45)}->False;, time: 1787684351.1257033
Start executing task 320 for agent 24 on time 1787684351.1272638 with plan ?s('scissors')==True{g('scissors')}->False
Start executing task 321 for agent 8 on time 1787684351.127699 with plan ?s('scissors')==True{g('scissors')}->False
Start executing task 323 for agent 14 on time 1787684351.1278906 with plan ?iv('boy')==True{tc(45)}->False;
Output for task 317: mu(40);?iv('book')==True{tp()}->False, time: 1787684351.1351373
Output for task 318: mu(40);?iv('book')==True{tp()}->False, time: 1787684351.1352103
Start executing task 317 for agent 27 on time 1787684351.136054 with plan mu(40);?iv('book')==True{tp()}->False
Start executing task 318 for agent 6 on time 1787684351.136496 with plan mu(40);?iv('book')==True{tp()}->False
Output for task 319: ?iv('keys')&iv('wallet')->{l('Yes');->True}l('No');->False, time: 1787684351.2074552
Start executing task 319 for agent 38 on time 1787684351.2081409 with plan ?iv('keys')&iv('wallet')->{l('Yes');->True}l('No');->False
Finish executing task 319 for agent 38 on time 1787684351.2127123 with plan ?iv('keys')&iv('wallet')->{l('Yes');->True}l('No');->False
Finish executing task 313 for agent 13 on time 1787684351.5288405 with plan ?s('scissors')==True{g('scissors')}->False
Finish executing task 306 for agent 12 on time 1787684352.4423275 with plan ?iv('boy')==True{tc(45)}->False;
Finish executing task 311 for agent 20 on time 1787684352.4428174 with plan ?iv('boy')==True{tc(45)}->False;
Finish executing task 312 for agent 30 on time 1787684352.4895227 with plan ?iv('boy')==True{tc(45)}->False;
Finish executing task 322 for agent 1 on time 1787684353.1429002 with plan tc(45);
Finish executing task 307 for agent 3 on time 1787684353.584474 with plan ?s('cat')==True{g('cat')};
Finish executing task 309 for agent 37 on time 1787684353.5883927 with plan ?s('cat')==True{g('cat')};
Finish executing task 317 for agent 27 on time 1787684353.6405084 with plan mu(40);?iv('book')==True{tp()}->False
Finish executing task 318 for agent 6 on time 1787684353.6410165 with plan mu(40);?iv('book')==True{tp()}->False
Finish executing task 320 for agent 24 on time 1787684355.1493282 with plan ?s('scissors')==True{g('scissors')}->False
Finish executing task 321 for agent 8 on time 1787684355.1499925 with plan ?s('scissors')==True{g('scissors')}->False
Finish executing task 323 for agent 14 on time 1787684356.111395 with plan ?iv('boy')==True{tc(45)}->False;
Generating request from task 324, time: 1787684356.671728
Generating request from task 325, time: 1787684356.6722581
Generating request from task 326, time: 1787684356.6725726
Generating request from task 327, time: 1787684356.6728363
Generating request from task 328, time: 1787684356.6730764
Generating request from task 329, time: 1787684356.6733153
Generating request from task 330, time: 1787684356.6735506
Generating request from task 331, time: 1787684356.6737733
Generating request from task 332, time: 1787684356.6740005
Generating request from task 333, time: 1787684356.6745064
Generating request from task 334, time: 1787684356.6754982
Generating request from task 335, time: 1787684356.6765106
Generating request from task 336, time: 1787684356.677519
Generating request from task 337, time: 1787684356.6785035
Added task 324, time: 1787684356.6805272
Added task 325, time: 1787684356.7063503
Added task 326, time: 1787684356.726801
Added task 327, time: 1787684356.7448938
Added task 328, time: 1787684356.7612903
Added task 329, time: 1787684356.7768862
Added task 330, time: 1787684356.792442
Added task 331, time: 1787684356.807984
Added task 332, time: 1787684356.8235512
Added task 333, time: 1787684356.8376937
Added task 334, time: 1787684356.851133
Added task 335, time: 1787684356.86475
Added task 336, time: 1787684356.878729
Output for task 326: tc(30);, time: 1787684356.8787923
Output for task 327: tc(30);, time: 1787684356.8788457
Output for task 329: tc(30);, time: 1787684356.8788788
Output for task 330: tc(30);, time: 1787684356.8789077
Start executing task 327 for agent 25 on time 1787684356.8828356 with plan tc(30);
Start executing task 326 for agent 36 on time 1787684356.8833296 with plan tc(30);
Start executing task 330 for agent 22 on time 1787684356.883792 with plan tc(30);
Start executing task 329 for agent 18 on time 1787684356.8840148 with plan tc(30);
Added task 337, time: 1787684356.8953915
Output for task 332: tc(45);, time: 1787684356.9688385
Output for task 335: tc(45);, time: 1787684356.9689128
Start executing task 332 for agent 32 on time 1787684356.9723537 with plan tc(45);
Start executing task 335 for agent 35 on time 1787684356.9727085 with plan tc(45);
Output for task 325: ?s('cat')==True{g('cat')};, time: 1787684357.0210483
Output for task 328: ?s('cat')==True{g('cat')};, time: 1787684357.0211234
Start executing task 325 for agent 19 on time 1787684357.022368 with plan ?s('cat')==True{g('cat')};
Start executing task 328 for agent 2 on time 1787684357.0228462 with plan ?s('cat')==True{g('cat')};
Output for task 324: ?iv('boy')==True{tc(45)}->False;, time: 1787684357.0497372
Output for task 331: ?s('scissors')==True{g('scissors')}->False, time: 1787684357.0498114
Start executing task 324 for agent 0 on time 1787684357.0510178 with plan ?iv('boy')==True{tc(45)}->False;
Start executing task 331 for agent 5 on time 1787684357.0514634 with plan ?s('scissors')==True{g('scissors')}->False
Output for task 336: ?iv('boy')==True{tc(45)}->False;, time: 1787684357.119629
Start executing task 336 for agent 33 on time 1787684357.1207614 with plan ?iv('boy')==True{tc(45)}->False;
Output for task 337: md(40);?iv('toy')==True{g('toy')}->False, time: 1787684357.145672
Start executing task 337 for agent 4 on time 1787684357.1465886 with plan md(40);?iv('toy')==True{g('toy')}->False
Output for task 333: ?iv('keys')&iv('wallet')->{l('Yes');->True}l('No');->False, time: 1787684357.1705658
Output for task 334: ?iv('keys')&iv('wallet')->{l('Yes');->True}l('No');->False, time: 1787684357.1706426
Start executing task 333 for agent 23 on time 1787684357.1713073 with plan ?iv('keys')&iv('wallet')->{l('Yes');->True}l('No');->False
Start executing task 334 for agent 10 on time 1787684357.1717806 with plan ?iv('keys')&iv('wallet')->{l('Yes');->True}l('No');->False
Finish executing task 333 for agent 23 on time 1787684357.1758416 with plan ?iv('keys')&iv('wallet')->{l('Yes');->True}l('No');->False
Finish executing task 334 for agent 10 on time 1787684357.1763206 with plan ?iv('keys')&iv('wallet')->{l('Yes');->True}l('No');->False
Finish executing task 332 for agent 32 on time 1787684359.0834296 with plan tc(45);
Finish executing task 335 for agent 35 on time 1787684359.0839005 with plan tc(45);
Finish executing task 327 for agent 25 on time 1787684359.4725244 with plan tc(30);
Finish executing task 326 for agent 36 on time 1787684359.472992 with plan tc(30);
Finish executing task 330 for agent 22 on time 1787684359.473629 with plan tc(30);
Finish executing task 329 for agent 18 on time 1787684359.4739673 with plan tc(30);
Finish executing task 331 for agent 5 on time 1787684361.0735784 with plan ?s('scissors')==True{g('scissors')}->False
Finish executing task 324 for agent 0 on time 1787684362.0341575 with plan ?iv('boy')==True{tc(45)}->False;
Finish executing task 336 for agent 33 on time 1787684362.1039124 with plan ?iv('boy')==True{tc(45)}->False;
Finish executing task 337 for agent 4 on time 1787684362.454325 with plan md(40);?iv('toy')==True{g('toy')}->False
Finish executing task 325 for agent 19 on time 1787684363.1998782 with plan ?s('cat')==True{g('cat')};
Finish executing task 328 for agent 2 on time 1787684363.2038527 with plan ?s('cat')==True{g('cat')};
Generating request from task 338, time: 1787684371.4160414
Generating request from task 339, time: 1787684371.4165304
Generating request from task 340, time: 1787684371.41688
Generating request from task 341, time: 1787684371.417145
Generating request from task 342, time: 1787684371.417376
Generating request from task 343, time: 1787684371.417608
Generating request from task 344, time: 1787684371.417836
Added task 338, time: 1787684371.4289238
Added task 339, time: 1787684371.4606137
Added task 340, time: 1787684371.4845014
Added task 341, time: 1787684371.505236
Added task 342, time: 1787684371.5234213
Added task 343, time: 1787684371.5399337
Added task 344, time: 1787684371.555692
Output for task 339: tc(30);, time: 1787684371.6052175
Output for task 342: tc(45);, time: 1787684371.6052947
Start executing task 339 for agent 40 on time 1787684371.6066754 with plan tc(30);
Start executing task 342 for agent 34 on time 1787684371.607186 with plan tc(45);
Output for task 343: ?s('cat')==True{g('cat')};, time: 1787684371.669524
Start executing task 343 for agent 9 on time 1787684371.6707215 with plan ?s('cat')==True{g('cat')};
Output for task 340: ?iv('boy')==True{tc(45)}->False;, time: 1787684371.6956959
Output for task 341: ?s('scissors')==True{g('scissors')}->False, time: 1787684371.695768
Start executing task 340 for agent 11 on time 1787684371.6967745 with plan ?iv('boy')==True{tc(45)}->False;
Start executing task 341 for agent 29 on time 1787684371.6971834 with plan ?s('scissors')==True{g('scissors')}->False
Output for task 338: mu(40);?iv('book')==True{tp()}->False, time: 1787684371.704551
Output for task 344: mu(40);?iv('book')==True{tp()}->False, time: 1787684371.7046213
Start executing task 338 for agent 7 on time 1787684371.7052383 with plan mu(40);?iv('book')==True{tp()}->False
Start executing task 344 for agent 39 on time 1787684371.7054079 with plan mu(40);?iv('book')==True{tp()}->False
Finish executing task 342 for agent 34 on time 1787684373.7183957 with plan tc(45);
Finish executing task 339 for agent 40 on time 1787684374.1963844 with plan tc(30);
Finish executing task 338 for agent 7 on time 1787684374.209797 with plan mu(40);?iv('book')==True{tp()}->False
Finish executing task 344 for agent 39 on time 1787684374.2100396 with plan mu(40);?iv('book')==True{tp()}->False
Finish executing task 341 for agent 29 on time 1787684375.7193549 with plan ?s('scissors')==True{g('scissors')}->False
Finish executing task 340 for agent 11 on time 1787684376.6798809 with plan ?iv('boy')==True{tc(45)}->False;
Generating request from task 345, time: 1787684377.557149
Generating request from task 346, time: 1787684377.5577457
Generating request from task 347, time: 1787684377.558114
Generating request from task 348, time: 1787684377.5584445
Generating request from task 349, time: 1787684377.5586975
Generating request from task 350, time: 1787684377.5589538
Generating request from task 351, time: 1787684377.5591881
Generating request from task 352, time: 1787684377.5594175
Generating request from task 353, time: 1787684377.5596352
Generating request from task 354, time: 1787684377.559858
Generating request from task 355, time: 1787684377.5605776
Generating request from task 356, time: 1787684377.561576
Generating request from task 357, time: 1787684377.562575
Added task 345, time: 1787684377.5716655
Added task 346, time: 1787684377.6049907
Added task 347, time: 1787684377.6300547
Added task 348, time: 1787684377.6515887
Added task 349, time: 1787684377.670453
Added task 350, time: 1787684377.6873045
Added task 351, time: 1787684377.7031243
Added task 352, time: 1787684377.7186158
Added task 353, time: 1787684377.7341352
Added task 354, time: 1787684377.748194
Added task 355, time: 1787684377.761676
Added task 356, time: 1787684377.775197
Added task 357, time: 1787684377.7893057
Output for task 348: tc(30);, time: 1787684377.7893682
Start executing task 348 for agent 41 on time 1787684377.7928884 with plan tc(30);
Finish executing task 343 for agent 9 on time 1787684377.851893 with plan ?s('cat')==True{g('cat')};
Output for task 345: ?iv('boy')==True{tc(45)}->False;, time: 1787684377.8961368
Output for task 346: ?iv('boy')==True{tc(45)}->False;, time: 1787684377.8962147
Output for task 347: ?iv('boy')==True{tc(45)}->False;, time: 1787684377.8963797
Output for task 350: ?iv('boy')==True{tc(45)}->False;, time: 1787684377.8964126
Output for task 351: ?iv('boy')==True{tc(45)}->False;, time: 1787684377.89644
Start executing task 345 for agent 26 on time 1787684377.8968074 with plan ?iv('boy')==True{tc(45)}->False;
Start executing task 346 for agent 16 on time 1787684377.900155 with plan ?iv('boy')==True{tc(45)}->False;
Start executing task 351 for agent 38 on time 1787684377.900648 with plan ?iv('boy')==True{tc(45)}->False;
Start executing task 347 for agent 17 on time 1787684377.9008346 with plan ?iv('boy')==True{tc(45)}->False;
Start executing task 350 for agent 15 on time 1787684377.9013655 with plan ?iv('boy')==True{tc(45)}->False;
Output for task 349: mu(40);?iv('book')==True{tp()}->False, time: 1787684377.9527962
Output for task 353: ?s('cat')==True{g('cat')};, time: 1787684377.9528778
Start executing task 349 for agent 28 on time 1787684377.954165 with plan mu(40);?iv('book')==True{tp()}->False
Start executing task 353 for agent 31 on time 1787684377.9546523 with plan ?s('cat')==True{g('cat')};
Output for task 352: ?iv('keys')&iv('wallet')->{l('Yes');->True}l('No');->False, time: 1787684378.0363657
Start executing task 352 for agent 13 on time 1787684378.037494 with plan ?iv('keys')&iv('wallet')->{l('Yes');->True}l('No');->False
Finish executing task 352 for agent 13 on time 1787684378.0420997 with plan ?iv('keys')&iv('wallet')->{l('Yes');->True}l('No');->False
Output for task 355: ?iv('boy')==True{tc(45)}->False;, time: 1787684378.0713663
Output for task 357: ?iv('boy')==True{tc(45)}->False;, time: 1787684378.0714378
Start executing task 355 for agent 12 on time 1787684378.0723536 with plan ?iv('boy')==True{tc(45)}->False;
Start executing task 357 for agent 30 on time 1787684378.0728474 with plan ?iv('boy')==True{tc(45)}->False;
Output for task 354: mu(40);?iv('book')==True{tp()}->False, time: 1787684378.0801039
Start executing task 354 for agent 21 on time 1787684378.0809858 with plan mu(40);?iv('book')==True{tp()}->False
Output for task 356: ?iv('keys')&iv('wallet')->{l('Yes');->True}l('No');->False, time: 1787684378.1522155
Start executing task 356 for agent 20 on time 1787684378.1528435 with plan ?iv('keys')&iv('wallet')->{l('Yes');->True}l('No');->False
Finish executing task 356 for agent 20 on time 1787684378.1573687 with plan ?iv('keys')&iv('wallet')->{l('Yes');->True}l('No');->False
Finish executing task 348 for agent 41 on time 1787684380.382622 with plan tc(30);
Finish executing task 349 for agent 28 on time 1787684380.458672 with plan mu(40);?iv('book')==True{tp()}->False
Finish executing task 354 for agent 21 on time 1787684380.5854986 with plan mu(40);?iv('book')==True{tp()}->False
Generating request from task 358, time: 1787684381.7638016
Generating request from task 359, time: 1787684381.764338
Generating request from task 360, time: 1787684381.764634
Generating request from task 361, time: 1787684381.764887
Generating request from task 362, time: 1787684381.7651246
Generating request from task 363, time: 1787684381.7653522
Generating request from task 364, time: 1787684381.7655838
Generating request from task 365, time: 1787684381.766202
Generating request from task 366, time: 1787684381.767199
Generating request from task 367, time: 1787684381.7681975
Generating request from task 368, time: 1787684381.769194
Generating request from task 369, time: 1787684381.770195
Added task 358, time: 1787684381.7748554
Added task 359, time: 1787684381.802822
Added task 360, time: 1787684381.8251417
Added task 361, time: 1787684381.8446324
Added task 362, time: 1787684381.861898
Added task 363, time: 1787684381.8779356
Added task 364, time: 1787684381.893585
Added task 365, time: 1787684381.9090896
Added task 366, time: 1787684381.9245896
Added task 367, time: 1787684381.9387395
Added task 368, time: 1787684381.9521244
Added task 369, time: 1787684381.9655902
Output for task 362: tc(30);, time: 1787684381.9760695
Output for task 363: tc(45);, time: 1787684381.9761455
Start executing task 362 for agent 24 on time 1787684381.9798365 with plan tc(30);
Start executing task 363 for agent 8 on time 1787684381.9803295 with plan tc(45);
Output for task 366: tc(30);, time: 1787684382.037924
Start executing task 366 for agent 23 on time 1787684382.041541 with plan tc(30);
Output for task 360: ?s('cat')==True{g('cat')};, time: 1787684382.0781007
Start executing task 360 for agent 3 on time 1787684382.081467 with plan ?s('cat')==True{g('cat')};
Output for task 358: ?iv('boy')==True{tc(45)}->False;, time: 1787684382.118593
Output for task 359: ?iv('boy')==True{tc(45)}->False;, time: 1787684382.1186662
Output for task 364: ?iv('boy')==True{tc(45)}->False;, time: 1787684382.1187031
Start executing task 359 for agent 6 on time 1787684382.1200666 with plan ?iv('boy')==True{tc(45)}->False;
Start executing task 358 for agent 27 on time 1787684382.120585 with plan ?iv('boy')==True{tc(45)}->False;
Start executing task 364 for agent 1 on time 1787684382.120776 with plan ?iv('boy')==True{tc(45)}->False;
Output for task 361: mu(40);?iv('book')==True{tp()}->False, time: 1787684382.128653
Output for task 365: mu(40);?iv('book')==True{tp()}->False, time: 1787684382.1287243
Start executing task 361 for agent 37 on time 1787684382.1296988 with plan mu(40);?iv('book')==True{tp()}->False
Start executing task 365 for agent 14 on time 1787684382.1301537 with plan mu(40);?iv('book')==True{tp()}->False
Output for task 367: ?iv('boy')==True{tc(45)}->False;, time: 1787684382.1548932
Start executing task 367 for agent 10 on time 1787684382.1558132 with plan ?iv('boy')==True{tc(45)}->False;
Output for task 368: md(40);?iv('toy')==True{g('toy')}->False, time: 1787684382.2123623
Start executing task 368 for agent 5 on time 1787684382.2131531 with plan md(40);?iv('toy')==True{g('toy')}->False
Output for task 369: mu(40);?iv('book')==True{tp()}->False, time: 1787684382.220741
Start executing task 369 for agent 32 on time 1787684382.221226 with plan mu(40);?iv('book')==True{tp()}->False
Finish executing task 346 for agent 16 on time 1787684382.8787177 with plan ?iv('boy')==True{tc(45)}->False;
Finish executing task 345 for agent 26 on time 1787684382.8800712 with plan ?iv('boy')==True{tc(45)}->False;
Finish executing task 347 for agent 17 on time 1787684382.8814437 with plan ?iv('boy')==True{tc(45)}->False;
Finish executing task 351 for agent 38 on time 1787684382.8840067 with plan ?iv('boy')==True{tc(45)}->False;
Finish executing task 350 for agent 15 on time 1787684382.8848863 with plan ?iv('boy')==True{tc(45)}->False;
Finish executing task 355 for agent 12 on time 1787684383.0554316 with plan ?iv('boy')==True{tc(45)}->False;
Finish executing task 357 for agent 30 on time 1787684383.0560348 with plan ?iv('boy')==True{tc(45)}->False;
Finish executing task 363 for agent 8 on time 1787684384.0908608 with plan tc(45);
Finish executing task 353 for agent 31 on time 1787684384.1327958 with plan ?s('cat')==True{g('cat')};
Generating request from task 370, time: 1787684384.3230312
Generating request from task 371, time: 1787684384.3234875
Generating request from task 372, time: 1787684384.3237896
Generating request from task 373, time: 1787684384.32409
Generating request from task 374, time: 1787684384.3243222
Generating request from task 375, time: 1787684384.3250654
Generating request from task 376, time: 1787684384.3260605
Generating request from task 377, time: 1787684384.3270533
Generating request from task 378, time: 1787684384.3280535
Generating request from task 379, time: 1787684384.3290637
Generating request from task 380, time: 1787684384.3300593
Generating request from task 381, time: 1787684384.331052
Added task 370, time: 1787684384.3317094
Generating request from task 382, time: 1787684384.332064
Generating request from task 383, time: 1787684384.3330667
Generating request from task 384, time: 1787684384.334063
Generating request from task 385, time: 1787684384.3350742
Added task 371, time: 1787684384.3611376
Added task 372, time: 1787684384.3835886
Added task 373, time: 1787684384.403054
Added task 374, time: 1787684384.4204564
Added task 375, time: 1787684384.4365466
Added task 376, time: 1787684384.4520414
Added task 377, time: 1787684384.467337
Added task 378, time: 1787684384.4828553
Added task 379, time: 1787684384.4967387
Added task 380, time: 1787684384.510284
Added task 381, time: 1787684384.5237424
Added task 382, time: 1787684384.5377588
Output for task 372: tc(30);, time: 1787684384.5378208
Output for task 373: tc(45);, time: 1787684384.5378706
Start executing task 372 for agent 25 on time 1787684384.5414643 with plan tc(30);
Start executing task 373 for agent 18 on time 1787684384.5419714 with plan tc(45);
Added task 383, time: 1787684384.5538535
Added task 384, time: 1787684384.5694344
Finish executing task 362 for agent 24 on time 1787684384.569526 with plan tc(30);
Added task 385, time: 1787684384.583018
Output for task 378: tc(45);, time: 1787684384.6123672
Start executing task 378 for agent 19 on time 1787684384.6157892 with plan tc(45);
Finish executing task 366 for agent 23 on time 1787684384.630843 with plan tc(30);
Finish executing task 365 for agent 14 on time 1787684384.6338358 with plan mu(40);?iv('book')==True{tp()}->False
Finish executing task 361 for agent 37 on time 1787684384.6341603 with plan mu(40);?iv('book')==True{tp()}->False
Output for task 376: ?s('cat')==True{g('cat')};, time: 1787684384.652754
Start executing task 376 for agent 33 on time 1787684384.6564422 with plan ?s('cat')==True{g('cat')};
Output for task 380: tc(30);, time: 1787684384.6740613
Start executing task 380 for agent 7 on time 1787684384.6776602 with plan tc(30);
Output for task 370: ?iv('boy')==True{tc(45)}->False;, time: 1787684384.705102
Output for task 377: ?s('scissors')==True{g('scissors')}->False, time: 1787684384.7051742
Start executing task 370 for agent 35 on time 1787684384.7088711 with plan ?iv('boy')==True{tc(45)}->False;
Start executing task 377 for agent 4 on time 1787684384.7090533 with plan ?s('scissors')==True{g('scissors')}->False
Finish executing task 369 for agent 32 on time 1787684384.7256858 with plan mu(40);?iv('book')==True{tp()}->False
Output for task 375: mu(40);?iv('book')==True{tp()}->False, time: 1787684384.7382524
Start executing task 375 for agent 0 on time 1787684384.741711 with plan mu(40);?iv('book')==True{tp()}->False
Output for task 382: tc(45);, time: 1787684384.7594984
Start executing task 382 for agent 29 on time 1787684384.7609978 with plan tc(45);
Output for task 374: md(40);?iv('toy')==True{g('toy')}->False, time: 1787684384.7696583
Start executing task 374 for agent 22 on time 1787684384.7710464 with plan md(40);?iv('toy')==True{g('toy')}->False
Output for task 384: tc(45);, time: 1787684384.779416
Start executing task 384 for agent 40 on time 1787684384.7807016 with plan tc(45);
Output for task 385: tc(30);, time: 1787684384.7890744
Start executing task 385 for agent 11 on time 1787684384.7901917 with plan tc(30);
Output for task 379: md(40);?iv('toy')==True{g('toy')}->False, time: 1787684384.8068447
Start executing task 379 for agent 2 on time 1787684384.8079255 with plan md(40);?iv('toy')==True{g('toy')}->False
Output for task 371: ?iv('keys')&iv('wallet')->{l('Yes');->True}l('No');->False, time: 1787684384.8330073
Start executing task 371 for agent 36 on time 1787684384.834059 with plan ?iv('keys')&iv('wallet')->{l('Yes');->True}l('No');->False
Finish executing task 371 for agent 36 on time 1787684384.838663 with plan ?iv('keys')&iv('wallet')->{l('Yes');->True}l('No');->False
Output for task 381: md(40);?iv('toy')==True{g('toy')}->False, time: 1787684384.8659344
Output for task 383: ?iv('boy')==True{tc(45)}->False;, time: 1787684384.8660066
Start executing task 381 for agent 39 on time 1787684384.8667192 with plan md(40);?iv('toy')==True{g('toy')}->False
Start executing task 383 for agent 34 on time 1787684384.8671935 with plan ?iv('boy')==True{tc(45)}->False;
Generating request from task 386, time: 1787684386.403455
Generating request from task 387, time: 1787684386.403969
Generating request from task 388, time: 1787684386.4042573
Generating request from task 389, time: 1787684386.4045172
Generating request from task 390, time: 1787684386.4051256
Generating request from task 391, time: 1787684386.4061196
Generating request from task 392, time: 1787684386.4071178
Generating request from task 393, time: 1787684386.408106
Generating request from task 394, time: 1787684386.409114
Generating request from task 395, time: 1787684386.4101048
Generating request from task 396, time: 1787684386.4111047
Generating request from task 397, time: 1787684386.4121156
Generating request from task 398, time: 1787684386.4131072
Generating request from task 399, time: 1787684386.414102
Added task 386, time: 1787684386.4150221
Generating request from task 400, time: 1787684386.4151163
Added task 387, time: 1787684386.443661
Added task 388, time: 1787684386.4660764
Added task 389, time: 1787684386.4861856
Added task 390, time: 1787684386.5034478
Added task 391, time: 1787684386.5194266
Added task 392, time: 1787684386.5349228
Added task 393, time: 1787684386.5503771
Added task 394, time: 1787684386.5659158
Added task 395, time: 1787684386.5794454
Added task 396, time: 1787684386.5932035
Added task 397, time: 1787684386.6067092
Added task 398, time: 1787684386.6200633
Added task 399, time: 1787684386.633658
Added task 400, time: 1787684386.6470766
Finish executing task 373 for agent 18 on time 1787684386.652285 with plan tc(45);
Output for task 391: ?s('cat')==True{g('cat')};, time: 1787684386.6945329
Start executing task 391 for agent 41 on time 1787684386.6980884 with plan ?s('cat')==True{g('cat')};
Finish executing task 378 for agent 19 on time 1787684386.7256534 with plan tc(45);
Output for task 388: ?iv('boy')==True{tc(45)}->False;, time: 1787684386.734631
Start executing task 388 for agent 9 on time 1787684386.7381659 with plan ?iv('boy')==True{tc(45)}->False;
Output for task 387: mu(40);?iv('book')==True{tp()}->False, time: 1787684386.7559307
Output for task 392: mu(40);?iv('book')==True{tp()}->False, time: 1787684386.7560036
Start executing task 387 for agent 20 on time 1787684386.759563 with plan mu(40);?iv('book')==True{tp()}->False
Start executing task 392 for agent 26 on time 1787684386.7597353 with plan mu(40);?iv('book')==True{tp()}->False
Output for task 386: ?iv('keys')&iv('wallet')->{l('Yes');->True}l('No');->False, time: 1787684386.864247
Output for task 389: ?iv('keys')&iv('wallet')->{l('Yes');->True}l('No');->False, time: 1787684386.8643222
Output for task 390: ?iv('keys')&iv('wallet')->{l('Yes');->True}l('No');->False, time: 1787684386.8643587
Output for task 393: ?iv('keys')&iv('wallet')->{l('Yes');->True}l('No');->False, time: 1787684386.8643997
Start executing task 390 for agent 21 on time 1787684386.8649046 with plan ?iv('keys')&iv('wallet')->{l('Yes');->True}l('No');->False
Start executing task 386 for agent 13 on time 1787684386.865383 with plan ?iv('keys')&iv('wallet')->{l('Yes');->True}l('No');->False
Start executing task 389 for agent 28 on time 1787684386.8658545 with plan ?iv('keys')&iv('wallet')->{l('Yes');->True}l('No');->False
Start executing task 393 for agent 16 on time 1787684386.8683603 with plan ?iv('keys')&iv('wallet')->{l('Yes');->True}l('No');->False
Finish executing task 390 for agent 21 on time 1787684386.8694403 with plan ?iv('keys')&iv('wallet')->{l('Yes');->True}l('No');->False
Finish executing task 386 for agent 13 on time 1787684386.869911 with plan ?iv('keys')&iv('wallet')->{l('Yes');->True}l('No');->False
Finish executing task 389 for agent 28 on time 1787684386.8704364 with plan ?iv('keys')&iv('wallet')->{l('Yes');->True}l('No');->False
Finish executing task 382 for agent 29 on time 1787684386.872098 with plan tc(45);
Finish executing task 393 for agent 16 on time 1787684386.8729494 with plan ?iv('keys')&iv('wallet')->{l('Yes');->True}l('No');->False
Finish executing task 384 for agent 40 on time 1787684386.891754 with plan tc(45);
Output for task 394: ?s('scissors')==True{g('scissors')}->False, time: 1787684386.9085298
Start executing task 394 for agent 17 on time 1787684386.909824 with plan ?s('scissors')==True{g('scissors')}->False
Output for task 397: mu(40);?iv('book')==True{tp()}->False, time: 1787684386.9546876
Start executing task 397 for agent 12 on time 1787684386.9560695 with plan mu(40);?iv('book')==True{tp()}->False
Output for task 395: md(40);?iv('toy')==True{g('toy')}->False, time: 1787684386.9641538
Start executing task 395 for agent 15 on time 1787684386.9652445 with plan md(40);?iv('toy')==True{g('toy')}->False
Output for task 396: md(40);?iv('toy')==True{g('toy')}->False, time: 1787684386.9731524
Start executing task 396 for agent 38 on time 1787684386.9742367 with plan md(40);?iv('toy')==True{g('toy')}->False
Output for task 400: ?s('cat')==True{g('cat')};, time: 1787684386.9990647
Start executing task 400 for agent 37 on time 1787684387.0000596 with plan ?s('cat')==True{g('cat')};
Output for task 398: ?s('scissors')==True{g('scissors')}->False, time: 1787684387.0238469
Start executing task 398 for agent 30 on time 1787684387.0247056 with plan ?s('scissors')==True{g('scissors')}->False
Output for task 399: mu(40);?iv('book')==True{tp()}->False, time: 1787684387.0323713
Start executing task 399 for agent 36 on time 1787684387.0330987 with plan mu(40);?iv('book')==True{tp()}->False
Finish executing task 364 for agent 1 on time 1787684387.1023173 with plan ?iv('boy')==True{tc(45)}->False;
Finish executing task 359 for agent 6 on time 1787684387.1032763 with plan ?iv('boy')==True{tc(45)}->False;
Finish executing task 358 for agent 27 on time 1787684387.1039584 with plan ?iv('boy')==True{tc(45)}->False;
Finish executing task 372 for agent 25 on time 1787684387.1311758 with plan tc(30);
Finish executing task 367 for agent 10 on time 1787684387.1389952 with plan ?iv('boy')==True{tc(45)}->False;
Finish executing task 375 for agent 0 on time 1787684387.2462537 with plan mu(40);?iv('book')==True{tp()}->False
Finish executing task 380 for agent 7 on time 1787684387.2673013 with plan tc(30);
Finish executing task 385 for agent 11 on time 1787684387.379695 with plan tc(30);
Finish executing task 368 for agent 5 on time 1787684387.5208874 with plan md(40);?iv('toy')==True{g('toy')}->False
Finish executing task 360 for agent 3 on time 1787684388.2626708 with plan ?s('cat')==True{g('cat')};
Finish executing task 377 for agent 4 on time 1787684388.730852 with plan ?s('scissors')==True{g('scissors')}->False
Finish executing task 387 for agent 20 on time 1787684389.2641928 with plan mu(40);?iv('book')==True{tp()}->False
Finish executing task 392 for agent 26 on time 1787684389.264614 with plan mu(40);?iv('book')==True{tp()}->False
Finish executing task 397 for agent 12 on time 1787684389.4606369 with plan mu(40);?iv('book')==True{tp()}->False
Finish executing task 399 for agent 36 on time 1787684389.5375233 with plan mu(40);?iv('book')==True{tp()}->False
Finish executing task 370 for agent 35 on time 1787684389.6922312 with plan ?iv('boy')==True{tc(45)}->False;
Finish executing task 383 for agent 34 on time 1787684389.8503554 with plan ?iv('boy')==True{tc(45)}->False;
Finish executing task 374 for agent 22 on time 1787684390.07886 with plan md(40);?iv('toy')==True{g('toy')}->False
Finish executing task 379 for agent 2 on time 1787684390.1148555 with plan md(40);?iv('toy')==True{g('toy')}->False
Finish executing task 381 for agent 39 on time 1787684390.172348 with plan md(40);?iv('toy')==True{g('toy')}->False
Finish executing task 376 for agent 33 on time 1787684390.8379138 with plan ?s('cat')==True{g('cat')};
Finish executing task 394 for agent 17 on time 1787684390.931955 with plan ?s('scissors')==True{g('scissors')}->False
Finish executing task 398 for agent 30 on time 1787684391.0468676 with plan ?s('scissors')==True{g('scissors')}->False
Finish executing task 388 for agent 9 on time 1787684391.7213569 with plan ?iv('boy')==True{tc(45)}->False;
Finish executing task 395 for agent 15 on time 1787684392.2730002 with plan md(40);?iv('toy')==True{g('toy')}->False
Finish executing task 396 for agent 38 on time 1787684392.282063 with plan md(40);?iv('toy')==True{g('toy')}->False
Finish executing task 391 for agent 41 on time 1787684392.8792884 with plan ?s('cat')==True{g('cat')};
Finish executing task 400 for agent 37 on time 1787684393.181229 with plan ?s('cat')==True{g('cat')};
Generating request from task 401, time: 1787684393.7152138
Generating request from task 402, time: 1787684393.7156916
Generating request from task 403, time: 1787684393.7163832
Generating request from task 404, time: 1787684393.717383
Generating request from task 405, time: 1787684393.718371
Generating request from task 406, time: 1787684393.7193532
Generating request from task 407, time: 1787684393.720351
Generating request from task 408, time: 1787684393.7213452
Generating request from task 409, time: 1787684393.7223458
Generating request from task 410, time: 1787684393.7233448
Generating request from task 411, time: 1787684393.7243435
Added task 401, time: 1787684393.7247293
Generating request from task 412, time: 1787684393.7253375
Generating request from task 413, time: 1787684393.7263494
Added task 402, time: 1787684393.7510457
Added task 403, time: 1787684393.771473
Added task 404, time: 1787684393.7897594
Added task 405, time: 1787684393.8066823
Added task 406, time: 1787684393.8223193
Added task 407, time: 1787684393.8379104
Added task 408, time: 1787684393.8534398
Added task 409, time: 1787684393.869003
Added task 410, time: 1787684393.8825562
Added task 411, time: 1787684393.8962734
Added task 412, time: 1787684393.9096975
Added task 413, time: 1787684393.9232147
Output for task 405: tc(30);, time: 1787684393.9232762
Start executing task 405 for agent 13 on time 1787684393.9271631 with plan tc(30);
Output for task 401: ?iv('boy')==True{tc(45)}->False;, time: 1787684394.030618
Output for task 402: ?s('scissors')==True{g('scissors')}->False, time: 1787684394.0306962
Output for task 403: ?iv('boy')==True{tc(45)}->False;, time: 1787684394.030731
Output for task 404: ?s('scissors')==True{g('scissors')}->False, time: 1787684394.0307648
Start executing task 401 for agent 14 on time 1787684394.034546 with plan ?iv('boy')==True{tc(45)}->False;
Start executing task 404 for agent 8 on time 1787684394.034738 with plan ?s('scissors')==True{g('scissors')}->False
Start executing task 403 for agent 31 on time 1787684394.0352857 with plan ?iv('boy')==True{tc(45)}->False;
Start executing task 402 for agent 32 on time 1787684394.035909 with plan ?s('scissors')==True{g('scissors')}->False
Output for task 413: tc(30);, time: 1787684394.1150246
Start executing task 413 for agent 1 on time 1787684394.1164412 with plan tc(30);
Output for task 409: mu(40);?iv('book')==True{tp()}->False, time: 1787684394.1246026
Start executing task 409 for agent 24 on time 1787684394.126086 with plan mu(40);?iv('book')==True{tp()}->False
Output for task 406: ?iv('keys')&iv('wallet')->{l('Yes');->True}l('No');->False, time: 1787684394.1713235
Output for task 407: ?iv('keys')&iv('wallet')->{l('Yes');->True}l('No');->False, time: 1787684394.1713974
Output for task 408: ?iv('keys')&iv('wallet')->{l('Yes');->True}l('No');->False, time: 1787684394.1714323
Start executing task 407 for agent 21 on time 1787684394.1724014 with plan ?iv('keys')&iv('wallet')->{l('Yes');->True}l('No');->False
Start executing task 408 for agent 16 on time 1787684394.1729136 with plan ?iv('keys')&iv('wallet')->{l('Yes');->True}l('No');->False
Start executing task 406 for agent 28 on time 1787684394.17342 with plan ?iv('keys')&iv('wallet')->{l('Yes');->True}l('No');->False
Finish executing task 407 for agent 21 on time 1787684394.1769705 with plan ?iv('keys')&iv('wallet')->{l('Yes');->True}l('No');->False
Finish executing task 408 for agent 16 on time 1787684394.1774778 with plan ?iv('keys')&iv('wallet')->{l('Yes');->True}l('No');->False
Finish executing task 406 for agent 28 on time 1787684394.17798 with plan ?iv('keys')&iv('wallet')->{l('Yes');->True}l('No');->False
Output for task 410: ?s('scissors')==True{g('scissors')}->False, time: 1787684394.206156
Output for task 411: ?s('scissors')==True{g('scissors')}->False, time: 1787684394.2062364
Start executing task 410 for agent 23 on time 1787684394.2071495 with plan ?s('scissors')==True{g('scissors')}->False
Start executing task 411 for agent 27 on time 1787684394.2072861 with plan ?s('scissors')==True{g('scissors')}->False
Output for task 412: mu(40);?iv('book')==True{tp()}->False, time: 1787684394.2148361
Start executing task 412 for agent 6 on time 1787684394.2154222 with plan mu(40);?iv('book')==True{tp()}->False
Finish executing task 405 for agent 13 on time 1787684396.5168505 with plan tc(30);
Finish executing task 409 for agent 24 on time 1787684396.63059 with plan mu(40);?iv('book')==True{tp()}->False
Finish executing task 413 for agent 1 on time 1787684396.7060945 with plan tc(30);
Finish executing task 412 for agent 6 on time 1787684396.71984 with plan mu(40);?iv('book')==True{tp()}->False
Finish executing task 404 for agent 8 on time 1787684398.0574644 with plan ?s('scissors')==True{g('scissors')}->False
Finish executing task 402 for agent 32 on time 1787684398.0583813 with plan ?s('scissors')==True{g('scissors')}->False
Finish executing task 410 for agent 23 on time 1787684398.2292855 with plan ?s('scissors')==True{g('scissors')}->False
Finish executing task 411 for agent 27 on time 1787684398.2296035 with plan ?s('scissors')==True{g('scissors')}->False
Finish executing task 401 for agent 14 on time 1787684399.0179837 with plan ?iv('boy')==True{tc(45)}->False;
Finish executing task 403 for agent 31 on time 1787684399.0190673 with plan ?iv('boy')==True{tc(45)}->False;
Generating request from task 414, time: 1787684400.3855138
Generating request from task 415, time: 1787684400.3861
Generating request from task 416, time: 1787684400.3863575
Generating request from task 417, time: 1787684400.3865666
Generating request from task 418, time: 1787684400.38676
Generating request from task 419, time: 1787684400.3869593
Generating request from task 420, time: 1787684400.3871644
Generating request from task 421, time: 1787684400.3873532
Generating request from task 422, time: 1787684400.387538
Generating request from task 423, time: 1787684400.387712
Generating request from task 424, time: 1787684400.3883758
Added task 414, time: 1787684400.3981414
Added task 415, time: 1787684400.4285574
Added task 416, time: 1787684400.4526262
Added task 417, time: 1787684400.476618
Added task 418, time: 1787684400.5006764
Added task 419, time: 1787684400.524435
Added task 420, time: 1787684400.5482557
Added task 421, time: 1787684400.5721595
Added task 422, time: 1787684400.5969985
Added task 423, time: 1787684400.6144671
Added task 424, time: 1787684400.631581
Output for task 415: tc(30);, time: 1787684400.6534605
Start executing task 415 for agent 5 on time 1787684400.6590536 with plan tc(30);
Output for task 416: ?s('cat')==True{g('cat')};, time: 1787684400.745063
Start executing task 416 for agent 0 on time 1787684400.7508352 with plan ?s('cat')==True{g('cat')};
Generating request from task 425, time: 1787684400.7621021
Generating request from task 426, time: 1787684400.7626498
Generating request from task 427, time: 1787684400.7636547
Generating request from task 428, time: 1787684400.764628
Generating request from task 429, time: 1787684400.7656271
Generating request from task 430, time: 1787684400.7666283
Generating request from task 431, time: 1787684400.767627
Generating request from task 432, time: 1787684400.768624
Added task 425, time: 1787684400.769156
Generating request from task 433, time: 1787684400.7696276
Added task 426, time: 1787684400.786744
Added task 427, time: 1787684400.8039832
Added task 428, time: 1787684400.8212705
Output for task 421: ?iv('boy')==True{tc(45)}->False;, time: 1787684400.8213346
Start executing task 421 for agent 40 on time 1787684400.8273733 with plan ?iv('boy')==True{tc(45)}->False;
Added task 429, time: 1787684400.845657
Added task 430, time: 1787684400.8633227
Added task 431, time: 1787684400.880324
Added task 432, time: 1787684400.8978448
Output for task 414: md(40);?iv('toy')==True{g('toy')}->False, time: 1787684400.8979197
Output for task 418: md(40);?iv('toy')==True{g('toy')}->False, time: 1787684400.8979623
Start executing task 414 for agent 10 on time 1787684400.9038188 with plan md(40);?iv('toy')==True{g('toy')}->False
Start executing task 418 for agent 18 on time 1787684400.904616 with plan md(40);?iv('toy')==True{g('toy')}->False
Added task 433, time: 1787684400.9229653
Output for task 422: ?iv('boy')==True{tc(45)}->False;, time: 1787684400.9520772
Output for task 424: tc(30);, time: 1787684400.9521508
Start executing task 422 for agent 3 on time 1787684400.9581573 with plan ?iv('boy')==True{tc(45)}->False;
Start executing task 424 for agent 7 on time 1787684400.9589117 with plan tc(30);
Output for task 423: ?s('cat')==True{g('cat')};, time: 1787684401.0309243
Start executing task 423 for agent 25 on time 1787684401.0365524 with plan ?s('cat')==True{g('cat')};
Output for task 417: ?iv('keys')&iv('wallet')->{l('Yes');->True}l('No');->False, time: 1787684401.0716102
Output for task 419: ?iv('keys')&iv('wallet')->{l('Yes');->True}l('No');->False, time: 1787684401.0717611
Output for task 420: ?iv('keys')&iv('wallet')->{l('Yes');->True}l('No');->False, time: 1787684401.0718203
Start executing task 417 for agent 4 on time 1787684401.0770822 with plan ?iv('keys')&iv('wallet')->{l('Yes');->True}l('No');->False
Start executing task 420 for agent 29 on time 1787684401.0775034 with plan ?iv('keys')&iv('wallet')->{l('Yes');->True}l('No');->False
Start executing task 419 for agent 19 on time 1787684401.0783792 with plan ?iv('keys')&iv('wallet')->{l('Yes');->True}l('No');->False
Finish executing task 417 for agent 4 on time 1787684401.0815616 with plan ?iv('keys')&iv('wallet')->{l('Yes');->True}l('No');->False
Finish executing task 420 for agent 29 on time 1787684401.0820634 with plan ?iv('keys')&iv('wallet')->{l('Yes');->True}l('No');->False
Finish executing task 419 for agent 19 on time 1787684401.0829709 with plan ?iv('keys')&iv('wallet')->{l('Yes');->True}l('No');->False
Output for task 431: tc(45);, time: 1787684401.1673617
Start executing task 431 for agent 34 on time 1787684401.1726923 with plan tc(45);
Output for task 425: md(40);?iv('toy')==True{g('toy')}->False, time: 1787684401.2491589
Output for task 426: md(40);?iv('toy')==True{g('toy')}->False, time: 1787684401.2493086
Start executing task 426 for agent 20 on time 1787684401.251977 with plan md(40);?iv('toy')==True{g('toy')}->False
Start executing task 425 for agent 11 on time 1787684401.2524176 with plan md(40);?iv('toy')==True{g('toy')}->False
Output for task 432: ?s('scissors')==True{g('scissors')}->False, time: 1787684401.2908852
Start executing task 432 for agent 22 on time 1787684401.2923777 with plan ?s('scissors')==True{g('scissors')}->False
Output for task 430: md(40);?iv('toy')==True{g('toy')}->False, time: 1787684401.3211021
Start executing task 430 for agent 35 on time 1787684401.3233564 with plan md(40);?iv('toy')==True{g('toy')}->False
Output for task 427: ?iv('keys')&iv('wallet')->{l('Yes');->True}l('No');->False, time: 1787684401.3314238
Output for task 428: ?iv('keys')&iv('wallet')->{l('Yes');->True}l('No');->False, time: 1787684401.3315668
Start executing task 428 for agent 12 on time 1787684401.3329642 with plan ?iv('keys')&iv('wallet')->{l('Yes');->True}l('No');->False
Start executing task 427 for agent 26 on time 1787684401.333517 with plan ?iv('keys')&iv('wallet')->{l('Yes');->True}l('No');->False
Finish executing task 428 for agent 12 on time 1787684401.3375728 with plan ?iv('keys')&iv('wallet')->{l('Yes');->True}l('No');->False
Finish executing task 427 for agent 26 on time 1787684401.3381505 with plan ?iv('keys')&iv('wallet')->{l('Yes');->True}l('No');->False
Output for task 433: md(40);?iv('toy')==True{g('toy')}->False, time: 1787684401.3594372
Start executing task 433 for agent 2 on time 1787684401.3605328 with plan md(40);?iv('toy')==True{g('toy')}->False
Output for task 429: ?iv('keys')&iv('wallet')->{l('Yes');->True}l('No');->False, time: 1787684401.368782
Start executing task 429 for agent 36 on time 1787684401.369416 with plan ?iv('keys')&iv('wallet')->{l('Yes');->True}l('No');->False
Finish executing task 429 for agent 36 on time 1787684401.3741448 with plan ?iv('keys')&iv('wallet')->{l('Yes');->True}l('No');->False
Generating request from task 434, time: 1787684402.1191497
Generating request from task 435, time: 1787684402.1196022
Generating request from task 436, time: 1787684402.1199164
Generating request from task 437, time: 1787684402.1206234
Generating request from task 438, time: 1787684402.1214843
Generating request from task 439, time: 1787684402.1224606
Generating request from task 440, time: 1787684402.123446
Generating request from task 441, time: 1787684402.1244495
Generating request from task 442, time: 1787684402.1254432
Added task 434, time: 1787684402.1258106
Added task 435, time: 1787684402.14887
Added task 436, time: 1787684402.1690693
Added task 437, time: 1787684402.1867523
Added task 438, time: 1787684402.203103
Added task 439, time: 1787684402.2188592
Added task 440, time: 1787684402.2344568
Added task 441, time: 1787684402.2499363
Added task 442, time: 1787684402.265375
Output for task 439: tc(30);, time: 1787684402.3043344
Start executing task 439 for agent 38 on time 1787684402.3078868 with plan tc(30);
Output for task 441: ?s('cat')==True{g('cat')};, time: 1787684402.3824878
Start executing task 441 for agent 41 on time 1787684402.3838406 with plan ?s('cat')==True{g('cat')};
Output for task 438: ?iv('boy')==True{tc(45)}->False;, time: 1787684402.410913
Output for task 440: ?iv('boy')==True{tc(45)}->False;, time: 1787684402.4109864
Start executing task 440 for agent 33 on time 1787684402.4121995 with plan ?iv('boy')==True{tc(45)}->False;
Start executing task 438 for agent 15 on time 1787684402.4126973 with plan ?iv('boy')==True{tc(45)}->False;
Output for task 435: mu(40);?iv('book')==True{tp()}->False, time: 1787684402.4205759
Start executing task 435 for agent 17 on time 1787684402.4217277 with plan mu(40);?iv('book')==True{tp()}->False
Output for task 434: md(40);?iv('toy')==True{g('toy')}->False, time: 1787684402.4382093
Output for task 436: md(40);?iv('toy')==True{g('toy')}->False, time: 1787684402.4382865
Start executing task 434 for agent 39 on time 1787684402.4392648 with plan md(40);?iv('toy')==True{g('toy')}->False
Start executing task 436 for agent 30 on time 1787684402.4398015 with plan md(40);?iv('toy')==True{g('toy')}->False
Output for task 442: md(40);?iv('toy')==True{g('toy')}->False, time: 1787684402.4722698
Start executing task 442 for agent 37 on time 1787684402.4732876 with plan md(40);?iv('toy')==True{g('toy')}->False
Output for task 437: ?iv('keys')&iv('wallet')->{l('Yes');->True}l('No');->False, time: 1787684402.4985328
Start executing task 437 for agent 9 on time 1787684402.4991553 with plan ?iv('keys')&iv('wallet')->{l('Yes');->True}l('No');->False
Finish executing task 437 for agent 9 on time 1787684402.5036354 with plan ?iv('keys')&iv('wallet')->{l('Yes');->True}l('No');->False
Finish executing task 415 for agent 5 on time 1787684403.2487738 with plan tc(30);
Finish executing task 431 for agent 34 on time 1787684403.2839026 with plan tc(45);
Finish executing task 424 for agent 7 on time 1787684403.5485783 with plan tc(30);
Finish executing task 439 for agent 38 on time 1787684404.8976154 with plan tc(30);
Finish executing task 435 for agent 17 on time 1787684404.926257 with plan mu(40);?iv('book')==True{tp()}->False
Finish executing task 432 for agent 22 on time 1787684405.3143737 with plan ?s('scissors')==True{g('scissors')}->False
Finish executing task 421 for agent 40 on time 1787684405.8106015 with plan ?iv('boy')==True{tc(45)}->False;
Finish executing task 422 for agent 3 on time 1787684405.9413538 with plan ?iv('boy')==True{tc(45)}->False;
Finish executing task 414 for agent 10 on time 1787684406.2115636 with plan md(40);?iv('toy')==True{g('toy')}->False
Finish executing task 418 for agent 18 on time 1787684406.211753 with plan md(40);?iv('toy')==True{g('toy')}->False
Finish executing task 426 for agent 20 on time 1787684406.5597265 with plan md(40);?iv('toy')==True{g('toy')}->False
Finish executing task 425 for agent 11 on time 1787684406.5601454 with plan md(40);?iv('toy')==True{g('toy')}->False
Finish executing task 430 for agent 35 on time 1787684406.6305857 with plan md(40);?iv('toy')==True{g('toy')}->False
Finish executing task 433 for agent 2 on time 1787684406.6683128 with plan md(40);?iv('toy')==True{g('toy')}->False
Finish executing task 416 for agent 0 on time 1787684406.9321015 with plan ?s('cat')==True{g('cat')};
Finish executing task 423 for agent 25 on time 1787684407.2177837 with plan ?s('cat')==True{g('cat')};
Finish executing task 440 for agent 33 on time 1787684407.3953831 with plan ?iv('boy')==True{tc(45)}->False;
Finish executing task 438 for agent 15 on time 1787684407.395763 with plan ?iv('boy')==True{tc(45)}->False;
Finish executing task 434 for agent 39 on time 1787684407.7471166 with plan md(40);?iv('toy')==True{g('toy')}->False
Finish executing task 436 for agent 30 on time 1787684407.7476473 with plan md(40);?iv('toy')==True{g('toy')}->False
Finish executing task 442 for agent 37 on time 1787684407.7811234 with plan md(40);?iv('toy')==True{g('toy')}->False
Generating request from task 443, time: 1787684408.1004574
Added task 443, time: 1787684408.1127956
Output for task 443: ?iv('boy')==True{tc(45)}->False;, time: 1787684408.24999
Start executing task 443 for agent 28 on time 1787684408.25068 with plan ?iv('boy')==True{tc(45)}->False;
Finish executing task 441 for agent 41 on time 1787684408.5649822 with plan ?s('cat')==True{g('cat')};
Finish executing task 443 for agent 28 on time 1787684413.2303975 with plan ?iv('boy')==True{tc(45)}->False;
Generating request from task 444, time: 1787684414.4624577
Generating request from task 445, time: 1787684414.462933
Generating request from task 446, time: 1787684414.4632063
Generating request from task 447, time: 1787684414.4634595
Generating request from task 448, time: 1787684414.4637158
Generating request from task 449, time: 1787684414.4639802
Generating request from task 450, time: 1787684414.464219
Added task 444, time: 1787684414.4766037
Added task 445, time: 1787684414.5094287
Added task 446, time: 1787684414.5340376
Added task 447, time: 1787684414.5561094
Added task 448, time: 1787684414.574965
Added task 449, time: 1787684414.5918605
Added task 450, time: 1787684414.6077578
Output for task 444: tc(30);, time: 1787684414.6571963
Output for task 448: tc(45);, time: 1787684414.6572754
Start executing task 444 for agent 21 on time 1787684414.6586738 with plan tc(30);
Start executing task 448 for agent 32 on time 1787684414.6591933 with plan tc(45);
Output for task 445: ?iv('boy')==True{tc(45)}->False;, time: 1787684414.7503781
Output for task 446: ?iv('boy')==True{tc(45)}->False;, time: 1787684414.750454
Output for task 447: ?iv('boy')==True{tc(45)}->False;, time: 1787684414.7504923
Output for task 450: ?s('scissors')==True{g('scissors')}->False, time: 1787684414.750524
Start executing task 445 for agent 16 on time 1787684414.7514174 with plan ?iv('boy')==True{tc(45)}->False;
Start executing task 450 for agent 23 on time 1787684414.7515965 with plan ?s('scissors')==True{g('scissors')}->False
Start executing task 447 for agent 6 on time 1787684414.752121 with plan ?iv('boy')==True{tc(45)}->False;
Start executing task 446 for agent 24 on time 1787684414.7529073 with plan ?iv('boy')==True{tc(45)}->False;
Output for task 449: md(40);?iv('toy')==True{g('toy')}->False, time: 1787684414.7753685
Start executing task 449 for agent 8 on time 1787684414.7759962 with plan md(40);?iv('toy')==True{g('toy')}->False
Generating request from task 451, time: 1787684414.8056638
Generating request from task 452, time: 1787684414.8061495
Added task 451, time: 1787684414.8096235
Added task 452, time: 1787684414.825247
Output for task 452: tc(45);, time: 1787684414.8696876
Start executing task 452 for agent 13 on time 1787684414.8704927 with plan tc(45);
Generating request from task 453, time: 1787684414.9035683
Generating request from task 454, time: 1787684414.9044635
Generating request from task 455, time: 1787684414.905461
Generating request from task 456, time: 1787684414.9064565
Added task 453, time: 1787684414.9132898
Added task 454, time: 1787684414.9288177
Added task 455, time: 1787684414.9442909
Added task 456, time: 1787684414.9596856
Output for task 453: tc(45);, time: 1787684415.0080848
Output for task 454: tc(45);, time: 1787684415.0081582
Output for task 455: tc(30);, time: 1787684415.008193
Start executing task 453 for agent 1 on time 1787684415.0091577 with plan tc(45);
Start executing task 454 for agent 14 on time 1787684415.0096433 with plan tc(45);
Start executing task 455 for agent 31 on time 1787684415.0098398 with plan tc(30);
Output for task 451: mu(40);?iv('book')==True{tp()}->False, time: 1787684415.024964
Start executing task 451 for agent 27 on time 1787684415.025788 with plan mu(40);?iv('book')==True{tp()}->False
Output for task 456: ?s('scissors')==True{g('scissors')}->False, time: 1787684415.0879452
Start executing task 456 for agent 4 on time 1787684415.088495 with plan ?s('scissors')==True{g('scissors')}->False
Generating request from task 457, time: 1787684415.351101
Generating request from task 458, time: 1787684415.351511
Generating request from task 459, time: 1787684415.3523507
Generating request from task 460, time: 1787684415.3533115
Generating request from task 461, time: 1787684415.3543007
Generating request from task 462, time: 1787684415.355302
Added task 457, time: 1787684415.3560052
Generating request from task 463, time: 1787684415.3563004
Generating request from task 464, time: 1787684415.3573058
Generating request from task 465, time: 1787684415.3583016
Generating request from task 466, time: 1787684415.3592978
Generating request from task 467, time: 1787684415.360295
Generating request from task 468, time: 1787684415.3612924
Generating request from task 469, time: 1787684415.3623047
Added task 458, time: 1787684415.374132
Added task 459, time: 1787684415.3921273
Added task 460, time: 1787684415.4084146
Added task 461, time: 1787684415.4241407
Added task 462, time: 1787684415.4396503
Added task 463, time: 1787684415.4550152
Added task 464, time: 1787684415.4705749
Added task 465, time: 1787684415.486151
Added task 466, time: 1787684415.500345
Added task 467, time: 1787684415.5137846
Added task 468, time: 1787684415.5272799
Added task 469, time: 1787684415.5419068
Output for task 460: tc(30);, time: 1787684415.541972
Start executing task 460 for agent 12 on time 1787684415.545475 with plan tc(30);
Output for task 459: ?s('cat')==True{g('cat')};, time: 1787684415.6204543
Output for task 462: ?s('cat')==True{g('cat')};, time: 1787684415.6205318
Output for task 463: ?s('cat')==True{g('cat')};, time: 1787684415.620569
Start executing task 462 for agent 9 on time 1787684415.624184 with plan ?s('cat')==True{g('cat')};
Start executing task 459 for agent 26 on time 1787684415.6247208 with plan ?s('cat')==True{g('cat')};
Start executing task 463 for agent 17 on time 1787684415.6249142 with plan ?s('cat')==True{g('cat')};
Output for task 458: ?s('scissors')==True{g('scissors')}->False, time: 1787684415.6850634
Output for task 461: ?iv('boy')==True{tc(45)}->False;, time: 1787684415.68514
Start executing task 458 for agent 29 on time 1787684415.6894403 with plan ?s('scissors')==True{g('scissors')}->False
Start executing task 461 for agent 36 on time 1787684415.6896203 with plan ?iv('boy')==True{tc(45)}->False;
Output for task 466: tc(30);, time: 1787684415.7083905
Start executing task 466 for agent 7 on time 1787684415.7100039 with plan tc(30);
Output for task 464: md(40);?iv('toy')==True{g('toy')}->False, time: 1787684415.7277005
Start executing task 464 for agent 22 on time 1787684415.728842 with plan md(40);?iv('toy')==True{g('toy')}->False
Output for task 465: md(40);?iv('toy')==True{g('toy')}->False, time: 1787684415.7656717
Start executing task 465 for agent 5 on time 1787684415.767112 with plan md(40);?iv('toy')==True{g('toy')}->False
Output for task 468: ?s('cat')==True{g('cat')};, time: 1787684415.7749188
Start executing task 468 for agent 3 on time 1787684415.7760043 with plan ?s('cat')==True{g('cat')};
Output for task 457: ?iv('keys')&iv('wallet')->{l('Yes');->True}l('No');->False, time: 1787684415.7926955
Start executing task 457 for agent 19 on time 1787684415.793673 with plan ?iv('keys')&iv('wallet')->{l('Yes');->True}l('No');->False
Finish executing task 457 for agent 19 on time 1787684415.7981994 with plan ?iv('keys')&iv('wallet')->{l('Yes');->True}l('No');->False
Output for task 467: mu(40);?iv('book')==True{tp()}->False, time: 1787684415.8097694
Start executing task 467 for agent 40 on time 1787684415.8106062 with plan mu(40);?iv('book')==True{tp()}->False
Output for task 469: mu(40);?iv('book')==True{tp()}->False, time: 1787684415.834649
Start executing task 469 for agent 34 on time 1787684415.8353665 with plan mu(40);?iv('book')==True{tp()}->False
Finish executing task 448 for agent 32 on time 1787684416.7704499 with plan tc(45);
Finish executing task 452 for agent 13 on time 1787684416.9816842 with plan tc(45);
Finish executing task 453 for agent 1 on time 1787684417.1203678 with plan tc(45);
Finish executing task 454 for agent 14 on time 1787684417.120968 with plan tc(45);
Finish executing task 444 for agent 21 on time 1787684417.2464263 with plan tc(30);
Finish executing task 451 for agent 27 on time 1787684417.5302637 with plan mu(40);?iv('book')==True{tp()}->False
Finish executing task 455 for agent 31 on time 1787684417.5997717 with plan tc(30);
Finish executing task 460 for agent 12 on time 1787684418.135204 with plan tc(30);
Finish executing task 466 for agent 7 on time 1787684418.2988503 with plan tc(30);
Finish executing task 467 for agent 40 on time 1787684418.3149974 with plan mu(40);?iv('book')==True{tp()}->False
Finish executing task 469 for agent 34 on time 1787684418.339926 with plan mu(40);?iv('book')==True{tp()}->False
Finish executing task 450 for agent 23 on time 1787684418.774189 with plan ?s('scissors')==True{g('scissors')}->False
Finish executing task 456 for agent 4 on time 1787684419.1106443 with plan ?s('scissors')==True{g('scissors')}->False
Generating request from task 470, time: 1787684419.1673274
Generating request from task 471, time: 1787684419.1678414
Generating request from task 472, time: 1787684419.1681309
Generating request from task 473, time: 1787684419.1683817
Generating request from task 474, time: 1787684419.1686366
Generating request from task 475, time: 1787684419.1688771
Generating request from task 476, time: 1787684419.16911
Generating request from task 477, time: 1787684419.1700625
Generating request from task 478, time: 1787684419.1710732
Generating request from task 479, time: 1787684419.1720624
Added task 470, time: 1787684419.1755948
Added task 471, time: 1787684419.2022595
Added task 472, time: 1787684419.224201
Added task 473, time: 1787684419.2433944
Added task 474, time: 1787684419.2604623
Added task 475, time: 1787684419.2772324
Added task 476, time: 1787684419.2947874
Added task 477, time: 1787684419.311474
Added task 478, time: 1787684419.328562
Added task 479, time: 1787684419.343091
Output for task 471: tc(45);, time: 1787684419.3730674
Output for task 475: tc(45);, time: 1787684419.3731472
Output for task 476: tc(30);, time: 1787684419.3731844
Start executing task 475 for agent 2 on time 1787684419.3738432 with plan tc(45);
Start executing task 471 for agent 18 on time 1787684419.3740726 with plan tc(45);
Start executing task 476 for agent 38 on time 1787684419.3770046 with plan tc(30);
Output for task 470: ?s('cat')==True{g('cat')};, time: 1787684419.4628997
Start executing task 470 for agent 10 on time 1787684419.464202 with plan ?s('cat')==True{g('cat')};
Output for task 473: ?iv('boy')==True{tc(45)}->False;, time: 1787684419.4909856
Start executing task 473 for agent 20 on time 1787684419.4921136 with plan ?iv('boy')==True{tc(45)}->False;
Output for task 472: mu(40);?iv('book')==True{tp()}->False, time: 1787684419.500496
Output for task 477: mu(40);?iv('book')==True{tp()}->False, time: 1787684419.50057
Start executing task 472 for agent 11 on time 1787684419.5016744 with plan mu(40);?iv('book')==True{tp()}->False
Start executing task 477 for agent 15 on time 1787684419.5018837 with plan mu(40);?iv('book')==True{tp()}->False
Output for task 479: ?s('scissors')==True{g('scissors')}->False, time: 1787684419.5268378
Start executing task 479 for agent 39 on time 1787684419.527842 with plan ?s('scissors')==True{g('scissors')}->False
Output for task 478: md(40);?iv('toy')==True{g('toy')}->False, time: 1787684419.5514812
Start executing task 478 for agent 33 on time 1787684419.5523868 with plan md(40);?iv('toy')==True{g('toy')}->False
Output for task 474: ?iv('keys')&iv('wallet')->{l('Yes');->True}l('No');->False, time: 1787684419.575607
Start executing task 474 for agent 35 on time 1787684419.5762196 with plan ?iv('keys')&iv('wallet')->{l('Yes');->True}l('No');->False
Finish executing task 474 for agent 35 on time 1787684419.5808413 with plan ?iv('keys')&iv('wallet')->{l('Yes');->True}l('No');->False
Finish executing task 458 for agent 29 on time 1787684419.7117665 with plan ?s('scissors')==True{g('scissors')}->False
Finish executing task 445 for agent 16 on time 1787684419.7339015 with plan ?iv('boy')==True{tc(45)}->False;
Finish executing task 447 for agent 6 on time 1787684419.7355888 with plan ?iv('boy')==True{tc(45)}->False;
Finish executing task 446 for agent 24 on time 1787684419.7360759 with plan ?iv('boy')==True{tc(45)}->False;
Finish executing task 449 for agent 8 on time 1787684420.0838578 with plan md(40);?iv('toy')==True{g('toy')}->False
Finish executing task 461 for agent 36 on time 1787684420.673214 with plan ?iv('boy')==True{tc(45)}->False;
Finish executing task 464 for agent 22 on time 1787684421.0365536 with plan md(40);?iv('toy')==True{g('toy')}->False
Finish executing task 465 for agent 5 on time 1787684421.0748682 with plan md(40);?iv('toy')==True{g('toy')}->False
Finish executing task 475 for agent 2 on time 1787684421.4852805 with plan tc(45);
Finish executing task 471 for agent 18 on time 1787684421.4856524 with plan tc(45);
Finish executing task 459 for agent 26 on time 1787684421.8050807 with plan ?s('cat')==True{g('cat')};
Finish executing task 462 for agent 9 on time 1787684421.8054056 with plan ?s('cat')==True{g('cat')};
Finish executing task 463 for agent 17 on time 1787684421.8064537 with plan ?s('cat')==True{g('cat')};
Finish executing task 468 for agent 3 on time 1787684421.957165 with plan ?s('cat')==True{g('cat')};
Finish executing task 476 for agent 38 on time 1787684421.9666708 with plan tc(30);
Finish executing task 472 for agent 11 on time 1787684422.0064049 with plan mu(40);?iv('book')==True{tp()}->False
Finish executing task 477 for agent 15 on time 1787684422.0067484 with plan mu(40);?iv('book')==True{tp()}->False
Generating request from task 480, time: 1787684423.5235395
Generating request from task 481, time: 1787684423.5240564
Generating request from task 482, time: 1787684423.5243845
Generating request from task 483, time: 1787684423.5246358
Added task 480, time: 1787684423.530206
Added task 481, time: 1787684423.5499365
Finish executing task 479 for agent 39 on time 1787684423.5499961 with plan ?s('scissors')==True{g('scissors')}->False
Added task 482, time: 1787684423.566615
Added task 483, time: 1787684423.5824685
Output for task 482: tc(45);, time: 1787684423.6290047
Start executing task 482 for agent 0 on time 1787684423.6300967 with plan tc(45);
Output for task 480: mu(40);?iv('book')==True{tp()}->False, time: 1787684423.7218573
Start executing task 480 for agent 30 on time 1787684423.7227092 with plan mu(40);?iv('book')==True{tp()}->False
Output for task 481: md(40);?iv('toy')==True{g('toy')}->False, time: 1787684423.738455
Output for task 483: md(40);?iv('toy')==True{g('toy')}->False, time: 1787684423.7385287
Start executing task 481 for agent 37 on time 1787684423.73909 with plan md(40);?iv('toy')==True{g('toy')}->False
Start executing task 483 for agent 25 on time 1787684423.7396207 with plan md(40);?iv('toy')==True{g('toy')}->False
Finish executing task 473 for agent 20 on time 1787684424.475243 with plan ?iv('boy')==True{tc(45)}->False;
Finish executing task 478 for agent 33 on time 1787684424.8602495 with plan md(40);?iv('toy')==True{g('toy')}->False
Generating request from task 484, time: 1787684425.1679916
Generating request from task 485, time: 1787684425.1684747
Generating request from task 486, time: 1787684425.1687477
Generating request from task 487, time: 1787684425.1690454
Generating request from task 488, time: 1787684425.169962
Generating request from task 489, time: 1787684425.170949
Added task 484, time: 1787684425.1753
Added task 485, time: 1787684425.1999204
Added task 486, time: 1787684425.2198937
Added task 487, time: 1787684425.237446
Added task 488, time: 1787684425.253821
Added task 489, time: 1787684425.2695317
Output for task 484: tc(45);, time: 1787684425.3184826
Output for task 487: tc(30);, time: 1787684425.3185606
Start executing task 484 for agent 41 on time 1787684425.3198426 with plan tc(45);
Start executing task 487 for agent 27 on time 1787684425.3200717 with plan tc(30);
Output for task 486: ?s('cat')==True{g('cat')}->False, time: 1787684425.3877845
Output for task 489: ?s('cat')==True{g('cat')}->False, time: 1787684425.3878646
Start executing task 486 for agent 19 on time 1787684425.3889124 with plan ?s('cat')==True{g('cat')}->False
Start executing task 489 for agent 34 on time 1787684425.3894615 with plan ?s('cat')==True{g('cat')}->False
Output for task 488: ?s('scissors')==True{g('scissors')}->False, time: 1787684425.4044647
Start executing task 488 for agent 40 on time 1787684425.4053516 with plan ?s('scissors')==True{g('scissors')}->False
Output for task 485: md(40);?iv('toy')==True{g('toy')}->False, time: 1787684425.4283695
Start executing task 485 for agent 28 on time 1787684425.428841 with plan md(40);?iv('toy')==True{g('toy')}->False
Finish executing task 470 for agent 10 on time 1787684425.6442556 with plan ?s('cat')==True{g('cat')};
Finish executing task 482 for agent 0 on time 1787684425.7408457 with plan tc(45);
Finish executing task 480 for agent 30 on time 1787684426.2272935 with plan mu(40);?iv('book')==True{tp()}->False
Generating request from task 490, time: 1787684426.560263
Generating request from task 491, time: 1787684426.560726
Generating request from task 492, time: 1787684426.5610242
Added task 490, time: 1787684426.5695195
Added task 491, time: 1787684426.5950453
Added task 492, time: 1787684426.61567
Output for task 492: tc(30);, time: 1787684426.6637466
Start executing task 492 for agent 4 on time 1787684426.664873 with plan tc(30);
Output for task 490: md(40);?iv('toy')==True{g('toy')}->False, time: 1787684426.768612
Start executing task 490 for agent 23 on time 1787684426.769529 with plan md(40);?iv('toy')==True{g('toy')}->False
Output for task 491: ?iv('keys')&iv('wallet')->{l('Yes');->True}l('No');->False, time: 1787684426.8238416
Start executing task 491 for agent 32 on time 1787684426.8244064 with plan ?iv('keys')&iv('wallet')->{l('Yes');->True}l('No');->False
Finish executing task 491 for agent 32 on time 1787684426.8290315 with plan ?iv('keys')&iv('wallet')->{l('Yes');->True}l('No');->False
Finish executing task 484 for agent 41 on time 1787684427.4312258 with plan tc(45);
Finish executing task 487 for agent 27 on time 1787684427.9100094 with plan tc(30);
Finish executing task 481 for agent 37 on time 1787684429.046647 with plan md(40);?iv('toy')==True{g('toy')}->False
Finish executing task 483 for agent 25 on time 1787684429.0474713 with plan md(40);?iv('toy')==True{g('toy')}->False
Finish executing task 492 for agent 4 on time 1787684429.2545877 with plan tc(30);
Finish executing task 488 for agent 40 on time 1787684429.4275215 with plan ?s('scissors')==True{g('scissors')}->False
Finish executing task 485 for agent 28 on time 1787684430.7366574 with plan md(40);?iv('toy')==True{g('toy')}->False
Finish executing task 486 for agent 19 on time 1787684431.5701559 with plan ?s('cat')==True{g('cat')}->False
Finish executing task 489 for agent 34 on time 1787684431.5706842 with plan ?s('cat')==True{g('cat')}->False
Finish executing task 490 for agent 23 on time 1787684432.077369 with plan md(40);?iv('toy')==True{g('toy')}->False
Generating request from task 493, time: 1787684441.2431812
Generating request from task 494, time: 1787684441.243389
Generating request from task 495, time: 1787684441.2437565
Generating request from task 496, time: 1787684441.2441015
Generating request from task 497, time: 1787684441.244366
Generating request from task 498, time: 1787684441.244597
Generating request from task 499, time: 1787684441.2448223
Added task 493, time: 1787684441.248369
Added task 494, time: 1787684441.2658863
Added task 495, time: 1787684441.2820292
Added task 496, time: 1787684441.29771
Added task 497, time: 1787684441.3132794
Added task 498, time: 1787684441.3288476
Added task 499, time: 1787684441.3443918
Output for task 493: tc(45);, time: 1787684441.3942037
Output for task 494: tc(30);, time: 1787684441.3942986
Output for task 499: tc(30);, time: 1787684441.3943477
Start executing task 493 for agent 21 on time 1787684441.395412 with plan tc(45);
Start executing task 494 for agent 35 on time 1787684441.3958178 with plan tc(30);
Start executing task 499 for agent 1 on time 1787684441.3964143 with plan tc(30);
Output for task 496: mu(40);?iv('book')==True{tp()}->False, time: 1787684441.490202
Output for task 498: mu(40);?iv('book')==True{tp()}->False, time: 1787684441.490311
Start executing task 496 for agent 16 on time 1787684441.4912643 with plan mu(40);?iv('book')==True{tp()}->False
Start executing task 498 for agent 6 on time 1787684441.491748 with plan mu(40);?iv('book')==True{tp()}->False
Output for task 495: md(40);?iv('toy')==True{g('toy')}->False, time: 1787684441.507228
Output for task 497: md(40);?iv('toy')==True{g('toy')}->False, time: 1787684441.507317
Start executing task 497 for agent 24 on time 1787684441.507914 with plan md(40);?iv('toy')==True{g('toy')}->False
Start executing task 495 for agent 13 on time 1787684441.5081353 with plan md(40);?iv('toy')==True{g('toy')}->False
Generating request from task 500, time: 1787684443.281437
Generating request from task 501, time: 1787684443.281944
Added task 500, time: 1787684443.2935212
Added task 501, time: 1787684443.3254306
Output for task 500: tc(45);, time: 1787684443.3786724
Start executing task 500 for agent 14 on time 1787684443.379833 with plan tc(45);
Output for task 501: mu(40);?iv('book')==True{tp()}->False, time: 1787684443.467226
Start executing task 501 for agent 29 on time 1787684443.467919 with plan mu(40);?iv('book')==True{tp()}->False
Finish executing task 493 for agent 21 on time 1787684443.5063996 with plan tc(45);
Finish executing task 494 for agent 35 on time 1787684443.985613 with plan tc(30);
Finish executing task 499 for agent 1 on time 1787684443.9860268 with plan tc(30);
Finish executing task 496 for agent 16 on time 1787684443.9957688 with plan mu(40);?iv('book')==True{tp()}->False
Finish executing task 498 for agent 6 on time 1787684443.996055 with plan mu(40);?iv('book')==True{tp()}->False
Finish executing task 500 for agent 14 on time 1787684445.4910748 with plan tc(45);
Generating request from task 502, time: 1787684445.8186064
Generating request from task 503, time: 1787684445.8192203
Generating request from task 504, time: 1787684445.8195145
Generating request from task 505, time: 1787684445.8200564
Generating request from task 506, time: 1787684445.8210087
Added task 502, time: 1787684445.8329225
Added task 503, time: 1787684445.8662357
Added task 504, time: 1787684445.8918955
Added task 505, time: 1787684445.9136865
Added task 506, time: 1787684445.9326098
Finish executing task 501 for agent 29 on time 1787684445.9725285 with plan mu(40);?iv('book')==True{tp()}->False
Output for task 503: ?s('cat')==True{g('cat')};, time: 1787684446.0461981
Start executing task 503 for agent 31 on time 1787684446.047664 with plan ?s('cat')==True{g('cat')};
Output for task 502: ?s('scissors')==True{g('scissors')}->False, time: 1787684446.0727272
Start executing task 502 for agent 8 on time 1787684446.0738523 with plan ?s('scissors')==True{g('scissors')}->False
Output for task 504: mu(40);?iv('book')==True{tp()}->False, time: 1787684446.081836
Output for task 506: mu(40);?iv('book')==True{tp()}->False, time: 1787684446.0819683
Start executing task 506 for agent 36 on time 1787684446.0830474 with plan mu(40);?iv('book')==True{tp()}->False
Start executing task 504 for agent 12 on time 1787684446.0832603 with plan mu(40);?iv('book')==True{tp()}->False
Output for task 505: md(40);?iv('toy')==True{g('toy')}->False, time: 1787684446.0984085
Start executing task 505 for agent 7 on time 1787684446.0993345 with plan md(40);?iv('toy')==True{g('toy')}->False
Finish executing task 497 for agent 24 on time 1787684446.8148527 with plan md(40);?iv('toy')==True{g('toy')}->False
Finish executing task 495 for agent 13 on time 1787684446.815987 with plan md(40);?iv('toy')==True{g('toy')}->False
Generating request from task 507, time: 1787684446.8311522
Generating request from task 508, time: 1787684446.8316252
Generating request from task 509, time: 1787684446.831931
Generating request from task 510, time: 1787684446.8327413
Generating request from task 511, time: 1787684446.8337321
Generating request from task 512, time: 1787684446.8347228
Generating request from task 513, time: 1787684446.8357396
Generating request from task 514, time: 1787684446.8367078
Generating request from task 515, time: 1787684446.837714
Added task 507, time: 1787684446.8378718
Generating request from task 516, time: 1787684446.8387363
Generating request from task 517, time: 1787684446.8397107
Generating request from task 518, time: 1787684446.84072
Generating request from task 519, time: 1787684446.8417108
Generating request from task 520, time: 1787684446.84271
Generating request from task 521, time: 1787684446.8437812
Added task 508, time: 1787684446.8611066
Added task 509, time: 1787684446.8801851
Added task 510, time: 1787684446.8969598
Added task 511, time: 1787684446.9128447
Added task 512, time: 1787684446.928299
Added task 513, time: 1787684446.9439416
Added task 514, time: 1787684446.959779
Added task 515, time: 1787684446.9755807
Added task 516, time: 1787684446.9900336
Added task 517, time: 1787684447.003388
Added task 518, time: 1787684447.0168147
Added task 519, time: 1787684447.0306964
Output for task 507: tc(30);, time: 1787684447.0307584
Output for task 510: tc(30);, time: 1787684447.0308108
Start executing task 510 for agent 15 on time 1787684447.0344672 with plan tc(30);
Start executing task 507 for agent 22 on time 1787684447.035239 with plan tc(30);
Added task 520, time: 1787684447.046805
Added task 521, time: 1787684447.062347
Output for task 509: ?s('cat')==True{g('cat')};, time: 1787684447.1287124
Output for task 511: ?s('cat')==True{g('cat')};, time: 1787684447.128807
Start executing task 509 for agent 11 on time 1787684447.1326325 with plan ?s('cat')==True{g('cat')};
Start executing task 511 for agent 26 on time 1787684447.132906 with plan ?s('cat')==True{g('cat')};
Output for task 512: ?s('scissors')==True{g('scissors')}->False, time: 1787684447.1812603
Output for task 514: ?s('scissors')==True{g('scissors')}->False, time: 1787684447.1813877
Start executing task 512 for agent 9 on time 1787684447.185219 with plan ?s('scissors')==True{g('scissors')}->False
Start executing task 514 for agent 3 on time 1787684447.185411 with plan ?s('scissors')==True{g('scissors')}->False
Output for task 508: mu(40);?iv('book')==True{tp()}->False, time: 1787684447.21594
Output for task 517: tc(45);, time: 1787684447.216077
Start executing task 508 for agent 5 on time 1787684447.2168422 with plan mu(40);?iv('book')==True{tp()}->False
Start executing task 517 for agent 2 on time 1787684447.2200809 with plan tc(45);
Output for task 515: md(40);?iv('toy')==True{g('toy')}->False, time: 1787684447.2872167
Start executing task 515 for agent 39 on time 1787684447.2888646 with plan md(40);?iv('toy')==True{g('toy')}->False
Output for task 518: ?s('cat')==True{g('cat')};, time: 1787684447.2972965
Start executing task 518 for agent 38 on time 1787684447.2988422 with plan ?s('cat')==True{g('cat')};
Output for task 513: ?iv('keys')&iv('wallet')->{l('Yes');->True}l('No');->False, time: 1787684447.31648
Start executing task 513 for agent 17 on time 1787684447.31773 with plan ?iv('keys')&iv('wallet')->{l('Yes');->True}l('No');->False
Finish executing task 513 for agent 17 on time 1787684447.3221478 with plan ?iv('keys')&iv('wallet')->{l('Yes');->True}l('No');->False
Output for task 516: ?iv('keys')&iv('wallet')->{l('Yes');->True}l('No');->False, time: 1787684447.352232
Output for task 519: ?s('scissors')==True{g('scissors')}->False, time: 1787684447.3523238
Output for task 520: ?iv('boy')==True{tc(45)}->False;, time: 1787684447.352364
Start executing task 516 for agent 18 on time 1787684447.3532946 with plan ?iv('keys')&iv('wallet')->{l('Yes');->True}l('No');->False
Start executing task 519 for agent 20 on time 1787684447.3538582 with plan ?s('scissors')==True{g('scissors')}->False
Start executing task 520 for agent 33 on time 1787684447.3539977 with plan ?iv('boy')==True{tc(45)}->False;
Finish executing task 516 for agent 18 on time 1787684447.3579152 with plan ?iv('keys')&iv('wallet')->{l('Yes');->True}l('No');->False
Output for task 521: ?iv('boy')==True{tc(45)}->False;, time: 1787684447.361104
Start executing task 521 for agent 30 on time 1787684447.3616543 with plan ?iv('boy')==True{tc(45)}->False;
Finish executing task 506 for agent 36 on time 1787684448.5878856 with plan mu(40);?iv('book')==True{tp()}->False
Finish executing task 504 for agent 12 on time 1787684448.5884857 with plan mu(40);?iv('book')==True{tp()}->False
Finish executing task 517 for agent 2 on time 1787684449.3313754 with plan tc(45);
Finish executing task 510 for agent 15 on time 1787684449.6243598 with plan tc(30);
Finish executing task 507 for agent 22 on time 1787684449.6249278 with plan tc(30);
Finish executing task 508 for agent 5 on time 1787684449.721466 with plan mu(40);?iv('book')==True{tp()}->False
Finish executing task 502 for agent 8 on time 1787684450.095861 with plan ?s('scissors')==True{g('scissors')}->False
Finish executing task 514 for agent 3 on time 1787684451.205958 with plan ?s('scissors')==True{g('scissors')}->False
Finish executing task 512 for agent 9 on time 1787684451.2075686 with plan ?s('scissors')==True{g('scissors')}->False
Finish executing task 519 for agent 20 on time 1787684451.3754988 with plan ?s('scissors')==True{g('scissors')}->False
Finish executing task 505 for agent 7 on time 1787684451.4072835 with plan md(40);?iv('toy')==True{g('toy')}->False
Finish executing task 503 for agent 31 on time 1787684452.2289786 with plan ?s('cat')==True{g('cat')};
Finish executing task 520 for agent 33 on time 1787684452.3353078 with plan ?iv('boy')==True{tc(45)}->False;
Finish executing task 521 for agent 30 on time 1787684452.3445907 with plan ?iv('boy')==True{tc(45)}->False;
Finish executing task 515 for agent 39 on time 1787684452.5933049 with plan md(40);?iv('toy')==True{g('toy')}->False
Finish executing task 509 for agent 11 on time 1787684453.3141248 with plan ?s('cat')==True{g('cat')};
Finish executing task 511 for agent 26 on time 1787684453.3145792 with plan ?s('cat')==True{g('cat')};
Finish executing task 518 for agent 38 on time 1787684453.4798377 with plan ?s('cat')==True{g('cat')};
Generating request from task 522, time: 1787684454.910263
Generating request from task 523, time: 1787684454.910764
Generating request from task 524, time: 1787684454.9110754
Generating request from task 525, time: 1787684454.9113207
Generating request from task 526, time: 1787684454.9115515
Generating request from task 527, time: 1787684454.9117627
Generating request from task 528, time: 1787684454.9120069
Generating request from task 529, time: 1787684454.9122245
Generating request from task 530, time: 1787684454.9124422
Added task 522, time: 1787684454.921343
Added task 523, time: 1787684454.9474978
Added task 524, time: 1787684454.9679368
Added task 525, time: 1787684454.9857237
Added task 526, time: 1787684455.002271
Added task 527, time: 1787684455.0179887
Added task 528, time: 1787684455.0336359
Added task 529, time: 1787684455.0493162
Added task 530, time: 1787684455.0650463
Output for task 523: tc(30);, time: 1787684455.1040666
Output for task 528: tc(45);, time: 1787684455.1041758
Output for task 529: tc(45);, time: 1787684455.1042187
Start executing task 523 for agent 32 on time 1787684455.1078968 with plan tc(30);
Start executing task 528 for agent 41 on time 1787684455.1081371 with plan tc(45);
Start executing task 529 for agent 27 on time 1787684455.1087027 with plan tc(45);
Output for task 522: ?iv('boy')==True{tc(45)}->False;, time: 1787684455.2086565
Output for task 524: ?s('scissors')==True{g('scissors')}->False, time: 1787684455.2087476
Output for task 526: ?iv('boy')==True{tc(45)}->False;, time: 1787684455.2087915
Start executing task 522 for agent 10 on time 1787684455.2100854 with plan ?iv('boy')==True{tc(45)}->False;
Start executing task 524 for agent 0 on time 1787684455.2106025 with plan ?s('scissors')==True{g('scissors')}->False
Start executing task 526 for agent 25 on time 1787684455.211295 with plan ?iv('boy')==True{tc(45)}->False;
Output for task 525: mu(40);?iv('book')==True{tp()}->False, time: 1787684455.2182775
Output for task 527: mu(40);?iv('book')==True{tp()}->False, time: 1787684455.2183604
Start executing task 525 for agent 37 on time 1787684455.2192912 with plan mu(40);?iv('book')==True{tp()}->False
Start executing task 527 for agent 40 on time 1787684455.2196443 with plan mu(40);?iv('book')==True{tp()}->False
Output for task 530: ?iv('keys')&iv('wallet')->{l('Yes');->True}l('No');->False, time: 1787684455.3210855
Start executing task 530 for agent 28 on time 1787684455.3217928 with plan ?iv('keys')&iv('wallet')->{l('Yes');->True}l('No');->False
Finish executing task 530 for agent 28 on time 1787684455.3261814 with plan ?iv('keys')&iv('wallet')->{l('Yes');->True}l('No');->False
Generating request from task 531, time: 1787684455.8659794
Added task 531, time: 1787684455.8708634
Output for task 531: md(40);?iv('toy')==True{g('toy')}->False, time: 1787684456.0183058
Start executing task 531 for agent 4 on time 1787684456.019121 with plan md(40);?iv('toy')==True{g('toy')}->False
Finish executing task 528 for agent 41 on time 1787684457.219885 with plan tc(45);
Finish executing task 529 for agent 27 on time 1787684457.2202225 with plan tc(45);
Finish executing task 523 for agent 32 on time 1787684457.6978416 with plan tc(30);
Finish executing task 525 for agent 37 on time 1787684457.723661 with plan mu(40);?iv('book')==True{tp()}->False
Finish executing task 527 for agent 40 on time 1787684457.7240627 with plan mu(40);?iv('book')==True{tp()}->False
Finish executing task 524 for agent 0 on time 1787684459.2328491 with plan ?s('scissors')==True{g('scissors')}->False
Finish executing task 522 for agent 10 on time 1787684460.1932957 with plan ?iv('boy')==True{tc(45)}->False;
Finish executing task 526 for agent 25 on time 1787684460.1945245 with plan ?iv('boy')==True{tc(45)}->False;
Finish executing task 531 for agent 4 on time 1787684461.323408 with plan md(40);?iv('toy')==True{g('toy')}->False
